Year,GeoAreaName,Type of waste treatment,Value
2010,Albania,RECYCL,98366.0
2010,Albania,INCINRT_EGY,264.0
2012,Albania,RECYCL,42127.0
2012,Albania,INCINRT_EGY,139.0
2013,Albania,RECYCL,0.0
2014,Albania,LANDFIL,0.0
2014,Albania,OTHERWM,0.0
2014,Albania,INCINRT_EGY,2286.0
2014,Albania,RECYCL,56251.0
2014,Albania,INCINRT,0.0
2015,Albania,RECYCL,0.0
2016,Albania,RECYCL,57403.0
2016,Albania,INCINRT_EGY,4554.0
2018,Albania,RECYCL,55921.0
2018,Albania,INCINRT_EGY,11474.0
2020,Albania,RECYCL,78209.0
2020,Albania,INCINRT_EGY,5604.0
2000,Azerbaijan,RECYCL,11435.0
2000,Azerbaijan,LANDFIL,15348.0
2001,Azerbaijan,RECYCL,395.0
2001,Azerbaijan,LANDFIL,4532.0
2002,Azerbaijan,LANDFIL,1607.0
2002,Azerbaijan,RECYCL,728.0
2002,Azerbaijan,INCINRT,1007.0
2003,Azerbaijan,INCINRT,9747.0
2018,Denmark,LANDFIL,139322.0
2020,Denmark,RECYCL,9334607.0
2020,Denmark,OTHERWM,830.0
2020,Denmark,LANDFIL,95687.0
2020,Denmark,INCINRT_EGY,217250.0
2020,Denmark,INCINRT,939.0
2004,Estonia,OTHERWM,298.0
2004,Estonia,INCINRT,477.0
2004,Estonia,INCINRT_EGY,44094.0
2004,Estonia,LANDFIL,6643259.0
2006,Estonia,INCINRT,40.0
2006,Estonia,LANDFIL,6315240.0
2006,Estonia,OTHERWM,221300.0
2003,Azerbaijan,RECYCL,1359.0
2003,Azerbaijan,LANDFIL,386.0
2004,Azerbaijan,RECYCL,3836.0
2004,Azerbaijan,INCINRT,969.0
2004,Azerbaijan,LANDFIL,100360.0
2005,Azerbaijan,INCINRT,38.0
2005,Azerbaijan,RECYCL,4911.0
2005,Azerbaijan,LANDFIL,622.0
2006,Azerbaijan,INCINRT,25999.0
2006,Azerbaijan,RECYCL,3263.0
2006,Azerbaijan,LANDFIL,1406220.0
2006,Estonia,INCINRT_EGY,32647.0
2008,Estonia,OTHERWM,0.0
2008,Estonia,LANDFIL,6429778.0
2008,Estonia,INCINRT_EGY,36806.0
2008,Estonia,INCINRT,0.0
2010,Estonia,INCINRT,0.0
2010,Estonia,RECYCL,143043.0
2010,Estonia,INCINRT_EGY,15968.0
2010,Estonia,OTHERWM,0.0
2010,Estonia,LANDFIL,7979192.0
2012,Estonia,OTHERWM,0.0
2012,Estonia,INCINRT,38.0
2012,Estonia,RECYCL,22364.0
2007,Azerbaijan,RECYCL,4926.0
2007,Azerbaijan,LANDFIL,1510.0
2007,Azerbaijan,INCINRT,1241.0
2008,Azerbaijan,INCINRT,8599.0
2008,Azerbaijan,RECYCL,4741.0
2008,Azerbaijan,LANDFIL,55840.0
2009,Azerbaijan,LANDFIL,144517.7969
2009,Azerbaijan,RECYCL,18739.0996
2009,Azerbaijan,INCINRT,10401.2002
2010,Azerbaijan,LANDFIL,87314.6016
2010,Azerbaijan,INCINRT,58429.1016
2012,Estonia,LANDFIL,7466476.0
2012,Estonia,INCINRT_EGY,18666.0
2014,Estonia,INCINRT,20.0
2014,Estonia,LANDFIL,8983360.0
2014,Estonia,RECYCL,3220.0
2014,Estonia,INCINRT_EGY,15279.0
2014,Estonia,OTHERWM,0.0
2016,Estonia,INCINRT_EGY,12729.0
2016,Estonia,OTHERWM,0.0
2016,Estonia,INCINRT,59.0
2016,Estonia,LANDFIL,9232944.0
2016,Estonia,RECYCL,2739.0
2018,Estonia,RECYCL,2667.0
2010,Azerbaijan,RECYCL,5548.2002
2011,Azerbaijan,LANDFIL,97530.2969
2011,Azerbaijan,RECYCL,3619.1001
2011,Azerbaijan,INCINRT,37132.1016
2012,Azerbaijan,LANDFIL,84996.2031
2012,Azerbaijan,RECYCL,6316.6001
2012,Azerbaijan,INCINRT,113898.3984
2013,Azerbaijan,LANDFIL,65401.1016
2013,Azerbaijan,INCINRT,86426.5
2013,Azerbaijan,RECYCL,618.4
2014,Azerbaijan,INCINRT,111309.5
2018,Estonia,INCINRT_EGY,16345.0
2018,Estonia,INCINRT,43.0
2018,Estonia,LANDFIL,10068058.0
2018,Estonia,OTHERWM,0.0
2020,Estonia,INCINRT,4.0
2020,Estonia,OTHERWM,0.0
2020,Estonia,LANDFIL,979835.0
2020,Estonia,INCINRT_EGY,7004.0
2004,Finland,LANDFIL,1818793.0
2004,Finland,INCINRT,93676.0
2004,Finland,OTHERWM,666.0
2004,Finland,INCINRT_EGY,147958.0
2006,Finland,OTHERWM,54.0
2014,Azerbaijan,LANDFIL,414633.5938
2014,Azerbaijan,RECYCL,3163.3999
2015,Azerbaijan,LANDFIL,166965.0938
2015,Azerbaijan,INCINRT,210858.0
2015,Azerbaijan,RECYCL,5174.8999
2016,Azerbaijan,INCINRT,25923.0
2016,Azerbaijan,RECYCL,47845.0
2016,Azerbaijan,LANDFIL,634000.0
2017,Azerbaijan,LANDFIL,175613.0
2017,Azerbaijan,INCINRT,35772.0
2017,Azerbaijan,RECYCL,5452.0
2006,Finland,LANDFIL,1738261.0
2006,Finland,INCINRT,79679.0
2006,Finland,INCINRT_EGY,91502.0
2008,Finland,INCINRT_EGY,57879.0
2008,Finland,OTHERWM,152.0
2008,Finland,INCINRT,112686.0
2008,Finland,LANDFIL,1721934.0
2010,Finland,OTHERWM,4030.0
2010,Finland,INCINRT,141509.0
2010,Finland,RECYCL,245358.0
2010,Finland,LANDFIL,877708.0
2010,Finland,INCINRT_EGY,60107.0
2012,Finland,RECYCL,454933.0
2018,Azerbaijan,RECYCL,5725.0
2018,Azerbaijan,LANDFIL,213653.0
2018,Azerbaijan,INCINRT,64222.0
2019,Azerbaijan,LANDFIL,174795.0
2019,Azerbaijan,RECYCL,13484.0
2019,Azerbaijan,INCINRT,66171.0
2020,Azerbaijan,LANDFIL,219002.0
2020,Azerbaijan,INCINRT,61429.0
2020,Azerbaijan,RECYCL,15939.0
2021,Azerbaijan,INCINRT,102494.0
2021,Azerbaijan,RECYCL,5787.0
2012,Finland,INCINRT_EGY,68000.0
2012,Finland,OTHERWM,6565.0
2012,Finland,LANDFIL,950554.0
2012,Finland,INCINRT,107476.0
2014,Finland,INCINRT_EGY,45705.0
2014,Finland,LANDFIL,1551237.0
2014,Finland,RECYCL,411036.0
2014,Finland,INCINRT,149463.0
2014,Finland,OTHERWM,363431.0
2016,Finland,RECYCL,385016.0
2016,Finland,INCINRT_EGY,125313.0
2016,Finland,LANDFIL,1723271.0
2016,Finland,OTHERWM,5239.0
2021,Azerbaijan,LANDFIL,190761.0
2004,Austria,INCINRT,150206.0
2004,Austria,OTHERWM,0.0
2004,Austria,INCINRT_EGY,35668.0
2004,Austria,LANDFIL,43465.0
2006,Austria,INCINRT,79972.0
2006,Austria,LANDFIL,0.0
2006,Austria,INCINRT_EGY,73195.0
2006,Austria,OTHERWM,0.0
2008,Austria,INCINRT,77201.0
2008,Austria,INCINRT_EGY,83500.0
2008,Austria,LANDFIL,45033.0
2008,Austria,OTHERWM,0.0
2010,Austria,INCINRT_EGY,88184.0
2010,Austria,OTHERWM,0.0
2010,Austria,RECYCL,1117841.0
2010,Austria,LANDFIL,47959.0
2010,Austria,INCINRT,67983.0
2012,Austria,RECYCL,1158065.0
2012,Austria,OTHERWM,0.0
2012,Austria,INCINRT,62905.0
2012,Austria,LANDFIL,59046.0
2012,Austria,INCINRT_EGY,130516.0
2014,Austria,RECYCL,1492430.0
2014,Austria,OTHERWM,0.0
2014,Austria,LANDFIL,60260.0
2016,Austria,LANDFIL,66429.0
2016,Austria,OTHERWM,0.0
2016,Austria,RECYCL,926403.0
2018,Austria,RECYCL,1728815.0
2016,Finland,INCINRT,42460.0
2018,Finland,LANDFIL,1329817.0
2018,Finland,OTHERWM,4012.0
2018,Finland,INCINRT_EGY,94513.0
2018,Finland,RECYCL,372532.0
2018,Finland,INCINRT,84304.0
2020,Finland,RECYCL,1819547.0
2020,Finland,LANDFIL,2614967.0
2020,Finland,INCINRT_EGY,116280.0
2020,Finland,OTHERWM,1515977.0
2020,Finland,INCINRT,104023.0
2004,France,INCINRT_EGY,2332000.0
2004,France,INCINRT,37000.0
2004,France,LANDFIL,1707000.0
2004,France,OTHERWM,0.0
2006,France,LANDFIL,1769040.0
2006,France,INCINRT,1220900.0
2006,France,OTHERWM,300.0
2006,France,INCINRT_EGY,1630100.0
2008,France,LANDFIL,2120360.0
2008,France,INCINRT_EGY,1042501.0
2008,France,OTHERWM,0.0
2008,France,INCINRT,1228645.0
2010,France,INCINRT_EGY,1083008.0
2018,Austria,OTHERWM,0.0
2018,Austria,LANDFIL,73286.0
2020,Austria,RECYCL,1153284.0
2020,Austria,LANDFIL,80681.0
2020,Austria,OTHERWM,0.0
2000,Armenia,LANDFIL,381578.0
2000,Armenia,INCINRT,0.0
2000,Armenia,RECYCL,0.0
2001,Armenia,RECYCL,0.0
2001,Armenia,INCINRT,0.0
2001,Armenia,LANDFIL,375500.0
2002,Armenia,RECYCL,0.0
2002,Armenia,LANDFIL,377900.0
2002,Armenia,INCINRT,0.0
2003,Armenia,RECYCL,0.0
2003,Armenia,INCINRT,0.0
2003,Armenia,LANDFIL,344095.0
2004,Armenia,LANDFIL,351400.0
2004,Armenia,INCINRT,0.0
2004,Armenia,RECYCL,0.0
2005,Armenia,INCINRT,0.0
2005,Armenia,RECYCL,0.0
2005,Armenia,LANDFIL,346325.0
2010,France,LANDFIL,2729389.0
2010,France,OTHERWM,0.0
2010,France,RECYCL,26371.0
2010,France,INCINRT,1306167.0
2012,France,OTHERWM,0.0
2012,France,INCINRT,1422701.0
2012,France,INCINRT_EGY,1103481.0
2012,France,RECYCL,54660.0
2012,France,LANDFIL,2838870.0
2014,France,INCINRT,1520287.0
2014,France,INCINRT_EGY,1046249.0
2006,Armenia,INCINRT,0.0
2006,Armenia,RECYCL,0.0
2006,Armenia,LANDFIL,352279.0
2007,Armenia,INCINRT,0.0
2007,Armenia,RECYCL,0.0
2007,Armenia,LANDFIL,362275.0
2008,Armenia,INCINRT,1359.0
2008,Armenia,LANDFIL,433537.53125
2008,Armenia,RECYCL,2362.0
2009,Armenia,INCINRT,456.0
2009,Armenia,RECYCL,2340.0
2009,Armenia,LANDFIL,438227.5625
2010,Armenia,LANDFIL,432811.78125
2010,Armenia,RECYCL,2286.0
2010,Armenia,INCINRT,300.0
2011,Armenia,INCINRT,12.0
2011,Armenia,RECYCL,5154.0
2011,Armenia,LANDFIL,457729.8125
2012,Armenia,LANDFIL,460844.6875
2014,France,RECYCL,44649.0
2014,France,LANDFIL,2672055.0
2014,France,OTHERWM,0.0
2016,France,INCINRT_EGY,1098465.0
2016,France,LANDFIL,2322485.0
2016,France,RECYCL,55565.0
2016,France,OTHERWM,0.0
2016,France,INCINRT,1514417.0
2018,France,LANDFIL,3285021.0
2018,France,INCINRT,1778037.0
2018,France,OTHERWM,0.0
2018,France,RECYCL,67651.0
2018,France,INCINRT_EGY,1110043.0
2020,France,RECYCL,88332.0
2020,France,OTHERWM,0.0
2020,France,INCINRT_EGY,1105699.0
2020,France,LANDFIL,2886539.0
2020,France,INCINRT,1691252.0
2004,Georgia,RECYCL,0.0
2004,Georgia,INCINRT,0.0
2004,Georgia,LANDFIL,0.0
2005,Georgia,LANDFIL,0.0
2005,Georgia,RECYCL,0.0
2005,Georgia,INCINRT,0.0
2004,Germany,INCINRT_EGY,1741450.0
2004,Germany,INCINRT,1436474.0
2004,Germany,OTHERWM,809186.0
2004,Germany,LANDFIL,5570009.0
2006,Germany,OTHERWM,575094.0
2006,Germany,LANDFIL,4826070.0
2006,Germany,INCINRT,1351419.0
2006,Germany,INCINRT_EGY,1813661.0
2008,Germany,INCINRT,1543961.0
2008,Germany,LANDFIL,5215311.0
2008,Germany,OTHERWM,158200.0
2008,Germany,INCINRT_EGY,2390370.0
2010,Germany,INCINRT_EGY,2592474.0
2010,Germany,RECYCL,933398.0
2010,Germany,LANDFIL,3983980.0
2010,Germany,OTHERWM,44315.0
2010,Germany,INCINRT,1128772.0
2012,Germany,RECYCL,1568605.0
2012,Germany,INCINRT,1142653.0
2012,Germany,LANDFIL,4863231.0
2012,Germany,INCINRT_EGY,3169878.0
2012,Germany,OTHERWM,24121.0
2014,Germany,INCINRT_EGY,2788642.0
2014,Germany,RECYCL,1316434.0
2014,Germany,INCINRT,1263306.0
2014,Germany,LANDFIL,4649719.0
2014,Germany,OTHERWM,37402.0
2016,Germany,OTHERWM,40074.0
2016,Germany,RECYCL,214601.0
2016,Germany,INCINRT,1056183.0
2016,Germany,INCINRT_EGY,2954075.0
2016,Germany,LANDFIL,5215508.0
2018,Germany,OTHERWM,42420.0
2018,Germany,LANDFIL,5800429.0
2012,Armenia,INCINRT,167.39999
2012,Armenia,RECYCL,7983.0
2013,Armenia,INCINRT,17.0
2013,Armenia,RECYCL,4059.0
2013,Armenia,LANDFIL,574973.8125
2014,Armenia,LANDFIL,571750.375
2014,Armenia,RECYCL,2290.0
2014,Armenia,INCINRT,2379.0
2015,Armenia,RECYCL,3766.80005
2015,Armenia,LANDFIL,551020.0625
2015,Armenia,INCINRT,289.70001
2016,Armenia,RECYCL,12948.29981
2018,Germany,INCINRT,945280.0
2018,Germany,INCINRT_EGY,3128166.0
2018,Germany,RECYCL,615843.0
2020,Germany,OTHERWM,16715.0
2020,Germany,INCINRT,1040575.0
2020,Germany,LANDFIL,5427389.0
2020,Germany,INCINRT_EGY,3066914.0
2020,Germany,RECYCL,487713.0
2004,Greece,OTHERWM,0.0
2004,Greece,INCINRT,27.0
2004,Greece,LANDFIL,143971.0
2004,Greece,INCINRT_EGY,2979.0
2006,Greece,INCINRT_EGY,7517.0
2006,Greece,LANDFIL,33118.0
2006,Greece,OTHERWM,0.0
2006,Greece,INCINRT,13404.0
2008,Greece,LANDFIL,15748.0
2008,Greece,OTHERWM,0.0
2008,Greece,INCINRT,4449.0
2008,Greece,INCINRT_EGY,7884.0
2010,Greece,INCINRT,3772.0
2010,Greece,RECYCL,1618549.0
2010,Greece,INCINRT_EGY,4020.0
2010,Greece,LANDFIL,11910.0
2010,Greece,OTHERWM,112.0
2012,Greece,INCINRT_EGY,3006.0
2012,Greece,OTHERWM,0.0
2012,Greece,INCINRT,3170.0
2012,Greece,LANDFIL,16997.0
2012,Greece,RECYCL,1612927.0
2014,Greece,RECYCL,1658969.0
2014,Greece,INCINRT,2937.0
2014,Greece,LANDFIL,19303.0
2014,Greece,INCINRT_EGY,3211.0
2014,Greece,OTHERWM,0.0
2016,Greece,INCINRT_EGY,20632.0
2016,Greece,OTHERWM,0.0
2016,Greece,LANDFIL,0.0
2016,Armenia,LANDFIL,601917.375
2016,Armenia,INCINRT,604.90002
2017,Armenia,LANDFIL,535594.0
2017,Armenia,INCINRT,582.79999
2017,Armenia,RECYCL,1636.90002
2018,Armenia,INCINRT,1680.40002
2018,Armenia,RECYCL,4344.5
2018,Armenia,LANDFIL,504833.59375
2019,Armenia,LANDFIL,553544.625
2019,Armenia,RECYCL,16063.0
2019,Armenia,INCINRT,929.40002
2004,Belgium,LANDFIL,1306543.0
2016,Greece,INCINRT,4649.0
2016,Greece,RECYCL,1570261.0
2018,Greece,RECYCL,1629967.0
2018,Greece,OTHERWM,0.0
2018,Greece,INCINRT,3845.0
2018,Greece,LANDFIL,16340.0
2018,Greece,INCINRT_EGY,26091.0
2020,Greece,INCINRT_EGY,28375.0
2020,Greece,LANDFIL,18790.0
2020,Greece,RECYCL,1555966.0
2020,Greece,OTHERWM,0.0
2020,Greece,INCINRT,3478.0
2004,Hungary,INCINRT,49226.0
2004,Hungary,OTHERWM,0.0
2004,Hungary,INCINRT_EGY,41153.0
2004,Hungary,LANDFIL,81207.0
2006,Hungary,INCINRT_EGY,62467.0
2006,Hungary,LANDFIL,836448.0
2006,Hungary,OTHERWM,0.0
2006,Hungary,INCINRT,66784.0
2008,Hungary,INCINRT,59036.0
2008,Hungary,LANDFIL,215076.0
2008,Hungary,INCINRT_EGY,39591.0
2008,Hungary,OTHERWM,0.0
2010,Hungary,INCINRT,69452.0
2010,Hungary,OTHERWM,0.0
2010,Hungary,RECYCL,73.0
2010,Hungary,INCINRT_EGY,25670.0
2010,Hungary,LANDFIL,87068.0
2012,Hungary,OTHERWM,0.0
2012,Hungary,LANDFIL,155827.0
2012,Hungary,INCINRT_EGY,19699.0
2012,Hungary,RECYCL,0.0
2012,Hungary,INCINRT,76829.0
2014,Hungary,OTHERWM,0.0
2014,Hungary,INCINRT,81181.0
2014,Hungary,LANDFIL,85563.0
2014,Hungary,INCINRT_EGY,21541.0
2014,Hungary,RECYCL,0.0
2016,Hungary,INCINRT,74222.0
2016,Hungary,RECYCL,0.0
2016,Hungary,OTHERWM,0.0
2016,Hungary,LANDFIL,69187.0
2016,Hungary,INCINRT_EGY,24876.0
2018,Hungary,INCINRT_EGY,36893.0
2018,Hungary,INCINRT,75073.0
2018,Hungary,RECYCL,0.0
2018,Hungary,OTHERWM,0.0
2018,Hungary,LANDFIL,87704.0
2004,Belgium,INCINRT,193790.0
2004,Belgium,INCINRT_EGY,165211.0
2004,Belgium,OTHERWM,0.0
2006,Belgium,INCINRT,160202.0
2006,Belgium,OTHERWM,0.0
2006,Belgium,INCINRT_EGY,442981.0
2006,Belgium,LANDFIL,283073.0
2008,Belgium,INCINRT_EGY,368644.0
2008,Belgium,INCINRT,155556.0
2008,Belgium,LANDFIL,443605.0
2008,Belgium,OTHERWM,0.0
2010,Belgium,INCINRT,158400.0
2010,Belgium,OTHERWM,0.0
2020,Hungary,LANDFIL,96313.0
2020,Hungary,RECYCL,0.0
2020,Hungary,INCINRT,78516.0
2020,Hungary,INCINRT_EGY,35025.0
2020,Hungary,OTHERWM,0.0
2004,Iceland,INCINRT,4500.0
2004,Iceland,INCINRT_EGY,4500.0
2004,Iceland,OTHERWM,0.0
2004,Iceland,LANDFIL,2000.0
2008,Iceland,INCINRT,0.0
2008,Iceland,LANDFIL,129039.0
2008,Iceland,INCINRT_EGY,729.0
2008,Iceland,OTHERWM,0.0
2010,Belgium,INCINRT_EGY,214337.0
2010,Belgium,LANDFIL,981568.0
2010,Belgium,RECYCL,58195.0
2012,Belgium,INCINRT_EGY,114014.0
2012,Belgium,OTHERWM,0.0
2012,Belgium,LANDFIL,739347.0
2012,Belgium,INCINRT,186829.0
2012,Belgium,RECYCL,61337.0
2014,Belgium,LANDFIL,960148.0
2014,Belgium,OTHERWM,0.0
2014,Belgium,INCINRT_EGY,134510.0
2014,Belgium,RECYCL,151901.0
2014,Belgium,INCINRT,287112.0
2010,Iceland,INCINRT,0.0
2010,Iceland,INCINRT_EGY,187.0
2010,Iceland,LANDFIL,1386.0
2010,Iceland,OTHERWM,0.0
2012,Iceland,OTHERWM,0.0
2012,Iceland,INCINRT_EGY,132.0
2012,Iceland,INCINRT,0.0
2012,Iceland,LANDFIL,758.0
2014,Iceland,INCINRT_EGY,1303.0
2014,Iceland,INCINRT,732.0
2014,Iceland,LANDFIL,10106.0
2014,Iceland,OTHERWM,0.0
2016,Iceland,INCINRT_EGY,2358.0
2016,Belgium,OTHERWM,0.0
2016,Belgium,LANDFIL,1219738.0
2016,Belgium,RECYCL,112277.0
2016,Belgium,INCINRT,258006.0
2016,Belgium,INCINRT_EGY,160745.0
2018,Belgium,RECYCL,253467.0
2018,Belgium,LANDFIL,1538654.0
2018,Belgium,OTHERWM,0.0
2018,Belgium,INCINRT_EGY,142024.0
2018,Belgium,INCINRT,357688.0
2020,Belgium,OTHERWM,0.0
2020,Belgium,LANDFIL,1266537.0
2020,Belgium,INCINRT_EGY,175783.0
2020,Belgium,RECYCL,332170.0
2020,Belgium,INCINRT,141517.0
2001,Bosnia and Herzegovina,INCINRT,0.0
2002,Bosnia and Herzegovina,INCINRT,0.0
2003,Bosnia and Herzegovina,INCINRT,0.0
2004,Bosnia and Herzegovina,INCINRT,0.0
2005,Bosnia and Herzegovina,INCINRT,0.0
2006,Bosnia and Herzegovina,INCINRT,0.0
2007,Bosnia and Herzegovina,INCINRT,0.0
2008,Bosnia and Herzegovina,INCINRT,0.0
2009,Bosnia and Herzegovina,INCINRT,0.0
2010,Bosnia and Herzegovina,INCINRT,0.0
2016,Iceland,OTHERWM,0.0
2016,Iceland,INCINRT,1352.0
2016,Iceland,LANDFIL,26531.0
2018,Iceland,OTHERWM,810.0
2018,Iceland,INCINRT_EGY,8.0
2018,Iceland,INCINRT,1277.0
2018,Iceland,LANDFIL,13490.0
2004,Ireland,OTHERWM,0.0
2004,Ireland,INCINRT,37303.0
2004,Ireland,INCINRT_EGY,6025.0
2004,Ireland,LANDFIL,13675.0
2006,Ireland,INCINRT,35121.0
2006,Ireland,INCINRT_EGY,9919.0
2011,Bosnia and Herzegovina,INCINRT,0.0
2012,Bosnia and Herzegovina,INCINRT,0.0
2016,Bosnia and Herzegovina,RECYCL,0.0
2020,Bosnia and Herzegovina,RECYCL,0.0
2004,Bulgaria,OTHERWM,0.0
2004,Bulgaria,INCINRT,44984.0
2004,Bulgaria,INCINRT_EGY,322.0
2004,Bulgaria,LANDFIL,11981941.0
2006,Bulgaria,INCINRT_EGY,782.0
2006,Bulgaria,OTHERWM,0.0
2006,Bulgaria,INCINRT,81641.0
2006,Bulgaria,LANDFIL,13302797.0
2006,Ireland,LANDFIL,13790.0
2006,Ireland,OTHERWM,24.0
2008,Ireland,LANDFIL,12583.0
2008,Ireland,INCINRT,20897.0
2008,Ireland,INCINRT_EGY,36297.0
2008,Ireland,OTHERWM,1.0
2010,Ireland,OTHERWM,0.0
2010,Ireland,INCINRT_EGY,44605.0
2010,Ireland,RECYCL,88500.0
2010,Ireland,LANDFIL,21011.0
2010,Ireland,INCINRT,19676.0
2012,Ireland,LANDFIL,15853.0
2008,Bulgaria,INCINRT,49759.0
2008,Bulgaria,OTHERWM,0.0
2008,Bulgaria,LANDFIL,12846297.0
2008,Bulgaria,INCINRT_EGY,0.0
2010,Bulgaria,RECYCL,391266.0
2010,Bulgaria,INCINRT,1762.0
2010,Bulgaria,LANDFIL,13501203.0
2010,Bulgaria,INCINRT_EGY,0.0
2010,Bulgaria,OTHERWM,0.0
2012,Bulgaria,OTHERWM,164883.0
2012,Bulgaria,RECYCL,356786.0
2012,Bulgaria,INCINRT,5352.0
2012,Ireland,INCINRT,13386.0
2012,Ireland,RECYCL,84931.0
2012,Ireland,OTHERWM,0.0
2012,Ireland,INCINRT_EGY,17508.0
2014,Ireland,OTHERWM,19200.0
2014,Ireland,INCINRT_EGY,32436.0
2014,Ireland,LANDFIL,37741.0
2014,Ireland,RECYCL,89564.0
2014,Ireland,INCINRT,13121.0
2016,Ireland,RECYCL,394126.0
2016,Ireland,OTHERWM,816.0
2016,Ireland,INCINRT,7488.0
2012,Bulgaria,INCINRT_EGY,188.0
2012,Bulgaria,LANDFIL,13322743.0
2014,Bulgaria,LANDFIL,12017033.0
2014,Bulgaria,INCINRT_EGY,333.0
2014,Bulgaria,OTHERWM,163064.0
2014,Bulgaria,RECYCL,222970.0
2014,Bulgaria,INCINRT,7171.0
2016,Bulgaria,LANDFIL,13059515.0
2016,Bulgaria,INCINRT_EGY,659.0
2016,Bulgaria,INCINRT,5259.0
2016,Bulgaria,OTHERWM,13021325.0
2016,Bulgaria,RECYCL,248036.0
2016,Ireland,LANDFIL,19120.0
2016,Ireland,INCINRT_EGY,34932.0
2018,Ireland,LANDFIL,15014.0
2018,Ireland,INCINRT,6846.0
2018,Ireland,INCINRT_EGY,71825.0
2018,Ireland,RECYCL,453667.0
2018,Ireland,OTHERWM,0.0
2020,Ireland,RECYCL,418032.0
2004,Italy,INCINRT_EGY,189364.0
2004,Italy,OTHERWM,0.0
2004,Italy,LANDFIL,615182.0
2018,Bulgaria,OTHERWM,13215461.0
2018,Bulgaria,LANDFIL,13295635.0
2018,Bulgaria,RECYCL,232003.0
2018,Bulgaria,INCINRT,3814.0
2018,Bulgaria,INCINRT_EGY,5016.0
2020,Bulgaria,RECYCL,265969.0
2020,Bulgaria,INCINRT_EGY,24566.0
2020,Bulgaria,LANDFIL,13336987.0
2020,Bulgaria,INCINRT,98152.0
2020,Bulgaria,OTHERWM,13293040.0
2005,Belarus,INCINRT,50200.0
2005,Belarus,OTHERWM,0.0
2004,Italy,INCINRT,539697.0
2006,Italy,LANDFIL,518527.0
2006,Italy,OTHERWM,0.0
2006,Italy,INCINRT,506582.0
2006,Italy,INCINRT_EGY,133011.0
2008,Italy,INCINRT,448750.0
2008,Italy,INCINRT_EGY,143783.0
2008,Italy,LANDFIL,690629.0
2008,Italy,OTHERWM,0.0
2005,Belarus,LANDFIL,19200.0
2005,Belarus,RECYCL,227400.0
2006,Belarus,INCINRT,54200.0
2006,Belarus,RECYCL,252900.0
2006,Belarus,OTHERWM,0.0
2006,Belarus,LANDFIL,16800.0
2007,Belarus,OTHERWM,0.0
2007,Belarus,RECYCL,344700.0
2007,Belarus,LANDFIL,34300.0
2010,Italy,INCINRT_EGY,120836.0
2010,Italy,RECYCL,14552.0
2010,Italy,INCINRT,382719.0
2010,Italy,OTHERWM,0.0
2010,Italy,LANDFIL,736999.0
2012,Italy,LANDFIL,1063650.0
2012,Italy,OTHERWM,0.0
2012,Italy,RECYCL,7652.0
2012,Italy,INCINRT,393680.0
2012,Italy,INCINRT_EGY,164144.0
2007,Belarus,INCINRT,41400.0
2008,Belarus,RECYCL,437100.0
2008,Belarus,INCINRT,39600.0
2008,Belarus,LANDFIL,61200.0
2008,Belarus,OTHERWM,0.0
2009,Belarus,LANDFIL,100000.0
2009,Belarus,RECYCL,675200.0
2009,Belarus,OTHERWM,0.0
2009,Belarus,INCINRT,34600.0
2014,Italy,INCINRT,407142.0
2014,Italy,INCINRT_EGY,76739.0
2014,Italy,OTHERWM,0.0
2014,Italy,RECYCL,14616.0
2014,Italy,LANDFIL,1268619.0
2016,Italy,INCINRT_EGY,123032.0
2016,Italy,LANDFIL,1289000.0
2016,Italy,INCINRT,374739.0
2016,Italy,RECYCL,12397.0
2016,Italy,OTHERWM,0.0
2010,Belarus,OTHERWM,0.0
2010,Belarus,RECYCL,774900.0
2010,Belarus,INCINRT,46000.0
2010,Belarus,LANDFIL,136600.0
2011,Belarus,LANDFIL,83700.0
2011,Belarus,OTHERWM,0.0
2011,Belarus,RECYCL,827600.0
2011,Belarus,INCINRT,57100.0
2012,Belarus,INCINRT,29050.0
2018,Italy,INCINRT_EGY,113443.0
2018,Italy,OTHERWM,0.0
2018,Italy,LANDFIL,1280412.0
2018,Italy,INCINRT,424890.0
2018,Italy,RECYCL,15504.0
2020,Italy,INCINRT,383737.0
2020,Italy,RECYCL,21044.0
2020,Italy,INCINRT_EGY,145172.0
2020,Italy,LANDFIL,1315206.0
2020,Italy,OTHERWM,0.0
2012,Belarus,OTHERWM,0.0
2012,Belarus,LANDFIL,123680.0
2012,Belarus,RECYCL,1324330.0
2013,Belarus,INCINRT,21250.0
2013,Belarus,LANDFIL,124720.0
2013,Belarus,OTHERWM,0.0
2013,Belarus,RECYCL,1091670.0
2014,Belarus,LANDFIL,153560.0
2014,Belarus,OTHERWM,0.0
2004,Kazakhstan,RECYCL,17680272.0
2004,Kazakhstan,LANDFIL,170632.29688
2004,Kazakhstan,INCINRT,91314.0
2004,Kazakhstan,OTHERWM,10461900.0
2005,Kazakhstan,LANDFIL,104829.99219
2005,Kazakhstan,OTHERWM,6427427.0
2005,Kazakhstan,INCINRT,56099.83594
2005,Kazakhstan,RECYCL,10862084.0
2006,Kazakhstan,LANDFIL,365585.53125
2006,Kazakhstan,INCINRT,195643.32813
2006,Kazakhstan,RECYCL,37880576.0
2006,Kazakhstan,OTHERWM,22414692.0
2014,Belarus,INCINRT,59290.0
2014,Belarus,RECYCL,1242210.0
2015,Belarus,OTHERWM,0.0
2015,Belarus,RECYCL,889780.0
2015,Belarus,LANDFIL,99280.0
2015,Belarus,INCINRT,24510.0
2016,Belarus,RECYCL,1201580.0
2016,Belarus,INCINRT,33810.0
2016,Belarus,OTHERWM,0.0
2007,Kazakhstan,OTHERWM,42712852.0
2007,Kazakhstan,LANDFIL,2168479.75
2007,Kazakhstan,RECYCL,237619312.0
2007,Kazakhstan,INCINRT,1227241.875
2008,Kazakhstan,INCINRT,1449912.25
2008,Kazakhstan,OTHERWM,85110312.0
2008,Kazakhstan,LANDFIL,2561928.0
2008,Kazakhstan,RECYCL,280732896.0
2009,Kazakhstan,RECYCL,59162456.0
2009,Kazakhstan,INCINRT,305558.6875
2009,Kazakhstan,LANDFIL,570977.0
2009,Kazakhstan,OTHERWM,46028780.0
2016,Belarus,LANDFIL,115960.0
2017,Belarus,RECYCL,1047870.0
2017,Belarus,INCINRT,49820.0
2017,Belarus,OTHERWM,0.0
2017,Belarus,LANDFIL,110730.0
2018,Belarus,LANDFIL,123918.0
2018,Belarus,RECYCL,2041936.0
2018,Belarus,OTHERWM,0.0
2018,Belarus,INCINRT,29069.0
2010,Kazakhstan,LANDFIL,4484692.0
2010,Kazakhstan,RECYCL,19586874.0
2010,Kazakhstan,INCINRT,648117.5
2010,Kazakhstan,OTHERWM,60562972.0
2011,Kazakhstan,LANDFIL,8948527.0
2011,Kazakhstan,OTHERWM,53548652.0
2011,Kazakhstan,INCINRT,577116.8125
2011,Kazakhstan,RECYCL,45027776.0
2012,Kazakhstan,LANDFIL,980434.9375
2012,Kazakhstan,INCINRT_EGY,50469.28125
2012,Kazakhstan,INCINRT,908047.25
2012,Kazakhstan,OTHERWM,30235016.0
2019,Belarus,INCINRT,30330.0
2019,Belarus,OTHERWM,0.0
2019,Belarus,RECYCL,1505210.0
2019,Belarus,LANDFIL,177170.0
2020,Belarus,LANDFIL,134146.0
2020,Belarus,RECYCL,1759552.0
2020,Belarus,OTHERWM,0.0
2020,Belarus,INCINRT,17809.0
2021,Belarus,INCINRT,18697.0
2012,Kazakhstan,RECYCL,94720088.0
2013,Kazakhstan,LANDFIL,484519.59375
2013,Kazakhstan,RECYCL,81826296.0
2013,Kazakhstan,INCINRT_EGY,20354.35156
2013,Kazakhstan,OTHERWM,92899440.0
2013,Kazakhstan,INCINRT,511195.25
2014,Kazakhstan,OTHERWM,20470682.0
2014,Kazakhstan,RECYCL,110138368.0
2014,Kazakhstan,LANDFIL,581783.6875
2014,Kazakhstan,INCINRT_EGY,75677.98438
2014,Kazakhstan,INCINRT,416856.03125
2015,Kazakhstan,RECYCL,74131552.0
2015,Kazakhstan,INCINRT,421800.03125
2015,Kazakhstan,LANDFIL,676513.875
2015,Kazakhstan,INCINRT_EGY,38929.85156
2015,Kazakhstan,OTHERWM,11139415.0
2016,Kazakhstan,INCINRT_EGY,50459.4375
2016,Kazakhstan,INCINRT,378135.65625
2016,Kazakhstan,OTHERWM,18873426.0
2016,Kazakhstan,LANDFIL,679065.1875
2016,Kazakhstan,RECYCL,33279666.0
2017,Kazakhstan,RECYCL,190401152.0
2017,Kazakhstan,OTHERWM,208317504.0
2017,Kazakhstan,LANDFIL,454900.0
2017,Kazakhstan,INCINRT,384536.90625
2017,Kazakhstan,INCINRT_EGY,128863.5
2018,Kazakhstan,INCINRT_EGY,137908.70313
2018,Kazakhstan,LANDFIL,21854200.0
2018,Kazakhstan,OTHERWM,484694784.0
2021,Belarus,OTHERWM,0.0
2021,Belarus,RECYCL,1484471.0
2021,Belarus,LANDFIL,160872.0
2000,Croatia,OTHERWM,2000.0
2004,Croatia,INCINRT_EGY,19062.0
2004,Croatia,LANDFIL,14078.0
2004,Croatia,OTHERWM,3417.0
2004,Croatia,INCINRT,41.0
2006,Croatia,LANDFIL,562856.0
2006,Croatia,INCINRT,47133.0
2006,Croatia,OTHERWM,2054.0
2006,Croatia,INCINRT_EGY,823.0
2008,Croatia,INCINRT,402.0
2008,Croatia,LANDFIL,3246.0
2008,Croatia,OTHERWM,9466.0
2008,Croatia,INCINRT_EGY,5250.0
2010,Croatia,RECYCL,1866212.0
2010,Croatia,OTHERWM,58.0
2010,Croatia,INCINRT_EGY,28817.0
2010,Croatia,LANDFIL,8793.0
2010,Croatia,INCINRT,4573.0
2011,Croatia,OTHERWM,61.0
2012,Croatia,INCINRT,45.0
2018,Kazakhstan,INCINRT,367620.40625
2018,Kazakhstan,RECYCL,29625610.0
2019,Kazakhstan,OTHERWM,333937408.0
2019,Kazakhstan,LANDFIL,26465500.0
2019,Kazakhstan,RECYCL,36087352.0
2019,Kazakhstan,INCINRT_EGY,99202.64844
2019,Kazakhstan,INCINRT,557954.8125
2000,Kyrgyzstan,RECYCL,4011426.0
2001,Kyrgyzstan,RECYCL,35.0
2002,Kyrgyzstan,RECYCL,39.0
2003,Kyrgyzstan,RECYCL,5327.0
2004,Kyrgyzstan,RECYCL,307.0
2005,Kyrgyzstan,RECYCL,1555.0
2006,Kyrgyzstan,RECYCL,1258.0
2007,Kyrgyzstan,RECYCL,7909705.0
2008,Kyrgyzstan,RECYCL,3006.0
2012,Croatia,LANDFIL,10319.0
2012,Croatia,RECYCL,1636793.0
2012,Croatia,INCINRT_EGY,8380.0
2012,Croatia,OTHERWM,6.6
2014,Croatia,LANDFIL,10035.0
2014,Croatia,OTHERWM,0.0
2014,Croatia,RECYCL,1821805.0
2014,Croatia,INCINRT_EGY,11371.0
2014,Croatia,INCINRT,0.0
2016,Croatia,RECYCL,1861771.0
2016,Croatia,INCINRT_EGY,14076.0
2016,Croatia,OTHERWM,0.0
2009,Kyrgyzstan,RECYCL,19342756.0
2010,Kyrgyzstan,RECYCL,187180.79688
2011,Kyrgyzstan,RECYCL,82317.14063
2012,Kyrgyzstan,RECYCL,53942.76953
2013,Kyrgyzstan,RECYCL,3131828.75
2014,Kyrgyzstan,RECYCL,4983976.0
2015,Kyrgyzstan,RECYCL,4950896.5
2016,Kyrgyzstan,RECYCL,11410.20508
2016,Kyrgyzstan,INCINRT,4046918.25
2017,Kyrgyzstan,INCINRT,5067700.5
2017,Kyrgyzstan,RECYCL,18566.4082
2004,Latvia,LANDFIL,726.0
2004,Latvia,INCINRT_EGY,17386.0
2004,Latvia,OTHERWM,0.0
2004,Latvia,INCINRT,322.0
2006,Latvia,OTHERWM,0.0
2006,Latvia,LANDFIL,705.0
2006,Latvia,INCINRT_EGY,6429.0
2016,Croatia,INCINRT,0.0
2016,Croatia,LANDFIL,6251.0
2018,Croatia,INCINRT,0.0
2018,Croatia,LANDFIL,2827.0
2018,Croatia,RECYCL,2712452.0
2018,Croatia,INCINRT_EGY,10158.0
2018,Croatia,OTHERWM,0.0
2020,Croatia,LANDFIL,3497.0
2020,Croatia,INCINRT_EGY,13797.0
2020,Croatia,OTHERWM,0.0
2020,Croatia,RECYCL,2568744.0
2020,Croatia,INCINRT,0.0
2006,Latvia,INCINRT,940.0
2008,Latvia,INCINRT,311.0
2008,Latvia,LANDFIL,1115.0
2008,Latvia,OTHERWM,44.0
2008,Latvia,INCINRT_EGY,6670.0
2010,Latvia,OTHERWM,6.0
2010,Latvia,RECYCL,42850.0
2010,Latvia,INCINRT,212.0
2010,Latvia,INCINRT_EGY,3477.0
2010,Latvia,LANDFIL,5563.0
2012,Latvia,OTHERWM,0.0
2012,Latvia,LANDFIL,3378.0
2004,Cyprus,INCINRT,2207.0
2004,Cyprus,INCINRT_EGY,1758.0
2004,Cyprus,OTHERWM,308.0
2004,Cyprus,LANDFIL,18904.0
2006,Cyprus,OTHERWM,0.0
2006,Cyprus,INCINRT_EGY,34.0
2006,Cyprus,LANDFIL,5064.0
2006,Cyprus,INCINRT,47.0
2008,Cyprus,INCINRT,53.0
2008,Cyprus,LANDFIL,13154.0
2008,Cyprus,INCINRT_EGY,1156.0
2008,Cyprus,OTHERWM,0.0
2010,Cyprus,INCINRT,89.0
2012,Latvia,RECYCL,45540.0
2012,Latvia,INCINRT_EGY,2678.0
2012,Latvia,INCINRT,15.0
2014,Latvia,OTHERWM,0.0
2014,Latvia,RECYCL,35181.0
2014,Latvia,INCINRT_EGY,12119.0
2014,Latvia,LANDFIL,6681.0
2014,Latvia,INCINRT,11.0
2016,Latvia,INCINRT_EGY,3227.0
2016,Latvia,RECYCL,46097.0
2016,Latvia,INCINRT,9.0
2010,Cyprus,OTHERWM,4.0
2010,Cyprus,RECYCL,44942.0
2010,Cyprus,INCINRT_EGY,1324.0
2010,Cyprus,LANDFIL,14814.0
2012,Cyprus,RECYCL,35678.0
2012,Cyprus,INCINRT,3.0
2012,Cyprus,OTHERWM,93.0
2012,Cyprus,LANDFIL,5563.0
2012,Cyprus,INCINRT_EGY,59.0
2014,Cyprus,RECYCL,24564.0
2014,Cyprus,INCINRT,0.0
2014,Cyprus,LANDFIL,141248.0
2014,Cyprus,OTHERWM,0.0
2016,Latvia,LANDFIL,1610.0
2016,Latvia,OTHERWM,0.0
2018,Latvia,RECYCL,48488.0
2018,Latvia,LANDFIL,3190.0
2018,Latvia,INCINRT,154.0
2018,Latvia,INCINRT_EGY,19362.0
2018,Latvia,OTHERWM,28.0
2020,Latvia,OTHERWM,0.0
2020,Latvia,LANDFIL,3048.0
2020,Latvia,INCINRT_EGY,12470.0
2020,Latvia,INCINRT,8.0
2014,Cyprus,INCINRT_EGY,1379.0
2016,Cyprus,INCINRT,0.0
2016,Cyprus,LANDFIL,128870.0
2016,Cyprus,RECYCL,15645.0
2016,Cyprus,OTHERWM,0.0
2016,Cyprus,INCINRT_EGY,237.0
2018,Cyprus,INCINRT,0.0
2018,Cyprus,OTHERWM,0.0
2018,Cyprus,LANDFIL,194224.0
2018,Cyprus,RECYCL,16865.0
2018,Cyprus,INCINRT_EGY,916.0
2020,Cyprus,INCINRT_EGY,306.0
2020,Cyprus,INCINRT,0.0
2020,Latvia,RECYCL,73855.0
2004,Liechtenstein,INCINRT_EGY,68126.0
2006,Liechtenstein,INCINRT_EGY,85670.0
2008,Liechtenstein,INCINRT_EGY,112812.0
2010,Liechtenstein,RECYCL,574162.0
2010,Liechtenstein,INCINRT_EGY,332208.0
2012,Liechtenstein,INCINRT_EGY,256529.0
2012,Liechtenstein,RECYCL,208234.0
2014,Liechtenstein,RECYCL,415809.0
2014,Liechtenstein,INCINRT_EGY,282575.0
2016,Liechtenstein,INCINRT_EGY,257705.0
2016,Liechtenstein,RECYCL,359224.0
2018,Liechtenstein,INCINRT_EGY,261120.0
2020,Cyprus,LANDFIL,1085.0
2020,Cyprus,RECYCL,14188.0
2020,Cyprus,OTHERWM,0.0
2004,Czechia,OTHERWM,0.0
2004,Czechia,LANDFIL,150858.0
2004,Czechia,INCINRT,30693.0
2004,Czechia,INCINRT_EGY,29171.0
2006,Czechia,LANDFIL,65263.0
2006,Czechia,INCINRT_EGY,55784.0
2006,Czechia,OTHERWM,0.0
2006,Czechia,INCINRT,49141.0
2008,Czechia,INCINRT,61128.0
2008,Czechia,INCINRT_EGY,61643.0
2018,Liechtenstein,RECYCL,399306.0
2020,Liechtenstein,INCINRT_EGY,265987.0
2020,Liechtenstein,RECYCL,318718.0
2004,Lithuania,INCINRT,1866.0
2004,Lithuania,INCINRT_EGY,1316.0
2004,Lithuania,LANDFIL,23272.0
2004,Lithuania,OTHERWM,8984.0
2006,Lithuania,INCINRT_EGY,5859.0
2006,Lithuania,INCINRT,3070.0
2006,Lithuania,OTHERWM,0.0
2006,Lithuania,LANDFIL,1810.0
2008,Lithuania,LANDFIL,2343.0
2008,Lithuania,INCINRT_EGY,257.0
2008,Czechia,OTHERWM,2080.0
2008,Czechia,LANDFIL,79496.0
2010,Czechia,OTHERWM,0.0
2010,Czechia,RECYCL,237150.0
2010,Czechia,INCINRT,49533.0
2010,Czechia,LANDFIL,60288.0
2010,Czechia,INCINRT_EGY,41901.0
2012,Czechia,INCINRT,71077.0
2012,Czechia,RECYCL,505973.0
2012,Czechia,LANDFIL,36716.0
2012,Czechia,INCINRT_EGY,38262.0
2012,Czechia,OTHERWM,3078.0
2014,Czechia,OTHERWM,0.0
2014,Czechia,INCINRT,73373.0
2014,Czechia,LANDFIL,35512.0
2014,Czechia,INCINRT_EGY,51433.0
2014,Czechia,RECYCL,312465.0
2016,Czechia,RECYCL,514749.0
2016,Czechia,OTHERWM,1.0
2016,Czechia,LANDFIL,33206.0
2016,Czechia,INCINRT_EGY,30401.0
2016,Czechia,INCINRT,77049.0
2018,Czechia,INCINRT_EGY,33160.0
2018,Czechia,RECYCL,1410674.0
2018,Czechia,LANDFIL,94334.0
2018,Czechia,INCINRT,87273.0
2008,Lithuania,OTHERWM,0.0
2008,Lithuania,INCINRT,693.0
2010,Lithuania,OTHERWM,0.0
2010,Lithuania,INCINRT_EGY,0.0
2010,Lithuania,LANDFIL,4523.0
2010,Lithuania,RECYCL,2941.0
2010,Lithuania,INCINRT,1480.0
2012,Lithuania,LANDFIL,23687.0
2012,Lithuania,INCINRT_EGY,0.0
2012,Lithuania,OTHERWM,8238.0
2012,Lithuania,INCINRT,1019.0
2012,Lithuania,RECYCL,1640.0
2018,Czechia,OTHERWM,0.0
2020,Czechia,INCINRT_EGY,60547.0
2020,Czechia,RECYCL,741650.0
2020,Czechia,OTHERWM,0.0
2020,Czechia,LANDFIL,221703.0
2020,Czechia,INCINRT,81612.0
2004,Denmark,LANDFIL,115162.0
2004,Denmark,INCINRT,93137.0
2004,Denmark,INCINRT_EGY,0.0
2006,Denmark,INCINRT,0.0
2006,Denmark,LANDFIL,163542.0
2006,Denmark,INCINRT_EGY,84699.0
2014,Lithuania,LANDFIL,18344.0
2014,Lithuania,OTHERWM,176.0
2014,Lithuania,RECYCL,2644.0
2014,Lithuania,INCINRT,1932.0
2014,Lithuania,INCINRT_EGY,0.0
2016,Lithuania,INCINRT,617.0
2016,Lithuania,RECYCL,3303.0
2016,Lithuania,OTHERWM,0.0
2016,Lithuania,INCINRT_EGY,4024.0
2016,Lithuania,LANDFIL,10441.0
2018,Lithuania,INCINRT_EGY,5198.0
2018,Lithuania,INCINRT,727.0
2008,Denmark,INCINRT_EGY,91978.0
2008,Denmark,LANDFIL,169800.0
2008,Denmark,INCINRT,0.0
2008,Denmark,OTHERWM,0.0
2010,Denmark,RECYCL,9500261.0
2010,Denmark,INCINRT_EGY,167878.0
2010,Denmark,OTHERWM,0.0
2010,Denmark,INCINRT,0.0
2010,Denmark,LANDFIL,668190.0
2012,Denmark,OTHERWM,0.0
2012,Denmark,LANDFIL,526737.0
2012,Denmark,INCINRT_EGY,171171.0
2012,Denmark,RECYCL,9687326.0
2012,Denmark,INCINRT,2701.0
2014,Denmark,OTHERWM,0.0
2014,Denmark,LANDFIL,1031289.0
2014,Denmark,INCINRT_EGY,199765.0
2014,Denmark,INCINRT,3293.0
2014,Denmark,RECYCL,9641160.0
2016,Denmark,INCINRT,4109.0
2016,Denmark,INCINRT_EGY,233738.0
2016,Denmark,LANDFIL,1132336.0
2016,Denmark,RECYCL,9843189.0
2016,Denmark,OTHERWM,0.0
2018,Lithuania,OTHERWM,0.0
2018,Lithuania,RECYCL,9372.0
2018,Lithuania,LANDFIL,18677.0
2020,Lithuania,LANDFIL,28819.0
2020,Lithuania,OTHERWM,0.0
2020,Lithuania,RECYCL,14019.0
2020,Lithuania,INCINRT,1970.0
2020,Lithuania,INCINRT_EGY,6647.0
2004,Luxembourg,INCINRT,0.0
2004,Luxembourg,LANDFIL,0.0
2004,Luxembourg,OTHERWM,0.0
2006,Luxembourg,OTHERWM,0.0
2006,Luxembourg,LANDFIL,0.0
2006,Luxembourg,INCINRT,0.0
2008,Luxembourg,LANDFIL,0.0
2008,Luxembourg,OTHERWM,0.0
2010,Luxembourg,OTHERWM,0.0
2010,Luxembourg,RECYCL,191809.0
2010,Luxembourg,LANDFIL,0.0
2010,Luxembourg,INCINRT_EGY,331.0
2010,Luxembourg,INCINRT,0.0
2012,Luxembourg,LANDFIL,0.0
2012,Luxembourg,INCINRT,11.0
2012,Luxembourg,RECYCL,124456.0
2012,Luxembourg,OTHERWM,0.0
2012,Luxembourg,INCINRT_EGY,341.0
2014,Luxembourg,LANDFIL,0.0
2014,Luxembourg,INCINRT,0.0
2014,Luxembourg,RECYCL,184295.0
2014,Luxembourg,OTHERWM,0.0
2014,Luxembourg,INCINRT_EGY,35199.0
2016,Luxembourg,OTHERWM,0.0
2016,Luxembourg,INCINRT,11.0
2016,Luxembourg,INCINRT_EGY,42561.0
2016,Luxembourg,RECYCL,173375.0
2016,Luxembourg,LANDFIL,7.0
2018,Luxembourg,INCINRT,0.0
2018,Luxembourg,OTHERWM,0.0
2018,Luxembourg,LANDFIL,0.0
2018,Luxembourg,RECYCL,184336.0
2018,Luxembourg,INCINRT_EGY,46686.0
2020,Luxembourg,INCINRT_EGY,61776.0
2020,Luxembourg,OTHERWM,0.0
2020,Luxembourg,INCINRT,7.0
2020,Luxembourg,LANDFIL,0.0
2020,Luxembourg,RECYCL,211348.0
2004,Malta,INCINRT_EGY,0.0
2004,Malta,OTHERWM,0.0
2004,Malta,INCINRT,0.0
2004,Malta,LANDFIL,0.0
2006,Malta,INCINRT_EGY,0.0
2006,Malta,INCINRT,0.0
2006,Malta,OTHERWM,0.0
2006,Malta,LANDFIL,0.0
2008,Malta,LANDFIL,0.0
2008,Malta,OTHERWM,0.0
2008,Malta,INCINRT_EGY,0.0
2008,Malta,INCINRT,327.0
2010,Malta,INCINRT_EGY,0.0
2010,Malta,LANDFIL,0.0
2010,Malta,OTHERWM,0.0
2010,Malta,RECYCL,2290586.0
2010,Malta,INCINRT,364.0
2012,Malta,INCINRT_EGY,0.0
2012,Malta,OTHERWM,0.0
2012,Malta,RECYCL,2585906.0
2012,Malta,LANDFIL,0.0
2012,Malta,INCINRT,502.0
2014,Malta,INCINRT_EGY,0.0
2014,Malta,OTHERWM,0.0
2014,Malta,RECYCL,2521121.0
2014,Malta,LANDFIL,0.0
2014,Malta,INCINRT,438.0
2016,Malta,OTHERWM,0.0
2016,Malta,RECYCL,3581477.0
2016,Malta,INCINRT_EGY,0.0
2016,Malta,INCINRT,477.0
2016,Malta,LANDFIL,0.0
2018,Malta,LANDFIL,0.0
2018,Malta,INCINRT_EGY,0.0
2018,Malta,OTHERWM,0.0
2018,Malta,INCINRT,473.0
2018,Malta,RECYCL,3423568.0
2020,Malta,RECYCL,3044618.0
2020,Malta,INCINRT_EGY,0.0
2020,Malta,OTHERWM,0.0
2020,Malta,LANDFIL,0.0
2020,Malta,INCINRT,642.0
2000,Republic of Moldova,LANDFIL,642.0
2000,Republic of Moldova,OTHERWM,650.0
2000,Republic of Moldova,RECYCL,1083.0
2001,Republic of Moldova,OTHERWM,769.0
2001,Republic of Moldova,RECYCL,652.0
2001,Republic of Moldova,LANDFIL,481.0
2002,Republic of Moldova,OTHERWM,1534.0
2002,Republic of Moldova,RECYCL,1108.0
2002,Republic of Moldova,LANDFIL,498.0
2003,Republic of Moldova,LANDFIL,1904.0
2003,Republic of Moldova,OTHERWM,1431.0
2003,Republic of Moldova,RECYCL,601.0
2004,Republic of Moldova,OTHERWM,610.0
2004,Republic of Moldova,LANDFIL,1034.0
2004,Republic of Moldova,RECYCL,576.0
2005,Republic of Moldova,RECYCL,271.0
2005,Republic of Moldova,LANDFIL,669.0
2005,Republic of Moldova,OTHERWM,271.0
2006,Republic of Moldova,OTHERWM,554.0
2006,Republic of Moldova,LANDFIL,273.0
2006,Republic of Moldova,RECYCL,780.0
2007,Republic of Moldova,OTHERWM,1676.0
2007,Republic of Moldova,RECYCL,1478.0
2007,Republic of Moldova,LANDFIL,408.0
2008,Republic of Moldova,OTHERWM,886.0
2008,Republic of Moldova,LANDFIL,188.0
2008,Republic of Moldova,RECYCL,800.0
2009,Republic of Moldova,RECYCL,594.0
2009,Republic of Moldova,OTHERWM,253.0
2009,Republic of Moldova,LANDFIL,746.0
2010,Republic of Moldova,RECYCL,593.0
2010,Republic of Moldova,OTHERWM,223.0
2010,Republic of Moldova,LANDFIL,148.0
2011,Republic of Moldova,RECYCL,874.20001
2011,Republic of Moldova,LANDFIL,20.0
2011,Republic of Moldova,OTHERWM,379.70001
2012,Republic of Moldova,RECYCL,571.40002
2012,Republic of Moldova,LANDFIL,112.0
2012,Republic of Moldova,OTHERWM,323.29999
2013,Republic of Moldova,OTHERWM,647.59998
2013,Republic of Moldova,RECYCL,834.09998
2013,Republic of Moldova,LANDFIL,30.3
2014,Republic of Moldova,LANDFIL,37.7
2014,Republic of Moldova,OTHERWM,397.29999
2014,Republic of Moldova,RECYCL,854.20001
2015,Republic of Moldova,RECYCL,935.40002
2015,Republic of Moldova,OTHERWM,294.70001
2015,Republic of Moldova,LANDFIL,24.8
2016,Republic of Moldova,LANDFIL,106.9
2016,Republic of Moldova,RECYCL,2277.3999
2016,Republic of Moldova,OTHERWM,597.09998
2017,Republic of Moldova,RECYCL,6167.8999
2017,Republic of Moldova,LANDFIL,679.29999
2017,Republic of Moldova,OTHERWM,767.70001
2018,Republic of Moldova,OTHERWM,1975.40002
2018,Republic of Moldova,RECYCL,4582.1001
2018,Republic of Moldova,LANDFIL,127.7
2019,Republic of Moldova,OTHERWM,370.89999
2019,Republic of Moldova,LANDFIL,19.2
2019,Republic of Moldova,RECYCL,4570.1001
2008,Montenegro,INCINRT_EGY,0.0
2010,Montenegro,RECYCL,3899.0
2010,Montenegro,INCINRT_EGY,10.0
2012,Montenegro,INCINRT,8.0
2012,Montenegro,INCINRT_EGY,0.0
2012,Montenegro,OTHERWM,0.0
2012,Montenegro,RECYCL,4900.0
2012,Montenegro,LANDFIL,206382.0
2014,Montenegro,INCINRT,1.0
2014,Montenegro,INCINRT_EGY,0.0
2014,Montenegro,OTHERWM,100.0
2014,Montenegro,RECYCL,0.0
2014,Montenegro,LANDFIL,262882.0
2016,Montenegro,INCINRT,2.0
2016,Montenegro,LANDFIL,321800.0
2016,Montenegro,OTHERWM,34.0
2018,Montenegro,LANDFIL,335201.0
2018,Montenegro,INCINRT_EGY,0.0
2018,Montenegro,INCINRT,0.0
2018,Montenegro,OTHERWM,107.0
2018,Montenegro,RECYCL,15157.0
2020,Montenegro,INCINRT,0.0
2020,Montenegro,LANDFIL,315912.0
2020,Montenegro,RECYCL,4159.0
2020,Montenegro,OTHERWM,67.0
2020,Montenegro,INCINRT_EGY,0.0
2004,Netherlands,OTHERWM,219547.0
2004,Netherlands,LANDFIL,544724.0
2004,Netherlands,INCINRT,335925.0
2004,Netherlands,INCINRT_EGY,111848.0
2006,Netherlands,LANDFIL,973305.0
2006,Netherlands,INCINRT_EGY,238096.0
2006,Netherlands,INCINRT,299953.0
2006,Netherlands,OTHERWM,239820.0
2008,Netherlands,OTHERWM,224535.0
2008,Netherlands,INCINRT_EGY,191842.0
2008,Netherlands,INCINRT,364120.0
2008,Netherlands,LANDFIL,1056166.0
2010,Netherlands,OTHERWM,4246.0
2010,Netherlands,INCINRT,493902.0
2010,Netherlands,RECYCL,196956.0
2010,Netherlands,INCINRT_EGY,205837.0
2010,Netherlands,LANDFIL,809502.0
2012,Netherlands,INCINRT,544584.0
2012,Netherlands,OTHERWM,8612.0
2012,Netherlands,LANDFIL,1128025.0
2012,Netherlands,RECYCL,86393.0
2012,Netherlands,INCINRT_EGY,184575.0
2014,Netherlands,LANDFIL,1373492.0
2014,Netherlands,INCINRT,331812.0
2014,Netherlands,OTHERWM,39009.0
2014,Netherlands,INCINRT_EGY,269081.0
2014,Netherlands,RECYCL,164800.0
2016,Netherlands,OTHERWM,45386.0
2016,Netherlands,INCINRT_EGY,386016.0
2016,Netherlands,LANDFIL,1008182.0
2016,Netherlands,RECYCL,162296.0
2016,Netherlands,INCINRT,330102.0
2018,Netherlands,LANDFIL,1037007.0
2018,Netherlands,RECYCL,174021.0
2018,Netherlands,INCINRT_EGY,373659.0
2018,Netherlands,INCINRT,394446.0
2018,Netherlands,OTHERWM,46130.0
2020,Netherlands,INCINRT_EGY,392011.0
2020,Netherlands,RECYCL,124900.0
2020,Netherlands,LANDFIL,1145403.0
2020,Netherlands,OTHERWM,36328.0
2020,Netherlands,INCINRT,298845.0
2004,Norway,LANDFIL,919780.0
2004,Norway,INCINRT,1405.0
2004,Norway,OTHERWM,34060.0
2004,Norway,INCINRT_EGY,171932.0
2006,Norway,LANDFIL,1122502.0
2006,Norway,INCINRT,9729.0
2006,Norway,INCINRT_EGY,13639.0
2006,Norway,OTHERWM,58402.0
2008,Norway,LANDFIL,1021516.0
2008,Norway,INCINRT,45227.0
2008,Norway,INCINRT_EGY,11057.0
2008,Norway,OTHERWM,0.0
2010,Norway,RECYCL,254814.0
2010,Norway,LANDFIL,627234.0
2010,Norway,INCINRT,25551.0
2010,Norway,INCINRT_EGY,124219.0
2010,Norway,OTHERWM,0.0
2012,Norway,INCINRT,84606.0
2012,Norway,LANDFIL,463658.0
2012,Norway,RECYCL,513591.0
2012,Norway,INCINRT_EGY,111958.0
2012,Norway,OTHERWM,0.0
2014,Norway,INCINRT,48298.0
2014,Norway,OTHERWM,427.0
2014,Norway,RECYCL,674066.0
2014,Norway,LANDFIL,736656.0
2014,Norway,INCINRT_EGY,102777.0
2016,Norway,INCINRT,56637.0
2016,Norway,OTHERWM,0.0
2016,Norway,LANDFIL,706945.0
2016,Norway,RECYCL,751742.0
2016,Norway,INCINRT_EGY,34174.0
2018,Norway,INCINRT,51143.0
2018,Norway,LANDFIL,701237.0
2018,Norway,OTHERWM,0.0
2018,Norway,RECYCL,876809.0
2018,Norway,INCINRT_EGY,22624.0
2020,Norway,LANDFIL,775025.0
2020,Norway,OTHERWM,1022.0
2020,Norway,INCINRT,41000.0
2004,Poland,LANDFIL,617880.0
2004,Poland,OTHERWM,8406.0
2004,Poland,INCINRT,66303.0
2004,Poland,INCINRT_EGY,19526.0
2006,Poland,LANDFIL,767157.0
2006,Poland,OTHERWM,9206.0
2006,Poland,INCINRT,103648.0
2006,Poland,INCINRT_EGY,56172.0
2008,Poland,LANDFIL,617609.0
2008,Poland,INCINRT,138859.0
2008,Poland,INCINRT_EGY,5852.0
2008,Poland,OTHERWM,28329.0
2010,Poland,INCINRT,145489.0
2010,Poland,LANDFIL,308822.0
2010,Poland,RECYCL,202065.0
2010,Poland,OTHERWM,1912.0
2010,Poland,INCINRT_EGY,5814.0
2012,Poland,LANDFIL,132213.0
2012,Poland,INCINRT,142805.0
2012,Poland,OTHERWM,1221.0
2012,Poland,INCINRT_EGY,1902.0
2012,Poland,RECYCL,190131.0
2014,Poland,OTHERWM,1426.0
2014,Poland,INCINRT,135443.0
2014,Poland,LANDFIL,246212.0
2014,Poland,RECYCL,216024.0
2014,Poland,INCINRT_EGY,2492.0
2016,Poland,LANDFIL,303888.0
2016,Poland,OTHERWM,1676.0
2016,Poland,INCINRT,155729.0
2016,Poland,INCINRT_EGY,5408.0
2016,Poland,RECYCL,196077.0
2018,Poland,OTHERWM,167.0
2018,Poland,INCINRT,194741.0
2018,Poland,LANDFIL,256242.0
2018,Poland,RECYCL,244438.0
2018,Poland,INCINRT_EGY,4321.0
2020,Poland,INCINRT_EGY,3557.0
2020,Poland,RECYCL,135215.0
2020,Poland,INCINRT,164955.0
2020,Poland,OTHERWM,0.0
2020,Poland,LANDFIL,295078.0
2004,Portugal,INCINRT,6611.0
2004,Portugal,LANDFIL,1352913.0
2004,Portugal,OTHERWM,43183.0
2004,Portugal,INCINRT_EGY,57641.0
2006,Portugal,INCINRT,28159.0
2006,Portugal,LANDFIL,1583826.0
2006,Portugal,OTHERWM,113.0
2006,Portugal,INCINRT_EGY,101476.0
2008,Portugal,INCINRT_EGY,10665.0
2008,Portugal,INCINRT,4849.0
2008,Portugal,LANDFIL,53208.0
2010,Portugal,INCINRT,12418.0
2010,Portugal,RECYCL,240506.0
2010,Portugal,INCINRT_EGY,29420.0
2010,Portugal,OTHERWM,0.0
2010,Portugal,LANDFIL,87075.0
2012,Portugal,LANDFIL,194056.0
2012,Portugal,RECYCL,202734.0
2012,Portugal,INCINRT,14527.0
2012,Portugal,INCINRT_EGY,45485.0
2012,Portugal,OTHERWM,0.0
2014,Portugal,OTHERWM,0.0
2014,Portugal,RECYCL,190958.0
2014,Portugal,INCINRT,16379.0
2014,Portugal,LANDFIL,209651.0
2014,Portugal,INCINRT_EGY,24143.0
2016,Portugal,RECYCL,72518.0
2016,Portugal,INCINRT,17464.0
2016,Portugal,LANDFIL,248366.0
2016,Portugal,INCINRT_EGY,29049.0
2016,Portugal,OTHERWM,0.0
2018,Portugal,INCINRT_EGY,39062.0
2018,Portugal,INCINRT,23582.0
2018,Portugal,LANDFIL,307181.0
2018,Portugal,OTHERWM,0.0
2018,Portugal,RECYCL,264389.0
2020,Portugal,OTHERWM,0.0
2020,Portugal,INCINRT_EGY,33269.0
2020,Portugal,INCINRT,26926.0
2020,Portugal,LANDFIL,243558.0
2020,Portugal,RECYCL,223066.0
2004,Romania,OTHERWM,24400.0
2004,Romania,LANDFIL,1513700.0
2004,Romania,INCINRT_EGY,56300.0
2004,Romania,INCINRT,400.0
2006,Romania,LANDFIL,641467.0
2006,Romania,OTHERWM,0.0
2006,Romania,INCINRT,1070.0
2006,Romania,INCINRT_EGY,94033.0
2008,Romania,LANDFIL,21075.0
2008,Romania,INCINRT,31505.0
2008,Romania,INCINRT_EGY,35060.0
2008,Romania,OTHERWM,0.0
2010,Romania,LANDFIL,61307.0
2010,Romania,RECYCL,45643.0
2010,Romania,INCINRT,15662.0
2010,Romania,INCINRT_EGY,113605.0
2010,Romania,OTHERWM,20343.0
2012,Romania,INCINRT_EGY,166106.0
2012,Romania,LANDFIL,115202.0
2012,Romania,RECYCL,48005.0
2012,Romania,INCINRT,136245.0
2012,Romania,OTHERWM,32769.0
2014,Romania,RECYCL,69613.0
2014,Romania,INCINRT,32456.0
2014,Romania,INCINRT_EGY,124293.0
2014,Romania,LANDFIL,152687.0
2014,Romania,OTHERWM,28152.0
2016,Romania,OTHERWM,17612.0
2016,Romania,LANDFIL,128337.0
2016,Romania,INCINRT_EGY,121059.0
2016,Romania,INCINRT,26472.0
2016,Romania,RECYCL,51151.0
2018,Romania,RECYCL,50254.0
2018,Romania,OTHERWM,8022.0
2018,Romania,INCINRT_EGY,114058.0
2018,Romania,INCINRT,25282.0
2018,Romania,LANDFIL,132604.0
2020,Romania,LANDFIL,44840.0
2020,Romania,INCINRT_EGY,82430.0
2020,Romania,INCINRT,19847.0
2020,Romania,OTHERWM,2266.0
2020,Romania,RECYCL,39335.0
2004,Serbia,INCINRT_EGY,0.0
2006,Serbia,INCINRT_EGY,0.0
2008,Serbia,RECYCL,134405.0
2008,Serbia,INCINRT_EGY,122249.0
2008,Serbia,INCINRT,2479.0
2008,Serbia,LANDFIL,8255117.0
2008,Serbia,OTHERWM,0.0
2009,Serbia,INCINRT,435.0
2009,Serbia,OTHERWM,0.0
2009,Serbia,LANDFIL,9963501.0
2009,Serbia,INCINRT_EGY,382.0
2009,Serbia,RECYCL,106176.0
2010,Serbia,INCINRT,23.0
2010,Serbia,INCINRT_EGY,32834.0
2010,Serbia,LANDFIL,11082001.0
2010,Serbia,RECYCL,200627.0
2010,Serbia,OTHERWM,0.0
2011,Serbia,OTHERWM,0.0
2011,Serbia,RECYCL,90026.0
2011,Serbia,INCINRT,370.0
2011,Serbia,INCINRT_EGY,332.0
2011,Serbia,LANDFIL,12711008.0
2012,Serbia,INCINRT,5.0
2012,Serbia,OTHERWM,0.0
2012,Serbia,INCINRT_EGY,224420.0
2012,Serbia,LANDFIL,14386862.0
2012,Serbia,RECYCL,555754.0
2013,Serbia,OTHERWM,0.0
2013,Serbia,INCINRT_EGY,308.0
2013,Serbia,RECYCL,31303.0
2013,Serbia,LANDFIL,16528642.0
2013,Serbia,INCINRT,308.0
2014,Serbia,OTHERWM,66.0
2014,Serbia,INCINRT,0.0
2014,Serbia,RECYCL,437731.0
2014,Serbia,LANDFIL,13435010.0
2014,Serbia,INCINRT_EGY,185314.0
2015,Serbia,LANDFIL,16494383.0
2015,Serbia,OTHERWM,0.0
2015,Serbia,RECYCL,52796.0
2015,Serbia,INCINRT_EGY,11395.0
2015,Serbia,INCINRT,11410.0
2016,Serbia,LANDFIL,17147694.0
2016,Serbia,RECYCL,696322.0
2016,Serbia,INCINRT_EGY,302108.0
2016,Serbia,INCINRT,0.0
2016,Serbia,OTHERWM,85.0
2018,Serbia,OTHERWM,0.0
2018,Serbia,INCINRT,0.0
2018,Serbia,LANDFIL,15266719.0
2018,Serbia,RECYCL,1165717.0
2018,Serbia,INCINRT_EGY,482235.0
2020,Serbia,RECYCL,1805231.0
2020,Serbia,LANDFIL,11249727.0
2020,Serbia,INCINRT,0.0
2020,Serbia,INCINRT_EGY,508271.0
2020,Serbia,OTHERWM,0.0
2004,Slovakia,LANDFIL,135760.0
2004,Slovakia,INCINRT_EGY,21710.0
2004,Slovakia,OTHERWM,18310.0
2004,Slovakia,INCINRT,47870.0
2006,Slovakia,INCINRT,47929.0
2006,Slovakia,OTHERWM,82842.0
2006,Slovakia,LANDFIL,194262.0
2006,Slovakia,INCINRT_EGY,8919.0
2008,Slovakia,LANDFIL,228251.0
2008,Slovakia,OTHERWM,117973.0
2008,Slovakia,INCINRT_EGY,12588.0
2008,Slovakia,INCINRT,47459.0
2010,Slovakia,RECYCL,286443.0
2010,Slovakia,INCINRT,43196.0
2010,Slovakia,OTHERWM,48075.0
2010,Slovakia,LANDFIL,145445.0
2010,Slovakia,INCINRT_EGY,4036.0
2012,Slovakia,RECYCL,285278.0
2012,Slovakia,LANDFIL,134816.0
2012,Slovakia,INCINRT,20133.0
2012,Slovakia,INCINRT_EGY,4248.0
2012,Slovakia,OTHERWM,49575.0
2014,Slovakia,INCINRT_EGY,4607.0
2014,Slovakia,OTHERWM,84669.0
2014,Slovakia,RECYCL,169314.0
2014,Slovakia,INCINRT,17290.0
2014,Slovakia,LANDFIL,137203.0
2016,Slovakia,LANDFIL,79798.0
2016,Slovakia,OTHERWM,11458.0
2016,Slovakia,RECYCL,112860.0
2016,Slovakia,INCINRT,14451.0
2016,Slovakia,INCINRT_EGY,4216.0
2018,Slovakia,INCINRT_EGY,7495.0
2018,Slovakia,OTHERWM,19622.0
2018,Slovakia,RECYCL,213206.0
2018,Slovakia,INCINRT,7041.0
2018,Slovakia,LANDFIL,87220.0
2020,Slovakia,LANDFIL,55611.0
2020,Slovakia,RECYCL,204088.0
2020,Slovakia,OTHERWM,4480.0
2020,Slovakia,INCINRT,6858.0
2020,Slovakia,INCINRT_EGY,6549.0
2004,Slovenia,OTHERWM,0.0
2004,Slovenia,INCINRT_EGY,31617.0
2004,Slovenia,LANDFIL,7734.0
2004,Slovenia,INCINRT,11586.0
2006,Slovenia,OTHERWM,0.0
2006,Slovenia,LANDFIL,24144.0
2006,Slovenia,INCINRT,13073.0
2006,Slovenia,INCINRT_EGY,14993.0
2008,Slovenia,OTHERWM,1.0
2008,Slovenia,INCINRT_EGY,9791.0
2008,Slovenia,INCINRT,11112.0
2008,Slovenia,LANDFIL,49426.0
2010,Slovenia,LANDFIL,29970.0
2010,Slovenia,RECYCL,31131.0
2010,Slovenia,OTHERWM,0.0
2010,Slovenia,INCINRT_EGY,8685.0
2010,Slovenia,INCINRT,12615.0
2012,Slovenia,INCINRT,8658.0
2012,Slovenia,LANDFIL,12539.0
2012,Slovenia,RECYCL,40196.0
2012,Slovenia,OTHERWM,0.0
2012,Slovenia,INCINRT_EGY,4500.0
2014,Slovenia,INCINRT,9965.0
2014,Slovenia,OTHERWM,0.0
2014,Slovenia,RECYCL,42719.0
2014,Slovenia,LANDFIL,10675.0
2014,Slovenia,INCINRT_EGY,1443.0
2016,Slovenia,RECYCL,72570.0
2016,Slovenia,INCINRT_EGY,5014.0
2016,Slovenia,OTHERWM,0.0
2016,Slovenia,INCINRT,9887.0
2016,Slovenia,LANDFIL,10674.0
2018,Slovenia,LANDFIL,14219.0
2018,Slovenia,RECYCL,50644.0
2018,Slovenia,INCINRT,8009.0
2018,Slovenia,OTHERWM,0.0
2018,Slovenia,INCINRT_EGY,4090.0
2020,Slovenia,INCINRT_EGY,2773.0
2020,Slovenia,RECYCL,53669.0
2020,Slovenia,OTHERWM,0.0
2020,Slovenia,INCINRT,7144.0
2020,Slovenia,LANDFIL,11983.0
2004,Spain,INCINRT,124295.0
2004,Spain,LANDFIL,1236503.0
2004,Spain,INCINRT_EGY,357847.0
2004,Spain,OTHERWM,32025.0
2006,Spain,LANDFIL,1254790.0
2006,Spain,OTHERWM,2508.0
2006,Spain,INCINRT_EGY,313051.0
2006,Spain,INCINRT,93668.0
2008,Spain,OTHERWM,92038.0
2008,Spain,LANDFIL,1187376.0
2008,Spain,INCINRT_EGY,341526.0
2008,Spain,INCINRT,10425.0
2010,Spain,INCINRT_EGY,205079.0
2010,Spain,OTHERWM,27333.0
2010,Spain,RECYCL,3415081.0
2010,Spain,LANDFIL,901543.0
2010,Spain,INCINRT,18465.0
2012,Spain,INCINRT,6.0
2012,Spain,RECYCL,3475951.0
2012,Spain,LANDFIL,643688.0
2012,Spain,OTHERWM,13478.0
2012,Spain,INCINRT_EGY,163962.0
2014,Spain,OTHERWM,114.0
2014,Spain,INCINRT,354.0
2014,Spain,INCINRT_EGY,137387.0
2014,Spain,LANDFIL,524826.0
2014,Spain,RECYCL,2366474.0
2016,Spain,LANDFIL,399024.0
2016,Spain,RECYCL,2229863.0
2016,Spain,OTHERWM,733.0
2016,Spain,INCINRT_EGY,148534.0
2016,Spain,INCINRT,636.0
2018,Spain,LANDFIL,519996.0
2018,Spain,OTHERWM,6034.0
2018,Spain,INCINRT_EGY,94030.0
2018,Spain,INCINRT,65778.0
2018,Spain,RECYCL,3349096.0
2020,Spain,LANDFIL,490290.0
2020,Spain,OTHERWM,10002.0
2020,Spain,INCINRT,52864.0
2020,Spain,INCINRT_EGY,81719.0
2020,Spain,RECYCL,2435403.0
2004,Sweden,INCINRT,71120.0
2004,Sweden,INCINRT_EGY,310802.0
2004,Sweden,OTHERWM,0.0
2004,Sweden,LANDFIL,494123.0
2006,Sweden,OTHERWM,0.0
2006,Sweden,INCINRT,103455.0
2006,Sweden,LANDFIL,143853.0
2006,Sweden,INCINRT_EGY,208781.0
2008,Sweden,OTHERWM,0.0
2008,Sweden,LANDFIL,384266.0
2008,Sweden,INCINRT_EGY,100154.0
2008,Sweden,INCINRT,86805.0
2010,Sweden,INCINRT_EGY,82826.0
2010,Sweden,OTHERWM,0.0
2010,Sweden,LANDFIL,355732.0
2010,Sweden,RECYCL,6352.0
2010,Sweden,INCINRT,85830.0
2012,Sweden,OTHERWM,0.0
2012,Sweden,INCINRT,42347.0
2012,Sweden,LANDFIL,466196.0
2012,Sweden,RECYCL,10749.0
2012,Sweden,INCINRT_EGY,137461.0
2014,Sweden,INCINRT,102739.0
2014,Sweden,OTHERWM,0.0
2014,Sweden,RECYCL,24109.0
2014,Sweden,INCINRT_EGY,153013.0
2014,Sweden,LANDFIL,426026.0
2016,Sweden,RECYCL,17611.0
2016,Sweden,OTHERWM,0.0
2016,Sweden,LANDFIL,626580.0
2016,Sweden,INCINRT_EGY,109902.0
2016,Sweden,INCINRT,210477.0
2018,Sweden,RECYCL,12245.0
2018,Sweden,INCINRT,129928.0
2018,Sweden,INCINRT_EGY,403770.0
2018,Sweden,LANDFIL,636526.0
2018,Sweden,OTHERWM,0.0
2020,Sweden,INCINRT,67523.0
2020,Sweden,OTHERWM,4070810.0
2020,Sweden,LANDFIL,4782526.0
2020,Sweden,INCINRT_EGY,285101.0
2004,Türkiye,OTHERWM,65.0
2004,Türkiye,LANDFIL,790840.0
2004,Türkiye,INCINRT,191901.0
2006,Türkiye,OTHERWM,0.0
2006,Türkiye,LANDFIL,26241.0
2006,Türkiye,INCINRT,28251.0
2008,Türkiye,LANDFIL,738319.0
2008,Türkiye,OTHERWM,126.0
2008,Türkiye,INCINRT,56947.0
2010,Türkiye,INCINRT,27331.0
2010,Türkiye,OTHERWM,7.0
2012,Türkiye,OTHERWM,33.0
2012,Türkiye,LANDFIL,2750268.0
2012,Türkiye,INCINRT,40559.0
2014,Türkiye,OTHERWM,0.0
2014,Türkiye,INCINRT,33329.0
2016,Türkiye,INCINRT_EGY,0.0
2016,Türkiye,INCINRT,57814.0
2018,Türkiye,OTHERWM,0.0
2018,Türkiye,LANDFIL,17497261.0
2018,Türkiye,INCINRT,62068.0
2020,Türkiye,LANDFIL,35861448.0
2020,Türkiye,INCINRT_EGY,0.0
2020,Türkiye,INCINRT,50897.0
2020,Türkiye,OTHERWM,0.0
2000,Ukraine,OTHERWM,13183.0
2000,Ukraine,LANDFIL,760626.0
2000,Ukraine,INCINRT,95301.0
2000,Ukraine,RECYCL,1280924.0
2001,Ukraine,RECYCL,2170048.0
2001,Ukraine,LANDFIL,640041.0
2001,Ukraine,INCINRT,121935.0
2001,Ukraine,OTHERWM,12183.0
2002,Ukraine,OTHERWM,8534.0
2002,Ukraine,RECYCL,1310757.0
2002,Ukraine,LANDFIL,726922.0
2002,Ukraine,INCINRT,390358.0
2003,Ukraine,INCINRT,382185.0
2003,Ukraine,LANDFIL,931700.0
2003,Ukraine,RECYCL,802010.0
2003,Ukraine,OTHERWM,8136.0
2004,Ukraine,LANDFIL,1102787.0
2004,Ukraine,OTHERWM,13415.0
2004,Ukraine,RECYCL,689365.0
2004,Ukraine,INCINRT,150660.0
2005,Ukraine,LANDFIL,948461.0
2005,Ukraine,RECYCL,811305.0
2005,Ukraine,OTHERWM,1843.0
2005,Ukraine,INCINRT,123486.0
2006,Ukraine,LANDFIL,1056953.0
2006,Ukraine,INCINRT,120043.0
2006,Ukraine,RECYCL,789994.0
2006,Ukraine,OTHERWM,1916.0
2007,Ukraine,LANDFIL,990591.0
2007,Ukraine,OTHERWM,1362.0
2007,Ukraine,INCINRT,75388.0
2007,Ukraine,RECYCL,995424.0
2008,Ukraine,INCINRT,56288.0
2008,Ukraine,LANDFIL,1066308.0
2008,Ukraine,OTHERWM,4837.0
2008,Ukraine,RECYCL,894834.0
2009,Ukraine,LANDFIL,333246.0
2009,Ukraine,INCINRT,47298.0
2009,Ukraine,RECYCL,794407.0
2009,Ukraine,OTHERWM,805.0
2010,Ukraine,LANDFIL,126849.0
2010,Ukraine,INCINRT_EGY,6212.0
2010,Ukraine,INCINRT,16473.0
2010,Ukraine,RECYCL,642392.0
2010,Ukraine,OTHERWM,179845.0
2011,Ukraine,INCINRT,15612.0
2011,Ukraine,INCINRT_EGY,4394.0
2011,Ukraine,LANDFIL,138455.0
2011,Ukraine,RECYCL,597529.0
2011,Ukraine,OTHERWM,104.0
2012,Ukraine,LANDFIL,146760.0
2012,Ukraine,INCINRT_EGY,765.0
2012,Ukraine,RECYCL,541356.0
2012,Ukraine,INCINRT,14007.0
2012,Ukraine,OTHERWM,31.0
2013,Ukraine,LANDFIL,102983.0
2013,Ukraine,OTHERWM,40.0
2013,Ukraine,INCINRT_EGY,1079.0
2013,Ukraine,RECYCL,439049.0
2013,Ukraine,INCINRT,15097.0
2014,Ukraine,OTHERWM,351.0
2014,Ukraine,LANDFIL,81584.0
2014,Ukraine,RECYCL,327134.0
2014,Ukraine,INCINRT_EGY,635.0
2014,Ukraine,INCINRT,8273.0
2015,Ukraine,RECYCL,314543.0
2015,Ukraine,OTHERWM,711.0
2015,Ukraine,LANDFIL,78650.0
2015,Ukraine,INCINRT,5808.0
2015,Ukraine,INCINRT_EGY,554.0
2016,Ukraine,INCINRT_EGY,271.0
2016,Ukraine,LANDFIL,102517.0
2016,Ukraine,RECYCL,337658.0
2016,Ukraine,INCINRT,6232.0
2016,Ukraine,OTHERWM,1092.0
2017,Ukraine,INCINRT,8748.0
2017,Ukraine,RECYCL,305545.0
2017,Ukraine,INCINRT_EGY,1346.0
2017,Ukraine,OTHERWM,1178.0
2017,Ukraine,LANDFIL,96810.0
2018,Ukraine,LANDFIL,114914.0
2018,Ukraine,RECYCL,276491.0
2018,Ukraine,INCINRT,11895.0
2018,Ukraine,OTHERWM,1448.0
2018,Ukraine,INCINRT_EGY,1567.0
2019,Ukraine,INCINRT,10626.0
2019,Ukraine,OTHERWM,1089.0
2019,Ukraine,RECYCL,252075.0
2019,Ukraine,INCINRT_EGY,1309.0
2019,Ukraine,LANDFIL,93262.0
2008,North Macedonia,LANDFIL,2693.0
2008,North Macedonia,OTHERWM,0.0
2008,North Macedonia,INCINRT,20.0
2010,North Macedonia,OTHERWM,0.0
2010,North Macedonia,LANDFIL,148936.0
2010,North Macedonia,INCINRT,120.0
2012,North Macedonia,LANDFIL,676021.0
2012,North Macedonia,OTHERWM,0.0
2012,North Macedonia,INCINRT,149.0
2014,North Macedonia,OTHERWM,21.25
2018,Denmark,INCINRT_EGY,207608.0
2018,Denmark,INCINRT,4386.0
2018,Denmark,OTHERWM,788.0
2018,Denmark,RECYCL,10137059.0
2014,North Macedonia,INCINRT_EGY,0.0
2014,North Macedonia,RECYCL,0.0
2014,North Macedonia,INCINRT,0.0
2014,North Macedonia,LANDFIL,3763.0
2018,North Macedonia,LANDFIL,7121.0
2018,North Macedonia,OTHERWM,3561.0
2018,North Macedonia,INCINRT,1665.0
2020,North Macedonia,OTHERWM,588.0
2020,North Macedonia,INCINRT,1151.0
2020,North Macedonia,LANDFIL,410645.0
2020,North Macedonia,LANDFIL,410645.0
