Year,GeoAreaName,Nature,Observation Status,Reporting Type,Units,Value
2000,Bulgaria,C,E,G,NUMBER,6
2001,Bulgaria,C,E,G,NUMBER,6
2002,Bulgaria,C,E,G,NUMBER,11
2003,Bulgaria,C,E,G,NUMBER,11
2004,Bulgaria,C,E,G,NUMBER,11
2005,Bulgaria,C,E,G,NUMBER,11
2006,Bulgaria,C,E,G,NUMBER,85
2007,Bulgaria,C,E,G,NUMBER,85
2008,Bulgaria,C,E,G,NUMBER,85
2009,Bulgaria,C,E,G,NUMBER,85
2010,Bulgaria,C,E,G,NUMBER,85
2011,Bulgaria,C,E,G,NUMBER,85
2012,Bulgaria,C,E,G,NUMBER,85
2013,Bulgaria,C,E,G,NUMBER,85
2014,Bulgaria,C,E,G,NUMBER,85
2015,Bulgaria,C,E,G,NUMBER,86
2016,Bulgaria,C,E,G,NUMBER,86
2017,Bulgaria,C,A,G,NUMBER,87
2018,Bulgaria,C,E,G,NUMBER,88
2019,Bulgaria,C,E,G,NUMBER,92
2020,Bulgaria,C,E,G,NUMBER,95
2021,Bulgaria,C,E,G,NUMBER,95
2022,Bulgaria,C,E,G,NUMBER,96
2023,Bulgaria,C,E,G,NUMBER,96
2000,Poland,C,E,G,NUMBER,98
2001,Poland,C,E,G,NUMBER,98
2002,Poland,C,E,G,NUMBER,100
2003,Poland,C,E,G,NUMBER,101
2004,Poland,C,E,G,NUMBER,102
2005,Poland,C,E,G,NUMBER,102
2006,Poland,C,E,G,NUMBER,161
2007,Poland,C,E,G,NUMBER,161
2008,Poland,C,E,G,NUMBER,161
2009,Poland,C,A,G,NUMBER,161
2010,Poland,C,A,G,NUMBER,161
2011,Poland,C,A,G,NUMBER,161
2012,Poland,C,A,G,NUMBER,161
2013,Poland,C,A,G,NUMBER,161
2014,Poland,C,E,G,NUMBER,161
2015,Poland,C,E,G,NUMBER,161
2016,Poland,C,E,G,NUMBER,161
2017,Poland,C,A,G,NUMBER,162
2018,Poland,C,A,G,NUMBER,162
2019,Poland,C,A,G,NUMBER,162
2020,Poland,C,A,G,NUMBER,162
2021,Poland,C,A,G,NUMBER,162
2022,Poland,C,E,G,NUMBER,164
2023,Poland,C,E,G,NUMBER,164
2000,Portugal,C,E,G,NUMBER,28
2001,Portugal,C,E,G,NUMBER,28
2002,Portugal,C,E,G,NUMBER,28
2003,Portugal,C,E,G,NUMBER,28
2004,Portugal,C,E,G,NUMBER,37
2005,Portugal,C,E,G,NUMBER,37
2006,Portugal,C,E,G,NUMBER,50
2007,Portugal,C,E,G,NUMBER,50
2008,Portugal,C,E,G,NUMBER,50
2009,Portugal,C,E,G,NUMBER,50
2010,Portugal,C,E,G,NUMBER,50
2011,Portugal,C,E,G,NUMBER,50
2012,Portugal,C,E,G,NUMBER,50
2013,Portugal,C,E,G,NUMBER,50
2014,Portugal,C,E,G,NUMBER,50
2015,Portugal,C,E,G,NUMBER,50
2000,Belarus,C,E,G,NUMBER,7
2001,Belarus,C,E,G,NUMBER,7
2002,Belarus,C,E,G,NUMBER,7
2003,Belarus,C,E,G,NUMBER,11
2004,Belarus,C,E,G,NUMBER,12
2005,Belarus,C,E,G,NUMBER,12
2006,Belarus,C,E,G,NUMBER,19
2007,Belarus,C,E,G,NUMBER,19
2008,Belarus,C,E,G,NUMBER,19
2009,Belarus,C,E,G,NUMBER,19
2010,Belarus,C,E,G,NUMBER,19
2011,Belarus,C,E,G,NUMBER,19
2012,Belarus,C,E,G,NUMBER,19
2016,Portugal,C,E,G,NUMBER,50
2017,Portugal,C,E,G,NUMBER,50
2018,Portugal,C,E,G,NUMBER,50
2019,Portugal,C,E,G,NUMBER,50
2020,Portugal,C,E,G,NUMBER,50
2021,Portugal,C,A,G,NUMBER,50
2022,Portugal,C,E,G,NUMBER,54
2023,Portugal,C,E,G,NUMBER,54
2000,Romania,C,E,G,NUMBER,96
2001,Romania,C,E,G,NUMBER,96
2002,Romania,C,E,G,NUMBER,96
2003,Romania,C,E,G,NUMBER,106
2004,Romania,C,E,G,NUMBER,106
2000,Albania,C,E,G,NUMBER,32
2001,Albania,C,E,G,NUMBER,32
2002,Albania,C,E,G,NUMBER,36
2003,Albania,C,E,G,NUMBER,36
2004,Albania,C,E,G,NUMBER,36
2005,Albania,C,E,G,NUMBER,36
2006,Albania,C,E,G,NUMBER,44
2007,Albania,C,E,G,NUMBER,44
2008,Albania,C,E,G,NUMBER,44
2009,Albania,C,E,G,NUMBER,44
2010,Albania,C,E,G,NUMBER,44
2011,Albania,C,E,G,NUMBER,44
2012,Albania,C,E,G,NUMBER,44
2005,Romania,C,E,G,NUMBER,106
2006,Romania,C,E,G,NUMBER,113
2007,Romania,C,E,G,NUMBER,113
2008,Romania,C,E,G,NUMBER,113
2009,Romania,C,E,G,NUMBER,113
2010,Romania,C,E,G,NUMBER,113
2011,Romania,C,E,G,NUMBER,113
2012,Romania,C,E,G,NUMBER,113
2013,Romania,C,E,G,NUMBER,113
2014,Romania,C,E,G,NUMBER,113
2015,Romania,C,E,G,NUMBER,113
2016,Romania,C,E,G,NUMBER,113
2017,Romania,C,E,G,NUMBER,113
2018,Romania,C,E,G,NUMBER,113
2019,Romania,C,E,G,NUMBER,113
2020,Romania,C,A,G,NUMBER,113
2021,Romania,C,E,G,NUMBER,113
2022,Romania,C,E,G,NUMBER,113
2023,Romania,C,E,G,NUMBER,113
2000,Serbia,C,E,G,NUMBER,9
2001,Serbia,C,E,G,NUMBER,9
2002,Serbia,C,E,G,NUMBER,9
2003,Serbia,C,E,G,NUMBER,9
2004,Serbia,C,E,G,NUMBER,12
2005,Serbia,C,E,G,NUMBER,12
2006,Serbia,C,E,G,NUMBER,24
2007,Serbia,C,E,G,NUMBER,24
2008,Serbia,C,E,G,NUMBER,24
2009,Serbia,C,E,G,NUMBER,24
2010,Serbia,C,E,G,NUMBER,24
2011,Serbia,C,E,G,NUMBER,24
2012,Serbia,C,E,G,NUMBER,24
2013,Serbia,C,E,G,NUMBER,24
2014,Serbia,C,E,G,NUMBER,24
2015,Serbia,C,E,G,NUMBER,24
2016,Serbia,C,E,G,NUMBER,24
2017,Serbia,C,E,G,NUMBER,24
2018,Serbia,C,E,G,NUMBER,24
2019,Serbia,C,E,G,NUMBER,24
2020,Serbia,C,A,G,NUMBER,24
2021,Serbia,C,E,G,NUMBER,24
2022,Serbia,C,E,G,NUMBER,24
2023,Serbia,C,E,G,NUMBER,24
2000,Slovakia,C,E,G,NUMBER,14
2001,Slovakia,C,E,G,NUMBER,14
2002,Slovakia,C,E,G,NUMBER,14
2003,Slovakia,C,E,G,NUMBER,19
2004,Slovakia,C,E,G,NUMBER,19
2005,Slovakia,C,E,G,NUMBER,19
2006,Slovakia,C,E,G,NUMBER,31
2007,Slovakia,C,E,G,NUMBER,31
2013,Albania,C,E,G,NUMBER,44
2014,Albania,C,E,G,NUMBER,44
2015,Albania,C,E,G,NUMBER,44
2016,Albania,C,E,G,NUMBER,44
2017,Albania,C,E,G,NUMBER,44
2018,Albania,C,E,G,NUMBER,44
2019,Albania,C,E,G,NUMBER,44
2020,Albania,C,E,G,NUMBER,44
2021,Albania,C,E,G,NUMBER,44
2022,Albania,C,E,G,NUMBER,44
2023,Albania,C,E,G,NUMBER,44
2000,Azerbaijan,C,E,G,NUMBER,3
2001,Azerbaijan,C,E,G,NUMBER,3
2008,Slovakia,C,E,G,NUMBER,31
2009,Slovakia,C,E,G,NUMBER,31
2010,Slovakia,C,E,G,NUMBER,31
2011,Slovakia,C,E,G,NUMBER,31
2012,Slovakia,C,E,G,NUMBER,31
2013,Slovakia,C,E,G,NUMBER,31
2014,Slovakia,C,E,G,NUMBER,31
2015,Slovakia,C,E,G,NUMBER,31
2016,Slovakia,C,E,G,NUMBER,31
2017,Slovakia,C,E,G,NUMBER,31
2018,Slovakia,C,E,G,NUMBER,31
2019,Slovakia,C,E,G,NUMBER,31
2020,Slovakia,C,E,G,NUMBER,31
2021,Slovakia,C,A,G,NUMBER,31
2022,Slovakia,C,E,G,NUMBER,31
2023,Slovakia,C,E,G,NUMBER,31
2000,Slovenia,C,A,G,NUMBER,6
2001,Slovenia,C,A,G,NUMBER,7
2002,Slovenia,C,A,G,NUMBER,7
2003,Slovenia,C,A,G,NUMBER,13
2004,Slovenia,C,A,G,NUMBER,14
2005,Slovenia,C,A,G,NUMBER,18
2006,Slovenia,C,A,G,NUMBER,34
2007,Slovenia,C,A,G,NUMBER,34
2008,Slovenia,C,A,G,NUMBER,34
2009,Slovenia,C,A,G,NUMBER,34
2010,Slovenia,C,A,G,NUMBER,34
2002,Azerbaijan,C,E,G,NUMBER,3
2003,Azerbaijan,C,E,G,NUMBER,3
2004,Azerbaijan,C,E,G,NUMBER,3
2005,Azerbaijan,C,E,G,NUMBER,3
2006,Azerbaijan,C,E,G,NUMBER,31
2007,Azerbaijan,C,E,G,NUMBER,31
2008,Azerbaijan,C,E,G,NUMBER,31
2009,Azerbaijan,C,E,G,NUMBER,31
2010,Azerbaijan,C,E,G,NUMBER,31
2011,Azerbaijan,C,E,G,NUMBER,31
2012,Azerbaijan,C,E,G,NUMBER,31
2013,Azerbaijan,C,E,G,NUMBER,31
2014,Azerbaijan,C,E,G,NUMBER,31
2015,Azerbaijan,C,E,G,NUMBER,31
2013,Belarus,C,E,G,NUMBER,19
2014,Belarus,C,E,G,NUMBER,19
2015,Belarus,C,E,G,NUMBER,19
2016,Belarus,C,E,G,NUMBER,19
2017,Belarus,C,E,G,NUMBER,19
2018,Belarus,C,E,G,NUMBER,19
2019,Belarus,C,E,G,NUMBER,19
2020,Belarus,C,E,G,NUMBER,19
2021,Belarus,C,E,G,NUMBER,19
2022,Belarus,C,E,G,NUMBER,19
2023,Belarus,C,E,G,NUMBER,19
2000,Croatia,C,E,G,NUMBER,20
2001,Croatia,C,E,G,NUMBER,20
2016,Azerbaijan,C,E,G,NUMBER,31
2017,Azerbaijan,C,E,G,NUMBER,31
2018,Azerbaijan,C,E,G,NUMBER,31
2019,Azerbaijan,C,E,G,NUMBER,31
2020,Azerbaijan,C,A,G,NUMBER,32
2021,Azerbaijan,C,E,G,NUMBER,32
2022,Azerbaijan,C,E,G,NUMBER,58
2023,Azerbaijan,C,E,G,NUMBER,58
2000,Austria,C,A,G,NUMBER,14
2001,Austria,C,A,G,NUMBER,15
2002,Austria,C,A,G,NUMBER,15
2003,Austria,C,A,G,NUMBER,15
2004,Austria,C,A,G,NUMBER,19
2005,Austria,C,A,G,NUMBER,20
2006,Austria,C,A,G,NUMBER,42
2007,Austria,C,A,G,NUMBER,42
2008,Austria,C,A,G,NUMBER,42
2009,Austria,C,A,G,NUMBER,42
2010,Austria,C,A,G,NUMBER,42
2011,Austria,C,A,G,NUMBER,42
2012,Austria,C,A,G,NUMBER,42
2013,Austria,C,A,G,NUMBER,42
2014,Austria,C,A,G,NUMBER,42
2015,Austria,C,A,G,NUMBER,42
2011,Slovenia,C,A,G,NUMBER,34
2012,Slovenia,C,A,G,NUMBER,34
2013,Slovenia,C,A,G,NUMBER,34
2014,Slovenia,C,A,G,NUMBER,34
2015,Slovenia,C,A,G,NUMBER,34
2016,Slovenia,C,A,G,NUMBER,34
2017,Slovenia,C,A,G,NUMBER,34
2018,Slovenia,C,A,G,NUMBER,34
2019,Slovenia,C,A,G,NUMBER,34
2020,Slovenia,C,A,G,NUMBER,34
2021,Slovenia,C,A,G,NUMBER,34
2022,Slovenia,C,A,G,NUMBER,34
2023,Slovenia,C,E,G,NUMBER,34
2000,Spain,C,E,G,NUMBER,136
2016,Austria,C,E,G,NUMBER,42
2017,Austria,C,E,G,NUMBER,42
2018,Austria,C,E,G,NUMBER,42
2019,Austria,C,E,G,NUMBER,42
2020,Austria,C,A,G,NUMBER,42
2021,Austria,C,E,G,NUMBER,42
2022,Austria,C,E,G,NUMBER,42
2023,Austria,C,E,G,NUMBER,42
2000,Armenia,C,E,G,NUMBER,2
2001,Armenia,C,E,G,NUMBER,2
2002,Armenia,C,E,G,NUMBER,2
2003,Armenia,C,E,G,NUMBER,3
2004,Armenia,C,E,G,NUMBER,3
2005,Armenia,C,E,G,NUMBER,3
2006,Armenia,C,E,G,NUMBER,14
2007,Armenia,C,E,G,NUMBER,14
2008,Armenia,C,E,G,NUMBER,14
2009,Armenia,C,E,G,NUMBER,14
2010,Armenia,C,E,G,NUMBER,14
2011,Armenia,C,E,G,NUMBER,14
2012,Armenia,C,E,G,NUMBER,14
2013,Armenia,C,E,G,NUMBER,14
2014,Armenia,C,E,G,NUMBER,14
2015,Armenia,C,E,G,NUMBER,14
2016,Armenia,C,E,G,NUMBER,14
2017,Armenia,C,E,G,NUMBER,14
2002,Croatia,C,E,G,NUMBER,20
2003,Croatia,C,E,G,NUMBER,20
2004,Croatia,C,E,G,NUMBER,20
2005,Croatia,C,E,G,NUMBER,28
2006,Croatia,C,A,G,NUMBER,43
2007,Croatia,C,E,G,NUMBER,43
2008,Croatia,C,E,G,NUMBER,43
2009,Croatia,C,A,G,NUMBER,43
2010,Croatia,C,A,G,NUMBER,43
2011,Croatia,C,A,G,NUMBER,43
2012,Croatia,C,A,G,NUMBER,43
2013,Croatia,C,A,G,NUMBER,43
2014,Croatia,C,E,G,NUMBER,43
2015,Croatia,C,E,G,NUMBER,43
2016,Croatia,C,E,G,NUMBER,43
2018,Armenia,C,E,G,NUMBER,14
2019,Armenia,C,E,G,NUMBER,14
2020,Armenia,C,E,G,NUMBER,14
2021,Armenia,C,E,G,NUMBER,14
2022,Armenia,C,E,G,NUMBER,14
2023,Armenia,C,E,G,NUMBER,14
2000,Belgium,C,E,G,NUMBER,43
2001,Belgium,C,E,G,NUMBER,43
2002,Belgium,C,E,G,NUMBER,43
2003,Belgium,C,E,G,NUMBER,43
2004,Belgium,C,E,G,NUMBER,43
2005,Belgium,C,E,G,NUMBER,43
2006,Belgium,C,E,G,NUMBER,81
2017,Croatia,C,E,G,NUMBER,43
2018,Croatia,C,E,G,NUMBER,43
2019,Croatia,C,E,G,NUMBER,49
2020,Croatia,C,A,G,NUMBER,50
2021,Croatia,C,E,G,NUMBER,50
2022,Croatia,C,E,G,NUMBER,50
2023,Croatia,C,E,G,NUMBER,50
2000,Cyprus,C,E,G,NUMBER,12
2001,Cyprus,C,E,G,NUMBER,12
2002,Cyprus,C,E,G,NUMBER,12
2003,Cyprus,C,E,G,NUMBER,12
2004,Cyprus,C,E,G,NUMBER,14
2005,Cyprus,C,E,G,NUMBER,15
2006,Cyprus,C,E,G,NUMBER,18
2007,Belgium,C,A,G,NUMBER,81
2008,Belgium,C,E,G,NUMBER,81
2009,Belgium,C,E,G,NUMBER,81
2010,Belgium,C,E,G,NUMBER,81
2011,Belgium,C,E,G,NUMBER,82
2012,Belgium,C,E,G,NUMBER,82
2013,Belgium,C,E,G,NUMBER,82
2014,Belgium,C,A,G,NUMBER,82
2015,Belgium,C,E,G,NUMBER,82
2016,Belgium,C,E,G,NUMBER,82
2017,Belgium,C,E,G,NUMBER,82
2018,Belgium,C,E,G,NUMBER,82
2019,Belgium,C,E,G,NUMBER,82
2001,Spain,C,E,G,NUMBER,145
2002,Spain,C,E,G,NUMBER,145
2003,Spain,C,E,G,NUMBER,145
2004,Spain,C,E,G,NUMBER,145
2005,Spain,C,E,G,NUMBER,147
2006,Spain,C,E,G,NUMBER,221
2007,Spain,C,E,G,NUMBER,221
2008,Spain,C,E,G,NUMBER,221
2009,Spain,C,A,G,NUMBER,221
2010,Spain,C,E,G,NUMBER,221
2011,Spain,C,E,G,NUMBER,221
2012,Spain,C,A,G,NUMBER,221
2013,Spain,C,A,G,NUMBER,221
2020,Belgium,C,E,G,NUMBER,82
2021,Belgium,C,E,G,NUMBER,82
2022,Belgium,C,E,G,NUMBER,82
2023,Belgium,C,E,G,NUMBER,82
2000,Bosnia and Herzegovina,C,E,G,NUMBER,2
2001,Bosnia and Herzegovina,C,E,G,NUMBER,2
2002,Bosnia and Herzegovina,C,E,G,NUMBER,2
2003,Bosnia and Herzegovina,C,E,G,NUMBER,6
2004,Bosnia and Herzegovina,C,E,G,NUMBER,6
2005,Bosnia and Herzegovina,C,E,G,NUMBER,6
2006,Bosnia and Herzegovina,C,E,G,NUMBER,22
2007,Bosnia and Herzegovina,C,E,G,NUMBER,22
2008,Bosnia and Herzegovina,C,E,G,NUMBER,22
2014,Spain,C,A,G,NUMBER,221
2015,Spain,C,A,G,NUMBER,221
2016,Spain,C,A,G,NUMBER,221
2017,Spain,C,A,G,NUMBER,221
2018,Spain,C,A,G,NUMBER,221
2019,Spain,C,A,G,NUMBER,221
2020,Spain,C,A,G,NUMBER,221
2021,Spain,C,A,G,NUMBER,221
2022,Spain,C,E,G,NUMBER,221
2023,Spain,C,E,G,NUMBER,221
2000,Sweden,C,E,G,NUMBER,31
2001,Sweden,C,E,G,NUMBER,31
2002,Sweden,C,E,G,NUMBER,36
2003,Sweden,C,E,G,NUMBER,37
2004,Sweden,C,E,G,NUMBER,39
2005,Sweden,C,A,G,NUMBER,39
2006,Sweden,C,E,G,NUMBER,53
2007,Sweden,C,A,G,NUMBER,53
2008,Sweden,C,A,G,NUMBER,53
2009,Sweden,C,E,G,NUMBER,53
2010,Sweden,C,A,G,NUMBER,53
2011,Sweden,C,A,G,NUMBER,53
2012,Sweden,C,A,G,NUMBER,53
2013,Sweden,C,E,G,NUMBER,53
2014,Sweden,C,E,G,NUMBER,53
2015,Sweden,C,E,G,NUMBER,53
2016,Sweden,C,A,G,NUMBER,53
2009,Bosnia and Herzegovina,C,E,G,NUMBER,22
2010,Bosnia and Herzegovina,C,E,G,NUMBER,22
2011,Bosnia and Herzegovina,C,E,G,NUMBER,22
2012,Bosnia and Herzegovina,C,E,G,NUMBER,22
2013,Bosnia and Herzegovina,C,E,G,NUMBER,22
2014,Bosnia and Herzegovina,C,E,G,NUMBER,22
2015,Bosnia and Herzegovina,C,E,G,NUMBER,22
2016,Bosnia and Herzegovina,C,E,G,NUMBER,22
2017,Bosnia and Herzegovina,C,E,G,NUMBER,22
2018,Bosnia and Herzegovina,C,E,G,NUMBER,22
2019,Bosnia and Herzegovina,C,E,G,NUMBER,22
2020,Bosnia and Herzegovina,C,E,G,NUMBER,22
2021,Bosnia and Herzegovina,C,E,G,NUMBER,22
2017,Sweden,C,A,G,NUMBER,53
2018,Sweden,C,A,G,NUMBER,53
2019,Sweden,C,A,G,NUMBER,53
2020,Sweden,C,A,G,NUMBER,54
2021,Sweden,C,E,G,NUMBER,54
2022,Sweden,C,E,G,NUMBER,54
2023,Sweden,C,E,G,NUMBER,54
2000,Switzerland,C,E,G,NUMBER,19
2001,Switzerland,C,E,G,NUMBER,20
2002,Switzerland,C,E,G,NUMBER,20
2003,Switzerland,C,A,G,NUMBER,20
2004,Switzerland,C,A,G,NUMBER,20
2005,Switzerland,C,A,G,NUMBER,20
2007,Cyprus,C,E,G,NUMBER,18
2008,Cyprus,C,E,G,NUMBER,18
2009,Cyprus,C,E,G,NUMBER,18
2010,Cyprus,C,E,G,NUMBER,18
2011,Cyprus,C,E,G,NUMBER,18
2012,Cyprus,C,E,G,NUMBER,18
2013,Cyprus,C,E,G,NUMBER,18
2014,Cyprus,C,E,G,NUMBER,18
2015,Cyprus,C,E,G,NUMBER,18
2016,Cyprus,C,E,G,NUMBER,18
2017,Cyprus,C,E,G,NUMBER,18
2018,Cyprus,C,E,G,NUMBER,18
2019,Cyprus,C,E,G,NUMBER,18
2020,Cyprus,C,E,G,NUMBER,18
2021,Cyprus,C,E,G,NUMBER,18
2022,Cyprus,C,E,G,NUMBER,18
2023,Cyprus,C,E,G,NUMBER,18
2000,Czechia,C,E,G,NUMBER,15
2001,Czechia,C,E,G,NUMBER,15
2002,Czechia,C,E,G,NUMBER,15
2003,Czechia,C,E,G,NUMBER,16
2004,Czechia,C,E,G,NUMBER,20
2005,Czechia,C,E,G,NUMBER,20
2006,Czechia,C,A,G,NUMBER,29
2007,Czechia,C,A,G,NUMBER,29
2008,Czechia,C,A,G,NUMBER,29
2009,Czechia,C,E,G,NUMBER,29
2010,Czechia,C,E,G,NUMBER,29
2011,Czechia,C,A,G,NUMBER,29
2012,Czechia,C,A,G,NUMBER,29
2013,Czechia,C,A,G,NUMBER,29
2014,Czechia,C,A,G,NUMBER,29
2015,Czechia,C,E,G,NUMBER,29
2016,Czechia,C,E,G,NUMBER,29
2017,Czechia,C,E,G,NUMBER,29
2018,Czechia,C,E,G,NUMBER,29
2019,Czechia,C,A,G,NUMBER,29
2020,Czechia,C,A,G,NUMBER,29
2021,Czechia,C,E,G,NUMBER,29
2022,Czechia,C,E,G,NUMBER,29
2023,Czechia,C,E,G,NUMBER,29
2000,Denmark,C,E,G,NUMBER,18
2001,Denmark,C,E,G,NUMBER,18
2002,Denmark,C,E,G,NUMBER,18
2003,Denmark,C,E,G,NUMBER,18
2004,Denmark,C,E,G,NUMBER,19
2005,Denmark,C,E,G,NUMBER,20
2006,Denmark,C,A,G,NUMBER,53
2007,Denmark,C,E,G,NUMBER,53
2008,Denmark,C,E,G,NUMBER,53
2009,Denmark,C,E,G,NUMBER,53
2010,Denmark,C,E,G,NUMBER,53
2011,Denmark,C,E,G,NUMBER,53
2012,Denmark,C,E,G,NUMBER,53
2013,Denmark,C,E,G,NUMBER,53
2014,Denmark,C,E,G,NUMBER,53
2015,Denmark,C,E,G,NUMBER,53
2016,Denmark,C,E,G,NUMBER,53
2017,Denmark,C,A,G,NUMBER,53
2018,Denmark,C,E,G,NUMBER,53
2019,Denmark,C,E,G,NUMBER,53
2020,Denmark,C,E,G,NUMBER,53
2021,Denmark,C,E,G,NUMBER,53
2022,Denmark,C,E,G,NUMBER,53
2023,Denmark,C,E,G,NUMBER,53
2000,Estonia,C,E,G,NUMBER,11
2001,Estonia,C,E,G,NUMBER,11
2002,Estonia,C,E,G,NUMBER,11
2003,Estonia,C,E,G,NUMBER,11
2004,Estonia,C,E,G,NUMBER,11
2005,Estonia,C,E,G,NUMBER,11
2006,Estonia,C,E,G,NUMBER,12
2007,Estonia,C,E,G,NUMBER,12
2008,Estonia,C,E,G,NUMBER,12
2009,Estonia,C,E,G,NUMBER,12
2010,Estonia,C,E,G,NUMBER,12
2011,Estonia,C,E,G,NUMBER,12
2012,Estonia,C,E,G,NUMBER,12
2013,Estonia,C,E,G,NUMBER,12
2014,Estonia,C,E,G,NUMBER,12
2015,Estonia,C,E,G,NUMBER,12
2016,Estonia,C,E,G,NUMBER,12
2017,Estonia,C,E,G,NUMBER,12
2018,Estonia,C,E,G,NUMBER,12
2019,Estonia,C,E,G,NUMBER,12
2020,Estonia,C,E,G,NUMBER,12
2021,Estonia,C,E,G,NUMBER,12
2022,Estonia,C,E,G,NUMBER,12
2023,Estonia,C,E,G,NUMBER,12
2000,Finland,C,E,G,NUMBER,9
2001,Finland,C,E,G,NUMBER,10
2002,Finland,C,E,G,NUMBER,10
2003,Finland,C,E,G,NUMBER,10
2004,Finland,C,E,G,NUMBER,12
2005,Finland,C,E,G,NUMBER,12
2006,Finland,C,E,G,NUMBER,23
2007,Finland,C,E,G,NUMBER,23
2006,Switzerland,C,E,G,NUMBER,29
2007,Switzerland,C,E,G,NUMBER,29
2008,Switzerland,C,A,G,NUMBER,29
2009,Switzerland,C,E,G,NUMBER,29
2010,Switzerland,C,E,G,NUMBER,29
2011,Switzerland,C,E,G,NUMBER,29
2012,Switzerland,C,A,G,NUMBER,29
2013,Switzerland,C,E,G,NUMBER,29
2014,Switzerland,C,A,G,NUMBER,29
2015,Switzerland,C,A,G,NUMBER,29
2016,Switzerland,C,E,G,NUMBER,29
2017,Switzerland,C,E,G,NUMBER,29
2018,Switzerland,C,E,G,NUMBER,29
2019,Switzerland,C,E,G,NUMBER,29
2020,Switzerland,C,A,G,NUMBER,29
2021,Switzerland,C,E,G,NUMBER,29
2022,Switzerland,C,E,G,NUMBER,29
2023,Switzerland,C,E,G,NUMBER,29
2000,Tajikistan,C,E,G,NUMBER,5
2001,Tajikistan,C,E,G,NUMBER,5
2002,Tajikistan,C,E,G,NUMBER,5
2003,Tajikistan,C,E,G,NUMBER,6
2004,Tajikistan,C,E,G,NUMBER,6
2005,Tajikistan,C,E,G,NUMBER,6
2008,Finland,C,E,G,NUMBER,23
2009,Finland,C,A,G,NUMBER,23
2010,Finland,C,A,G,NUMBER,23
2011,Finland,C,A,G,NUMBER,23
2012,Finland,C,E,G,NUMBER,23
2013,Finland,C,E,G,NUMBER,23
2014,Finland,C,E,G,NUMBER,23
2015,Finland,C,E,G,NUMBER,23
2016,Finland,C,E,G,NUMBER,23
2017,Finland,C,E,G,NUMBER,23
2018,Finland,C,E,G,NUMBER,23
2019,Finland,C,E,G,NUMBER,23
2020,Finland,C,A,G,NUMBER,23
2006,Tajikistan,C,E,G,NUMBER,22
2007,Tajikistan,C,E,G,NUMBER,22
2008,Tajikistan,C,E,G,NUMBER,22
2009,Tajikistan,C,E,G,NUMBER,22
2010,Tajikistan,C,E,G,NUMBER,22
2011,Tajikistan,C,E,G,NUMBER,22
2012,Tajikistan,C,E,G,NUMBER,22
2013,Tajikistan,C,E,G,NUMBER,22
2014,Tajikistan,C,E,G,NUMBER,22
2015,Tajikistan,C,E,G,NUMBER,22
2016,Tajikistan,C,E,G,NUMBER,22
2017,Tajikistan,C,E,G,NUMBER,22
2021,Finland,C,E,G,NUMBER,23
2022,Finland,C,E,G,NUMBER,23
2023,Finland,C,E,G,NUMBER,23
2000,France,C,E,G,NUMBER,141
2001,France,C,E,G,NUMBER,141
2002,France,C,E,G,NUMBER,141
2003,France,C,E,G,NUMBER,141
2004,France,C,E,G,NUMBER,142
2005,France,C,E,G,NUMBER,142
2006,France,C,E,G,NUMBER,282
2007,France,C,E,G,NUMBER,282
2008,France,C,E,G,NUMBER,282
2009,France,C,E,G,NUMBER,282
2010,France,C,E,G,NUMBER,282
2011,France,C,E,G,NUMBER,282
2012,France,C,E,G,NUMBER,282
2013,France,C,E,G,NUMBER,282
2014,France,C,E,G,NUMBER,282
2015,France,C,E,G,NUMBER,282
2016,France,C,E,G,NUMBER,282
2017,France,C,E,G,NUMBER,282
2018,France,C,A,G,NUMBER,282
2019,France,C,A,G,NUMBER,282
2020,France,C,E,G,NUMBER,282
2021,France,C,E,G,NUMBER,282
2022,France,C,A,G,NUMBER,283
2018,Tajikistan,C,E,G,NUMBER,22
2019,Tajikistan,C,E,G,NUMBER,22
2020,Tajikistan,C,E,G,NUMBER,22
2021,Tajikistan,C,E,G,NUMBER,22
2022,Tajikistan,C,E,G,NUMBER,22
2023,Tajikistan,C,E,G,NUMBER,22
2000,T�rkiye,C,E,G,NUMBER,28
2001,T�rkiye,C,E,G,NUMBER,28
2002,T�rkiye,C,E,G,NUMBER,28
2003,T�rkiye,C,E,G,NUMBER,34
2004,T�rkiye,C,E,G,NUMBER,34
2005,T�rkiye,C,E,G,NUMBER,34
2006,T�rkiye,C,E,G,NUMBER,106
2023,France,C,E,G,NUMBER,283
2000,Georgia,C,E,G,NUMBER,9
2001,Georgia,C,E,G,NUMBER,10
2002,Georgia,C,E,G,NUMBER,10
2003,Georgia,C,E,G,NUMBER,10
2004,Georgia,C,E,G,NUMBER,10
2005,Georgia,C,E,G,NUMBER,10
2006,Georgia,C,E,G,NUMBER,26
2007,Georgia,C,E,G,NUMBER,26
2008,Georgia,C,E,G,NUMBER,26
2009,Georgia,C,E,G,NUMBER,26
2010,Georgia,C,E,G,NUMBER,26
2011,Georgia,C,E,G,NUMBER,26
2007,T�rkiye,C,E,G,NUMBER,106
2008,T�rkiye,C,E,G,NUMBER,106
2009,T�rkiye,C,E,G,NUMBER,106
2010,T�rkiye,C,E,G,NUMBER,106
2011,T�rkiye,C,A,G,NUMBER,106
2012,T�rkiye,C,A,G,NUMBER,108
2013,T�rkiye,C,E,G,NUMBER,108
2014,T�rkiye,C,E,G,NUMBER,108
2015,T�rkiye,C,E,G,NUMBER,108
2016,T�rkiye,C,E,G,NUMBER,108
2017,T�rkiye,C,E,G,NUMBER,108
2018,T�rkiye,C,E,G,NUMBER,108
2019,T�rkiye,C,E,G,NUMBER,108
2020,T�rkiye,C,A,G,NUMBER,110
2021,T�rkiye,C,E,G,NUMBER,110
2022,T�rkiye,C,E,G,NUMBER,110
2023,T�rkiye,C,E,G,NUMBER,110
2000,Turkmenistan,C,E,G,NUMBER,1
2001,Turkmenistan,C,E,G,NUMBER,1
2002,Turkmenistan,C,E,G,NUMBER,1
2003,Turkmenistan,C,E,G,NUMBER,1
2004,Turkmenistan,C,E,G,NUMBER,3
2005,Turkmenistan,C,E,G,NUMBER,3
2006,Turkmenistan,C,E,G,NUMBER,14
2007,Turkmenistan,C,E,G,NUMBER,14
2012,Georgia,C,E,G,NUMBER,26
2013,Georgia,C,E,G,NUMBER,26
2014,Georgia,C,E,G,NUMBER,26
2015,Georgia,C,E,G,NUMBER,26
2016,Georgia,C,E,G,NUMBER,26
2017,Georgia,C,E,G,NUMBER,26
2018,Georgia,C,E,G,NUMBER,26
2019,Georgia,C,E,G,NUMBER,26
2020,Georgia,C,A,G,NUMBER,26
2021,Georgia,C,E,G,NUMBER,26
2022,Georgia,C,E,G,NUMBER,26
2023,Georgia,C,E,G,NUMBER,26
2000,Germany,C,E,G,NUMBER,305
2008,Turkmenistan,C,E,G,NUMBER,14
2009,Turkmenistan,C,E,G,NUMBER,14
2010,Turkmenistan,C,E,G,NUMBER,14
2011,Turkmenistan,C,E,G,NUMBER,14
2012,Turkmenistan,C,E,G,NUMBER,14
2013,Turkmenistan,C,E,G,NUMBER,14
2014,Turkmenistan,C,E,G,NUMBER,14
2015,Turkmenistan,C,E,G,NUMBER,14
2016,Turkmenistan,C,E,G,NUMBER,14
2017,Turkmenistan,C,E,G,NUMBER,14
2018,Turkmenistan,C,E,G,NUMBER,14
2019,Turkmenistan,C,E,G,NUMBER,14
2020,Turkmenistan,C,E,G,NUMBER,14
2021,Turkmenistan,C,E,G,NUMBER,14
2022,Turkmenistan,C,E,G,NUMBER,14
2023,Turkmenistan,C,E,G,NUMBER,14
2000,Ukraine,C,E,G,NUMBER,39
2001,Ukraine,C,E,G,NUMBER,56
2002,Ukraine,C,E,G,NUMBER,59
2003,Ukraine,C,A,G,NUMBER,78
2004,Ukraine,C,A,G,NUMBER,84
2005,Ukraine,C,A,G,NUMBER,87
2006,Ukraine,C,A,G,NUMBER,126
2007,Ukraine,C,A,G,NUMBER,126
2008,Ukraine,C,A,G,NUMBER,126
2009,Ukraine,C,A,G,NUMBER,126
2010,Ukraine,C,A,G,NUMBER,126
2011,Ukraine,C,A,G,NUMBER,126
2012,Ukraine,C,A,G,NUMBER,126
2013,Ukraine,C,E,G,NUMBER,126
2014,Ukraine,C,E,G,NUMBER,126
2015,Ukraine,C,E,G,NUMBER,126
2016,Ukraine,C,A,G,NUMBER,126
2017,Ukraine,C,E,G,NUMBER,126
2018,Ukraine,C,E,G,NUMBER,126
2019,Ukraine,C,E,G,NUMBER,131
2020,Ukraine,C,E,G,NUMBER,132
2021,Ukraine,C,E,G,NUMBER,133
2022,Ukraine,C,E,G,NUMBER,133
2023,Ukraine,C,E,G,NUMBER,133
2000,North Macedonia,C,E,G,NUMBER,6
2001,North Macedonia,C,E,G,NUMBER,6
2002,North Macedonia,C,E,G,NUMBER,6
2003,North Macedonia,C,E,G,NUMBER,6
2004,North Macedonia,C,E,G,NUMBER,6
2005,North Macedonia,C,E,G,NUMBER,6
2006,North Macedonia,C,E,G,NUMBER,7
2007,North Macedonia,C,E,G,NUMBER,7
2008,North Macedonia,C,E,G,NUMBER,7
2009,North Macedonia,C,E,G,NUMBER,7
2010,North Macedonia,C,E,G,NUMBER,7
2011,North Macedonia,C,E,G,NUMBER,7
2012,North Macedonia,C,E,G,NUMBER,7
2013,North Macedonia,C,E,G,NUMBER,7
2014,North Macedonia,C,E,G,NUMBER,7
2015,North Macedonia,C,E,G,NUMBER,7
2016,North Macedonia,C,E,G,NUMBER,7
2017,North Macedonia,C,E,G,NUMBER,7
2018,North Macedonia,C,E,G,NUMBER,7
2019,North Macedonia,C,E,G,NUMBER,7
2020,North Macedonia,C,E,G,NUMBER,7
2021,North Macedonia,C,E,G,NUMBER,7
2022,North Macedonia,C,E,G,NUMBER,7
2023,North Macedonia,C,E,G,NUMBER,7
2000,Uzbekistan,C,E,G,NUMBER,2
2001,Uzbekistan,C,E,G,NUMBER,2
2002,Uzbekistan,C,E,G,NUMBER,2
2003,Uzbekistan,C,E,G,NUMBER,6
2004,Uzbekistan,C,E,G,NUMBER,6
2005,Uzbekistan,C,E,G,NUMBER,6
2006,Uzbekistan,C,E,G,NUMBER,23
2007,Uzbekistan,C,E,G,NUMBER,23
2008,Uzbekistan,C,E,G,NUMBER,23
2009,Uzbekistan,C,E,G,NUMBER,23
2010,Uzbekistan,C,E,G,NUMBER,23
2011,Uzbekistan,C,E,G,NUMBER,23
2012,Uzbekistan,C,E,G,NUMBER,23
2013,Uzbekistan,C,E,G,NUMBER,23
2001,Germany,C,E,G,NUMBER,311
2002,Germany,C,E,G,NUMBER,313
2003,Germany,C,E,G,NUMBER,322
2004,Germany,C,E,G,NUMBER,388
2005,Germany,C,E,G,NUMBER,420
2006,Germany,C,E,G,NUMBER,515
2007,Germany,C,E,G,NUMBER,515
2008,Germany,C,E,G,NUMBER,515
2009,Germany,C,E,G,NUMBER,515
2010,Germany,C,E,G,NUMBER,515
2011,Germany,C,E,G,NUMBER,515
2012,Germany,C,E,G,NUMBER,515
2013,Germany,C,E,G,NUMBER,515
2014,Germany,C,E,G,NUMBER,515
2015,Germany,C,E,G,NUMBER,515
2016,Germany,C,E,G,NUMBER,515
2017,Germany,C,E,G,NUMBER,515
2018,Germany,C,E,G,NUMBER,515
2019,Germany,C,E,G,NUMBER,525
2020,Germany,C,A,G,NUMBER,526
2021,Germany,C,E,G,NUMBER,527
2022,Germany,C,E,G,NUMBER,527
2023,Germany,C,E,G,NUMBER,527
2000,Greece,C,E,G,NUMBER,22
2001,Greece,C,E,G,NUMBER,31
2002,Greece,C,E,G,NUMBER,31
2003,Greece,C,E,G,NUMBER,32
2004,Greece,C,E,G,NUMBER,32
2005,Greece,C,E,G,NUMBER,32
2006,Greece,C,E,G,NUMBER,39
2007,Greece,C,E,G,NUMBER,39
2008,Greece,C,E,G,NUMBER,39
2009,Greece,C,A,G,NUMBER,39
2010,Greece,C,E,G,NUMBER,39
2011,Greece,C,E,G,NUMBER,39
2012,Greece,C,E,G,NUMBER,39
2013,Greece,C,E,G,NUMBER,39
2014,Greece,C,E,G,NUMBER,39
2015,Greece,C,E,G,NUMBER,39
2016,Greece,C,E,G,NUMBER,39
2017,Greece,C,E,G,NUMBER,39
2018,Greece,C,E,G,NUMBER,39
2019,Greece,C,E,G,NUMBER,39
2020,Greece,C,A,G,NUMBER,40
2021,Greece,C,E,G,NUMBER,40
2022,Greece,C,E,G,NUMBER,40
2023,Greece,C,E,G,NUMBER,40
2000,Hungary,C,E,G,NUMBER,34
2001,Hungary,C,E,G,NUMBER,35
2002,Hungary,C,E,G,NUMBER,35
2003,Hungary,C,E,G,NUMBER,37
2004,Hungary,C,E,G,NUMBER,39
2005,Hungary,C,E,G,NUMBER,45
2006,Hungary,C,E,G,NUMBER,135
2007,Hungary,C,E,G,NUMBER,135
2008,Hungary,C,E,G,NUMBER,135
2009,Hungary,C,E,G,NUMBER,135
2010,Hungary,C,E,G,NUMBER,135
2011,Hungary,C,E,G,NUMBER,135
2012,Hungary,C,E,G,NUMBER,135
2013,Hungary,C,E,G,NUMBER,135
2014,Hungary,C,E,G,NUMBER,135
2015,Hungary,C,E,G,NUMBER,135
2016,Hungary,C,E,G,NUMBER,135
2017,Hungary,C,E,G,NUMBER,135
2018,Hungary,C,E,G,NUMBER,135
2019,Hungary,C,E,G,NUMBER,135
2020,Hungary,C,A,G,NUMBER,150
2021,Hungary,C,E,G,NUMBER,153
2022,Hungary,C,E,G,NUMBER,155
2023,Hungary,C,E,G,NUMBER,155
2000,Iceland,C,E,G,NUMBER,6
2001,Iceland,C,E,G,NUMBER,6
2002,Iceland,C,E,G,NUMBER,6
2003,Iceland,C,E,G,NUMBER,6
2004,Iceland,C,E,G,NUMBER,6
2005,Iceland,C,E,G,NUMBER,6
2006,Iceland,C,E,G,NUMBER,6
2007,Iceland,C,E,G,NUMBER,6
2008,Iceland,C,E,G,NUMBER,6
2009,Iceland,C,E,G,NUMBER,6
2010,Iceland,C,E,G,NUMBER,6
2011,Iceland,C,E,G,NUMBER,6
2012,Iceland,C,E,G,NUMBER,6
2013,Iceland,C,E,G,NUMBER,6
2014,Iceland,C,E,G,NUMBER,6
2015,Iceland,C,E,G,NUMBER,6
2016,Iceland,C,E,G,NUMBER,6
2017,Iceland,C,E,G,NUMBER,6
2018,Iceland,C,E,G,NUMBER,6
2019,Iceland,C,E,G,NUMBER,6
2020,Iceland,C,A,G,NUMBER,10
2021,Iceland,C,E,G,NUMBER,10
2022,Iceland,C,E,G,NUMBER,10
2023,Iceland,C,E,G,NUMBER,10
2000,Ireland,C,E,G,NUMBER,14
2001,Ireland,C,E,G,NUMBER,14
2002,Ireland,C,E,G,NUMBER,14
2003,Ireland,C,E,G,NUMBER,15
2004,Ireland,C,E,G,NUMBER,16
2005,Ireland,C,E,G,NUMBER,16
2006,Ireland,C,E,G,NUMBER,39
2007,Ireland,C,E,G,NUMBER,39
2008,Ireland,C,E,G,NUMBER,39
2009,Ireland,C,E,G,NUMBER,39
2010,Ireland,C,E,G,NUMBER,39
2011,Ireland,C,E,G,NUMBER,39
2012,Ireland,C,E,G,NUMBER,39
2013,Ireland,C,E,G,NUMBER,39
2014,Ireland,C,E,G,NUMBER,39
2015,Ireland,C,E,G,NUMBER,39
2016,Ireland,C,E,G,NUMBER,39
2017,Ireland,C,E,G,NUMBER,39
2018,Ireland,C,E,G,NUMBER,39
2019,Ireland,C,E,G,NUMBER,39
2020,Ireland,C,A,G,NUMBER,39
2021,Ireland,C,E,G,NUMBER,39
2022,Ireland,C,E,G,NUMBER,39
2023,Ireland,C,E,G,NUMBER,39
2000,Italy,C,E,G,NUMBER,111
2001,Italy,C,A,G,NUMBER,126
2002,Italy,C,E,G,NUMBER,130
2003,Italy,C,E,G,NUMBER,131
2004,Italy,C,E,G,NUMBER,131
2005,Italy,C,E,G,NUMBER,138
2006,Italy,C,E,G,NUMBER,187
2007,Italy,C,E,G,NUMBER,187
2008,Italy,C,E,G,NUMBER,187
2009,Italy,C,E,G,NUMBER,187
2010,Italy,C,E,G,NUMBER,187
2011,Italy,C,E,G,NUMBER,187
2012,Italy,C,E,G,NUMBER,187
2013,Italy,C,A,G,NUMBER,187
2014,Italy,C,A,G,NUMBER,187
2015,Italy,C,A,G,NUMBER,187
2016,Italy,C,E,G,NUMBER,187
2017,Italy,C,E,G,NUMBER,187
2018,Italy,C,E,G,NUMBER,211
2019,Italy,C,E,G,NUMBER,216
2020,Italy,C,A,G,NUMBER,216
2021,Italy,C,E,G,NUMBER,216
2022,Italy,C,E,G,NUMBER,216
2023,Italy,C,E,G,NUMBER,216
2000,Kazakhstan,C,E,G,NUMBER,14
2001,Kazakhstan,C,E,G,NUMBER,14
2002,Kazakhstan,C,E,G,NUMBER,14
2003,Kazakhstan,C,E,G,NUMBER,15
2004,Kazakhstan,C,E,G,NUMBER,15
2005,Kazakhstan,C,E,G,NUMBER,15
2006,Kazakhstan,C,E,G,NUMBER,46
2007,Kazakhstan,C,E,G,NUMBER,46
2008,Kazakhstan,C,E,G,NUMBER,46
2009,Kazakhstan,C,E,G,NUMBER,46
2010,Kazakhstan,C,E,G,NUMBER,46
2011,Kazakhstan,C,E,G,NUMBER,46
2012,Kazakhstan,C,E,G,NUMBER,46
2013,Kazakhstan,C,E,G,NUMBER,46
2014,Kazakhstan,C,E,G,NUMBER,46
2015,Kazakhstan,C,E,G,NUMBER,46
2016,Kazakhstan,C,E,G,NUMBER,46
2017,Kazakhstan,C,E,G,NUMBER,46
2018,Kazakhstan,C,E,G,NUMBER,46
2019,Kazakhstan,C,E,G,NUMBER,46
2020,Kazakhstan,C,E,G,NUMBER,46
2021,Kazakhstan,C,E,G,NUMBER,46
2022,Kazakhstan,C,A,G,NUMBER,46
2023,Kazakhstan,C,E,G,NUMBER,46
2000,Kyrgyzstan,C,E,G,NUMBER,9
2001,Kyrgyzstan,C,E,G,NUMBER,9
2002,Kyrgyzstan,C,E,G,NUMBER,15
2003,Kyrgyzstan,C,E,G,NUMBER,16
2004,Kyrgyzstan,C,E,G,NUMBER,16
2005,Kyrgyzstan,C,E,G,NUMBER,16
2006,Kyrgyzstan,C,E,G,NUMBER,27
2007,Kyrgyzstan,C,E,G,NUMBER,27
2008,Kyrgyzstan,C,E,G,NUMBER,27
2009,Kyrgyzstan,C,E,G,NUMBER,27
2010,Kyrgyzstan,C,E,G,NUMBER,27
2011,Kyrgyzstan,C,E,G,NUMBER,27
2012,Kyrgyzstan,C,E,G,NUMBER,27
2013,Kyrgyzstan,C,E,G,NUMBER,27
2014,Kyrgyzstan,C,E,G,NUMBER,27
2015,Kyrgyzstan,C,E,G,NUMBER,27
2016,Kyrgyzstan,C,E,G,NUMBER,27
2017,Kyrgyzstan,C,E,G,NUMBER,27
2018,Kyrgyzstan,C,E,G,NUMBER,27
2019,Kyrgyzstan,C,E,G,NUMBER,27
2020,Kyrgyzstan,C,A,G,NUMBER,27
2021,Kyrgyzstan,C,E,G,NUMBER,27
2022,Kyrgyzstan,C,E,G,NUMBER,27
2023,Kyrgyzstan,C,E,G,NUMBER,27
2000,Latvia,C,E,G,NUMBER,5
2001,Latvia,C,E,G,NUMBER,5
2002,Latvia,C,E,G,NUMBER,5
2003,Latvia,C,E,G,NUMBER,7
2004,Latvia,C,E,G,NUMBER,7
2005,Latvia,C,E,G,NUMBER,7
2006,Latvia,C,E,G,NUMBER,14
2007,Latvia,C,E,G,NUMBER,14
2008,Latvia,C,E,G,NUMBER,14
2009,Latvia,C,E,G,NUMBER,14
2010,Latvia,C,E,G,NUMBER,14
2011,Latvia,C,E,G,NUMBER,14
2012,Latvia,C,E,G,NUMBER,14
2013,Latvia,C,E,G,NUMBER,14
2014,Latvia,C,E,G,NUMBER,14
2015,Latvia,C,E,G,NUMBER,14
2016,Latvia,C,E,G,NUMBER,14
2017,Latvia,C,E,G,NUMBER,14
2018,Latvia,C,E,G,NUMBER,14
2019,Latvia,C,E,G,NUMBER,14
2020,Latvia,C,E,G,NUMBER,16
2021,Latvia,C,E,G,NUMBER,16
2022,Latvia,C,E,G,NUMBER,16
2023,Latvia,C,E,G,NUMBER,16
2000,Liechtenstein,NA,O,G,NUMBER,NaN
2001,Liechtenstein,NA,O,G,NUMBER,NaN
2002,Liechtenstein,NA,O,G,NUMBER,NaN
2003,Liechtenstein,NA,O,G,NUMBER,NaN
2004,Liechtenstein,NA,O,G,NUMBER,NaN
2005,Liechtenstein,NA,O,G,NUMBER,NaN
2006,Liechtenstein,NA,O,G,NUMBER,NaN
2007,Liechtenstein,NA,O,G,NUMBER,NaN
2008,Liechtenstein,NA,O,G,NUMBER,NaN
2009,Liechtenstein,NA,O,G,NUMBER,NaN
2010,Liechtenstein,NA,O,G,NUMBER,NaN
2011,Liechtenstein,NA,O,G,NUMBER,NaN
2012,Liechtenstein,NA,O,G,NUMBER,NaN
2013,Liechtenstein,NA,O,G,NUMBER,NaN
2014,Liechtenstein,NA,O,G,NUMBER,NaN
2015,Liechtenstein,NA,O,G,NUMBER,NaN
2016,Liechtenstein,NA,O,G,NUMBER,NaN
2017,Liechtenstein,NA,O,G,NUMBER,NaN
2018,Liechtenstein,NA,O,G,NUMBER,NaN
2019,Liechtenstein,NA,O,G,NUMBER,NaN
2020,Liechtenstein,NA,O,G,NUMBER,NaN
2021,Liechtenstein,NA,O,G,NUMBER,NaN
2022,Liechtenstein,NA,O,G,NUMBER,NaN
2023,Liechtenstein,NA,O,G,NUMBER,NaN
2000,Lithuania,C,E,G,NUMBER,12
2001,Lithuania,C,E,G,NUMBER,12
2002,Lithuania,C,E,G,NUMBER,12
2003,Lithuania,C,E,G,NUMBER,14
2004,Lithuania,C,E,G,NUMBER,14
2005,Lithuania,C,E,G,NUMBER,14
2006,Lithuania,C,E,G,NUMBER,21
2007,Lithuania,C,E,G,NUMBER,21
2008,Lithuania,C,E,G,NUMBER,21
2009,Lithuania,C,E,G,NUMBER,21
2010,Lithuania,C,E,G,NUMBER,21
2011,Lithuania,C,E,G,NUMBER,21
2012,Lithuania,C,E,G,NUMBER,21
2013,Lithuania,C,E,G,NUMBER,21
2014,Lithuania,C,E,G,NUMBER,21
2015,Lithuania,C,E,G,NUMBER,21
2016,Lithuania,C,E,G,NUMBER,23
2017,Lithuania,C,E,G,NUMBER,23
2018,Lithuania,C,E,G,NUMBER,23
2019,Lithuania,C,E,G,NUMBER,23
2020,Lithuania,C,A,G,NUMBER,23
2021,Lithuania,C,E,G,NUMBER,23
2022,Lithuania,C,E,G,NUMBER,23
2023,Lithuania,C,E,G,NUMBER,23
2000,Luxembourg,NA,O,G,NUMBER,NaN
2001,Luxembourg,NA,O,G,NUMBER,NaN
2002,Luxembourg,NA,O,G,NUMBER,NaN
2003,Luxembourg,NA,O,G,NUMBER,NaN
2004,Luxembourg,NA,O,G,NUMBER,NaN
2005,Luxembourg,NA,O,G,NUMBER,NaN
2006,Luxembourg,C,E,G,NUMBER,114
2007,Luxembourg,C,E,G,NUMBER,114
2008,Luxembourg,C,E,G,NUMBER,114
2009,Luxembourg,C,E,G,NUMBER,114
2010,Luxembourg,C,E,G,NUMBER,114
2011,Luxembourg,C,E,G,NUMBER,114
2012,Luxembourg,C,E,G,NUMBER,114
2013,Luxembourg,C,E,G,NUMBER,114
2014,Luxembourg,C,E,G,NUMBER,114
2015,Luxembourg,C,E,G,NUMBER,114
2016,Luxembourg,C,E,G,NUMBER,114
2017,Luxembourg,C,E,G,NUMBER,114
2018,Luxembourg,C,E,G,NUMBER,114
2019,Luxembourg,C,E,G,NUMBER,114
2020,Luxembourg,C,A,G,NUMBER,114
2021,Luxembourg,C,E,G,NUMBER,114
2022,Luxembourg,C,E,G,NUMBER,114
2023,Luxembourg,C,E,G,NUMBER,114
2000,Malta,C,E,G,NUMBER,2
2001,Malta,C,E,G,NUMBER,2
2002,Malta,C,E,G,NUMBER,2
2003,Malta,C,E,G,NUMBER,2
2004,Malta,C,E,G,NUMBER,2
2005,Malta,C,E,G,NUMBER,2
2006,Malta,C,E,G,NUMBER,2
2007,Malta,C,E,G,NUMBER,2
2008,Malta,C,E,G,NUMBER,2
2009,Malta,C,E,G,NUMBER,2
2010,Malta,C,E,G,NUMBER,2
2011,Malta,C,E,G,NUMBER,2
2012,Malta,C,E,G,NUMBER,2
2013,Malta,C,E,G,NUMBER,2
2014,Malta,C,E,G,NUMBER,2
2015,Malta,C,E,G,NUMBER,2
2016,Malta,C,E,G,NUMBER,2
2017,Malta,C,E,G,NUMBER,2
2018,Malta,C,E,G,NUMBER,2
2019,Malta,C,E,G,NUMBER,2
2020,Malta,C,E,G,NUMBER,2
2021,Malta,C,E,G,NUMBER,2
2022,Malta,C,E,G,NUMBER,2
2023,Malta,C,E,G,NUMBER,2
2000,Republic of Moldova,C,E,G,NUMBER,9
2001,Republic of Moldova,C,E,G,NUMBER,9
2002,Republic of Moldova,C,E,G,NUMBER,12
2003,Republic of Moldova,C,E,G,NUMBER,12
2004,Republic of Moldova,C,E,G,NUMBER,12
2005,Republic of Moldova,C,E,G,NUMBER,12
2006,Republic of Moldova,C,E,G,NUMBER,20
2007,Republic of Moldova,C,E,G,NUMBER,20
2008,Republic of Moldova,C,E,G,NUMBER,20
2009,Republic of Moldova,C,E,G,NUMBER,20
2010,Republic of Moldova,C,E,G,NUMBER,20
2011,Republic of Moldova,C,E,G,NUMBER,20
2012,Republic of Moldova,C,E,G,NUMBER,20
2013,Republic of Moldova,C,E,G,NUMBER,20
2014,Republic of Moldova,C,E,G,NUMBER,20
2015,Republic of Moldova,C,E,G,NUMBER,20
2016,Republic of Moldova,C,E,G,NUMBER,20
2017,Republic of Moldova,C,E,G,NUMBER,20
2018,Republic of Moldova,C,E,G,NUMBER,20
2019,Republic of Moldova,C,E,G,NUMBER,20
2020,Republic of Moldova,C,E,G,NUMBER,20
2021,Republic of Moldova,C,E,G,NUMBER,20
2022,Republic of Moldova,C,E,G,NUMBER,20
2023,Republic of Moldova,C,E,G,NUMBER,20
2000,Montenegro,NA,O,G,NUMBER,NaN
2001,Montenegro,NA,O,G,NUMBER,NaN
2002,Montenegro,NA,O,G,NUMBER,NaN
2003,Montenegro,NA,O,G,NUMBER,NaN
2004,Montenegro,NA,O,G,NUMBER,NaN
2005,Montenegro,NA,O,G,NUMBER,NaN
2006,Montenegro,C,E,G,NUMBER,12
2007,Montenegro,C,E,G,NUMBER,12
2008,Montenegro,C,E,G,NUMBER,12
2009,Montenegro,C,E,G,NUMBER,12
2010,Montenegro,C,A,G,NUMBER,12
2011,Montenegro,C,E,G,NUMBER,12
2012,Montenegro,C,E,G,NUMBER,12
2013,Montenegro,C,E,G,NUMBER,12
2014,Montenegro,C,E,G,NUMBER,12
2015,Montenegro,C,E,G,NUMBER,12
2016,Montenegro,C,A,G,NUMBER,12
2017,Montenegro,C,A,G,NUMBER,12
2018,Montenegro,C,A,G,NUMBER,12
2019,Montenegro,C,A,G,NUMBER,12
2020,Montenegro,C,A,G,NUMBER,12
2021,Montenegro,C,E,G,NUMBER,12
2022,Montenegro,C,E,G,NUMBER,13
2023,Montenegro,C,E,G,NUMBER,13
2000,Netherlands,C,A,G,NUMBER,19
2001,Netherlands,C,A,G,NUMBER,59
2002,Netherlands,C,A,G,NUMBER,60
2003,Netherlands,C,A,G,NUMBER,60
2004,Netherlands,C,A,G,NUMBER,61
2005,Netherlands,C,A,G,NUMBER,61
2006,Netherlands,C,A,G,NUMBER,84
2007,Netherlands,C,A,G,NUMBER,84
2008,Netherlands,C,A,G,NUMBER,84
2009,Netherlands,C,A,G,NUMBER,84
2010,Netherlands,C,A,G,NUMBER,84
2011,Netherlands,C,A,G,NUMBER,84
2012,Netherlands,C,A,G,NUMBER,84
2013,Netherlands,C,A,G,NUMBER,84
2014,Netherlands,C,A,G,NUMBER,84
2015,Netherlands,C,A,G,NUMBER,84
2016,Netherlands,C,A,G,NUMBER,84
2017,Netherlands,C,A,G,NUMBER,84
2018,Netherlands,C,A,G,NUMBER,84
2019,Netherlands,C,A,G,NUMBER,84
2020,Netherlands,C,A,G,NUMBER,84
2021,Netherlands,C,A,G,NUMBER,87
2022,Netherlands,C,A,G,NUMBER,87
2023,Netherlands,C,E,G,NUMBER,87
2000,Norway,C,E,G,NUMBER,49
2001,Norway,C,E,G,NUMBER,49
2002,Norway,C,E,G,NUMBER,49
2003,Norway,C,E,G,NUMBER,50
2004,Norway,C,E,G,NUMBER,50
2005,Norway,C,A,G,NUMBER,50
2006,Norway,C,E,G,NUMBER,64
2007,Norway,C,E,G,NUMBER,64
2008,Norway,C,E,G,NUMBER,64
2009,Norway,C,E,G,NUMBER,64
2010,Norway,C,A,G,NUMBER,64
2011,Norway,C,A,G,NUMBER,64
2012,Norway,C,A,G,NUMBER,64
2013,Norway,C,E,G,NUMBER,64
2014,Norway,C,E,G,NUMBER,64
2015,Norway,C,E,G,NUMBER,64
2014,Uzbekistan,C,E,G,NUMBER,23
2015,Uzbekistan,C,E,G,NUMBER,23
2016,Uzbekistan,C,E,G,NUMBER,23
2017,Uzbekistan,C,E,G,NUMBER,23
2018,Uzbekistan,C,E,G,NUMBER,23
2019,Uzbekistan,C,E,G,NUMBER,23
2020,Uzbekistan,C,E,G,NUMBER,23
2021,Uzbekistan,C,E,G,NUMBER,23
2022,Uzbekistan,C,E,G,NUMBER,23
2023,Uzbekistan,C,E,G,NUMBER,23
2022,Bosnia and Herzegovina,C,E,G,NUMBER,22
2023,Bosnia and Herzegovina,C,E,G,NUMBER,22
2016,Norway,C,E,G,NUMBER,64
2017,Norway,C,E,G,NUMBER,64
2018,Norway,C,A,G,NUMBER,64
2019,Norway,C,E,G,NUMBER,64
2020,Norway,C,A,G,NUMBER,64
2021,Norway,C,E,G,NUMBER,64
2022,Norway,C,E,G,NUMBER,64
2023,Norway,C,E,G,NUMBER,64
2023,Norway,C,E,G,NUMBER,64