Year,GeoAreaName,Type of skill,Value
2019,Albania,COPA,0.82791
2019,Albania,SOFT,0.82642
2019,Albania,PCPR,0.76814
2019,Albania,EPRS,1.04374
2019,Albania,TRAF,0.8558
2020,Albania,EPRS,0.95598
2020,Albania,PRVCY,0.94125
2020,Albania,TRAF,0.93528
2020,Albania,SOFT,0.90053
2020,Albania,COPA,0.87511
2020,Albania,PCPR,0.80648
2021,Albania,EPRS,1.06312
2021,Albania,TRAF,0.93677
2021,Albania,COPA,0.92706
2021,Albania,PCPR,0.92522
2021,Albania,SOFT,0.90635
2021,Albania,VRFY,0.88916
2021,Albania,PRVCY,0.82756
2017,Azerbaijan,TRAF,0.94642
2017,Azerbaijan,SOFT,0.94642
2017,Azerbaijan,ARSP,0.94642
2017,Azerbaijan,CMFL,0.94641
2017,Azerbaijan,EMAIL,0.94641
2017,Azerbaijan,COPA,0.94641
2017,Azerbaijan,INST,0.94641
2017,Azerbaijan,EPRS,0.94641
2017,Azerbaijan,PCPR,0.9464
2018,Azerbaijan,TRAF,0.9487
2018,Azerbaijan,SOFT,0.9487
2018,Azerbaijan,ARSP,0.9487
2018,Azerbaijan,CMFL,0.9487
2018,Azerbaijan,COPA,0.9487
2018,Azerbaijan,PCPR,0.94869
2018,Azerbaijan,EPRS,0.9487
2018,Azerbaijan,INST,0.9487
2018,Azerbaijan,EMAIL,0.9487
2019,Azerbaijan,TRAF,0.95089
2019,Azerbaijan,SOFT,0.95089
2019,Azerbaijan,EMAIL,0.95089
2019,Azerbaijan,COPA,0.95089
2019,Azerbaijan,ARSP,0.95089
2019,Azerbaijan,INST,0.95088
2019,Azerbaijan,EPRS,0.95088
2020,Azerbaijan,INST,0.95187
2020,Azerbaijan,ARSP,0.95187
2020,Azerbaijan,EMAIL,0.95187
2020,Azerbaijan,TRAF,0.95187
2020,Azerbaijan,COPA,0.95187
2020,Azerbaijan,SOFT,0.95187
2020,Azerbaijan,EPRS,0.95187
2021,Azerbaijan,INST,0.9537
2021,Azerbaijan,EMAIL,0.9537
2021,Azerbaijan,ARSP,0.9537
2021,Azerbaijan,COPA,0.9537
2021,Azerbaijan,SOFT,0.9537
2021,Azerbaijan,EPRS,0.9537
2021,Azerbaijan,TRAF,0.9537
2010,Austria,EMAIL,0.88451
2011,Austria,EMAIL,0.89925
2011,Austria,COPA,0.85449
2011,Austria,ARSP,0.8325
2011,Austria,EPRS,0.8178
2011,Austria,TRAF,0.75093
2011,Austria,INST,0.66394
2011,Austria,PCPR,0.50071
2011,Austria,CMFL,0.85639
2012,Austria,INST,0.63789
2015,Serbia,TRAF,0.82762
2015,Serbia,CMFL,0.74862
2015,Serbia,PCPR,0.46338
2015,Serbia,SOFT,0.62242
2015,Serbia,ARSP,0.86423
2015,Serbia,EPRS,0.89738
2015,Serbia,COPA,0.85515
2016,Serbia,PCPR,0.66218
2016,Serbia,EPRS,1.06622
2016,Serbia,CMFL,0.96458
2016,Serbia,ARSP,0.9377
2012,Austria,CMFL,0.86671
2012,Austria,COPA,0.86106
2012,Austria,TRAF,0.76545
2012,Austria,EPRS,0.75213
2012,Austria,ARSP,0.7085
2012,Austria,PCPR,0.38681
2013,Austria,EMAIL,0.88019
2014,Austria,CMFL,0.87705
2014,Austria,COPA,0.82507
2014,Austria,TRAF,0.82227
2014,Austria,EPRS,0.77308
2014,Austria,ARSP,0.73067
2014,Austria,INST,0.67458
2014,Austria,PCPR,0.39922
2015,Austria,COPA,0.82544
2015,Austria,CMFL,0.79792
2015,Austria,TRAF,0.7586
2015,Austria,EPRS,0.72431
2015,Austria,ARSP,0.65888
2015,Austria,SOFT,0.65582
2015,Austria,PCPR,0.21178
2016,Austria,CMFL,0.83966
2016,Austria,EPRS,0.83565
2016,Austria,TRAF,0.81299
2016,Austria,PCPR,0.26105
2017,Austria,EPRS,0.86365
2017,Austria,CMFL,0.81687
2017,Austria,TRAF,0.79292
2017,Austria,SOFT,0.73823
2017,Austria,PCPR,0.23462
2021,Austria,PCPR,0.29978
2021,Austria,COPA,0.93401
2021,Austria,SOFT,0.83237
2010,Belgium,EMAIL,0.91185
2011,Belgium,EMAIL,0.93133
2011,Belgium,COPA,0.92625
2011,Belgium,CMFL,0.91253
2011,Belgium,ARSP,0.84858
2011,Belgium,TRAF,0.80546
2011,Belgium,EPRS,0.7985
2011,Belgium,INST,0.67628
2011,Belgium,PCPR,0.37624
2012,Belgium,COPA,0.92064
2012,Belgium,CMFL,0.90895
2012,Belgium,EPRS,0.8399
2012,Belgium,ARSP,0.79913
2012,Belgium,INST,0.66475
2012,Belgium,PCPR,0.39528
2012,Belgium,TRAF,0.8732
2013,Belgium,EMAIL,0.92674
2014,Belgium,COPA,0.94598
2014,Belgium,CMFL,0.89887
2014,Belgium,TRAF,0.87605
2014,Belgium,EPRS,0.84057
2014,Belgium,ARSP,0.83489
2014,Belgium,INST,0.67169
2014,Belgium,PCPR,0.35818
2015,Belgium,EPRS,0.83212
2015,Belgium,ARSP,0.79783
2015,Belgium,SOFT,0.76838
2015,Belgium,PCPR,0.21835
2015,Belgium,COPA,0.94053
2015,Belgium,CMFL,0.91259
2015,Belgium,TRAF,0.89687
2016,Belgium,COPA,0.92032
2016,Belgium,CMFL,0.90531
2016,Belgium,TRAF,0.85501
2016,Belgium,EPRS,0.83851
2016,Belgium,ARSP,0.82761
2016,Belgium,INST,0.68194
2016,Belgium,PCPR,0.29338
2017,Belgium,COPA,0.98687
2017,Belgium,CMFL,0.97929
2017,Belgium,TRAF,0.89889
2017,Belgium,EPRS,0.85393
2017,Belgium,ARSP,0.85226
2017,Belgium,INST,0.74347
2016,Serbia,TRAF,0.94092
2017,Serbia,EPRS,0.80461
2017,Serbia,ARSP,0.7192
2017,Serbia,PCPR,0.50776
2017,Serbia,CMFL,0.85615
2017,Serbia,TRAF,0.81544
2021,Serbia,COPA,0.85704
2021,Serbia,ARSP,0.8435
2021,Serbia,SOFT,0.8267
2021,Serbia,PCPR,0.33245
2010,Slovakia,EMAIL,0.92934
2017,Belgium,PCPR,0.32243
2019,Belgium,EPRS,0.91958
2019,Belgium,COPA,0.90126
2019,Belgium,TRAF,0.88762
2019,Belgium,SOFT,0.82127
2019,Belgium,ARSP,0.78542
2019,Belgium,PCPR,0.2338
2021,Belgium,EPRS,0.89506
2021,Belgium,PCPR,0.15185
2021,Belgium,SOFT,0.78785
2021,Belgium,ARSP,0.81405
2011,Slovakia,EMAIL,0.96622
2011,Slovakia,CMFL,0.96179
2011,Slovakia,COPA,0.99046
2011,Slovakia,PCPR,0.27205
2011,Slovakia,INST,0.58292
2011,Slovakia,TRAF,0.79431
2011,Slovakia,EPRS,0.74336
2011,Slovakia,ARSP,0.97342
2012,Slovakia,TRAF,0.8406
2012,Slovakia,INST,0.61502
2012,Slovakia,EPRS,0.80014
2012,Slovakia,COPA,0.96652
2021,Belgium,TRAF,0.84353
2021,Belgium,VRFY,0.85188
2017,Bosnia and Herzegovina,ARSP,1.03128
2017,Bosnia and Herzegovina,CMFL,0.94207
2017,Bosnia and Herzegovina,TRAF,0.88954
2017,Bosnia and Herzegovina,SOFT,0.79713
2017,Bosnia and Herzegovina,EPRS,0.73845
2017,Bosnia and Herzegovina,PCPR,0.31226
2017,Bosnia and Herzegovina,COPA,0.84348
2019,Bosnia and Herzegovina,CMFL,0.94222
2012,Slovakia,CMFL,0.95145
2012,Slovakia,ARSP,0.94974
2012,Slovakia,PCPR,0.35154
2013,Slovakia,EMAIL,1.00987
2014,Slovakia,ARSP,1.00009
2014,Slovakia,TRAF,0.81134
2014,Slovakia,EPRS,0.80272
2014,Slovakia,INST,0.60581
2014,Slovakia,PCPR,0.4288
2014,Slovakia,COPA,0.99642
2014,Slovakia,CMFL,0.99588
2015,Slovakia,ARSP,0.95587
2015,Slovakia,EPRS,0.96592
2015,Slovakia,CMFL,0.94739
2015,Slovakia,TRAF,0.87452
2015,Slovakia,SOFT,0.54945
2015,Slovakia,PCPR,0.24962
2016,Slovakia,TRAF,0.86529
2016,Slovakia,ARSP,0.92724
2016,Slovakia,SOFT,0.59727
2016,Slovakia,PCPR,0.27576
2016,Slovakia,EPRS,0.98523
2016,Slovakia,CMFL,0.92601
2019,Slovakia,EMAIL,0.97513
2019,Bosnia and Herzegovina,TRAF,0.91255
2019,Bosnia and Herzegovina,EMAIL,0.75366
2019,Bosnia and Herzegovina,COPA,0.73837
2019,Bosnia and Herzegovina,ARSP,0.70046
2019,Bosnia and Herzegovina,EPRS,0.69955
2019,Bosnia and Herzegovina,PCPR,0.2854
2021,Bosnia and Herzegovina,TRAF,0.9637
2021,Bosnia and Herzegovina,COPA,0.92088
2021,Bosnia and Herzegovina,EMAIL,0.92076
2021,Bosnia and Herzegovina,EPRS,0.8413
2019,Slovakia,EPRS,0.99968
2019,Slovakia,CMFL,0.91527
2019,Slovakia,PCPR,0.4235
2019,Slovakia,TRAF,0.95772
2021,Slovakia,EPRS,0.90056
2021,Slovakia,EMAIL,1.0722
2021,Slovakia,COPA,0.94442
2021,Slovakia,ARSP,0.87732
2021,Slovakia,SOFT,0.78671
2021,Slovakia,VRFY,0.76398
2021,Bosnia and Herzegovina,SOFT,0.82858
2021,Bosnia and Herzegovina,SCRTY,0.82165
2021,Bosnia and Herzegovina,INST,0.74426
2021,Bosnia and Herzegovina,PRVCY,0.68684
2010,Bulgaria,EMAIL,1.01743
2011,Bulgaria,ARSP,1.12645
2011,Bulgaria,COPA,1.05405
2011,Bulgaria,CMFL,0.98181
2011,Bulgaria,EMAIL,0.97381
2011,Bulgaria,TRAF,0.82103
2011,Bulgaria,EPRS,0.82077
2011,Bulgaria,PCPR,0.72939
2011,Bulgaria,INST,0.66808
2012,Bulgaria,ARSP,1.1025
2012,Bulgaria,COPA,1.07228
2012,Bulgaria,CMFL,1.01636
2012,Bulgaria,EPRS,0.90869
2012,Bulgaria,TRAF,0.86132
2012,Bulgaria,PCPR,0.73575
2012,Bulgaria,INST,0.71819
2013,Bulgaria,EMAIL,0.99284
2014,Bulgaria,ARSP,1.04072
2014,Bulgaria,COPA,0.98967
2014,Bulgaria,CMFL,0.97907
2014,Bulgaria,TRAF,0.84518
2014,Bulgaria,EPRS,0.81629
2014,Bulgaria,INST,0.6277
2014,Bulgaria,PCPR,0.59027
2016,Bulgaria,EPRS,1.06221
2016,Bulgaria,CMFL,0.98127
2016,Bulgaria,TRAF,0.9681
2016,Bulgaria,PCPR,0.33573
2017,Bulgaria,TRAF,0.93992
2017,Bulgaria,PCPR,0.32713
2017,Bulgaria,EPRS,1.04839
2017,Bulgaria,CMFL,0.96344
2019,Bulgaria,EPRS,1.08544
2019,Bulgaria,COPA,0.98293
2019,Bulgaria,TRAF,0.95414
2019,Bulgaria,PCPR,0.33765
2021,Bulgaria,COPA,1.01101
2021,Bulgaria,EPRS,0.99117
2021,Bulgaria,VRFY,0.86942
2021,Slovakia,PCPR,0.24545
2010,Slovenia,EMAIL,0.99917
2011,Slovenia,ARSP,1.04308
2011,Slovenia,COPA,0.96104
2011,Slovenia,INST,0.6417
2011,Slovenia,PCPR,0.26956
2011,Slovenia,TRAF,0.82936
2011,Slovenia,CMFL,0.93866
2011,Slovenia,EMAIL,0.96937
2011,Slovenia,EPRS,0.9926
2012,Slovenia,EPRS,0.88537
2012,Slovenia,COPA,0.94299
2012,Slovenia,ARSP,0.91016
2012,Slovenia,CMFL,0.88326
2012,Slovenia,TRAF,0.75334
2012,Slovenia,INST,0.67213
2012,Slovenia,PCPR,0.38526
2013,Slovenia,EMAIL,1.00344
2014,Slovenia,ARSP,0.9816
2014,Slovenia,COPA,0.97803
2014,Slovenia,TRAF,0.88968
2014,Slovenia,EPRS,0.90136
2014,Slovenia,CMFL,0.96606
2021,Bulgaria,PCPR,0.46051
2018,Belarus,INST,0.65339
2018,Belarus,PCPR,0.39468
2018,Belarus,EPRS,1.10445
2018,Belarus,EMAIL,1.08475
2018,Belarus,ARSP,1.09745
2018,Belarus,COPA,1.08053
2018,Belarus,CMFL,1.04292
2018,Belarus,TRAF,0.937
2018,Belarus,SOFT,0.68592
2014,Slovenia,INST,0.63216
2014,Slovenia,PCPR,0.24365
2015,Slovenia,EPRS,1.06673
2015,Slovenia,CMFL,1.00655
2015,Slovenia,PCPR,0.33119
2015,Slovenia,TRAF,0.96917
2015,Slovenia,ARSP,1.02301
2015,Slovenia,SOFT,0.70433
2017,Slovenia,TRAF,0.95665
2017,Slovenia,PCPR,0.17359
2017,Slovenia,CMFL,1.06642
2019,Belarus,EPRS,1.27801
2019,Belarus,ARSP,1.15371
2019,Belarus,COPA,1.07999
2019,Belarus,EMAIL,1.07367
2019,Belarus,TRAF,0.98943
2019,Belarus,INST,0.71192
2019,Belarus,SOFT,0.70431
2019,Belarus,PCPR,0.54723
2020,Belarus,ARSP,1.2061
2020,Belarus,COPA,1.1146
2020,Belarus,EPRS,1.10907
2020,Belarus,EMAIL,1.09528
2020,Belarus,TRAF,1.03337
2020,Belarus,INST,0.72683
2020,Belarus,SOFT,0.70591
2020,Belarus,PCPR,0.23485
2021,Belarus,COPA,1.12668
2021,Belarus,EMAIL,1.11605
2021,Belarus,INST,0.69116
2021,Belarus,TRAF,0.99791
2019,Slovenia,EPRS,1.18863
2019,Slovenia,COPA,0.96409
2019,Slovenia,TRAF,0.95696
2019,Slovenia,SOFT,0.62922
2019,Slovenia,ARSP,1.03306
2021,Slovenia,ARSP,0.8708
2021,Slovenia,VRFY,0.77869
2021,Slovenia,COPA,0.98435
2021,Slovenia,TRAF,0.98435
2021,Slovenia,PCPR,0.30076
2021,Slovenia,SOFT,0.7645
2010,Spain,EMAIL,0.91218
2011,Spain,COPA,0.92484
2011,Spain,CMFL,0.91687
2011,Spain,EMAIL,0.92966
2011,Spain,EPRS,0.86513
2011,Spain,TRAF,0.86134
2011,Spain,INST,0.80055
2011,Spain,PCPR,0.65157
2011,Spain,ARSP,0.88685
2021,Belarus,EPRS,1.05605
2021,Belarus,PCPR,0.33214
2021,Belarus,SOFT,0.67338
2021,Belarus,ARSP,1.12688
2010,Croatia,EMAIL,0.72795
2011,Croatia,EMAIL,0.78957
2011,Croatia,TRAF,0.67293
2011,Croatia,PCPR,0.66069
2011,Croatia,INST,0.57495
2011,Croatia,EPRS,0.68958
2011,Croatia,ARSP,0.72894
2012,Spain,EPRS,0.83258
2012,Spain,INST,0.75774
2012,Spain,PCPR,0.62041
2012,Spain,COPA,0.91035
2012,Spain,CMFL,0.91204
2012,Spain,TRAF,0.84926
2012,Spain,ARSP,0.83821
2013,Spain,EMAIL,0.91674
2014,Spain,COPA,0.94607
2014,Spain,CMFL,0.92999
2014,Spain,EPRS,0.91871
2014,Spain,ARSP,0.88324
2011,Croatia,COPA,0.75789
2011,Croatia,CMFL,0.7824
2012,Croatia,COPA,0.73553
2012,Croatia,CMFL,0.72708
2012,Croatia,ARSP,0.67036
2012,Croatia,EPRS,0.65341
2012,Croatia,TRAF,0.65129
2012,Croatia,PCPR,0.57539
2012,Croatia,INST,0.47943
2013,Croatia,EMAIL,0.79498
2014,Croatia,CMFL,0.92967
2014,Croatia,ARSP,0.87205
2014,Spain,TRAF,0.87746
2014,Spain,INST,0.81199
2014,Spain,PCPR,0.6149
2015,Spain,EPRS,0.90941
2015,Spain,PCPR,0.40189
2015,Spain,SOFT,0.78495
2015,Spain,COPA,0.90235
2015,Spain,ARSP,0.80709
2015,Spain,CMFL,0.88881
2015,Spain,TRAF,0.89512
2016,Spain,EPRS,0.88592
2016,Spain,SOFT,0.81892
2016,Spain,CMFL,0.88029
2016,Spain,PCPR,0.4432
2016,Spain,TRAF,0.86459
2019,Spain,EPRS,0.97044
2019,Spain,TRAF,0.91705
2019,Spain,CMFL,0.91439
2019,Spain,SOFT,0.89677
2019,Spain,PCPR,0.50718
2019,Spain,ARSP,0.87031
2020,Spain,PRVCY,0.98752
2020,Spain,ARSP,0.86394
2014,Croatia,EPRS,0.85288
2014,Croatia,COPA,0.83148
2014,Croatia,INST,0.71545
2014,Croatia,PCPR,0.48611
2014,Croatia,TRAF,0.8849
2015,Croatia,ARSP,0.84339
2015,Croatia,EPRS,0.83983
2015,Croatia,COPA,0.83577
2015,Croatia,CMFL,0.79659
2015,Croatia,TRAF,0.76308
2015,Croatia,SOFT,0.70091
2015,Croatia,PCPR,0.32424
2016,Croatia,EPRS,0.85301
2016,Croatia,COPA,0.84163
2016,Croatia,CMFL,0.82128
2016,Croatia,TRAF,0.81857
2016,Croatia,ARSP,0.80211
2016,Croatia,SOFT,0.77923
2016,Croatia,PCPR,0.33344
2017,Croatia,COPA,0.72695
2017,Croatia,CMFL,0.70586
2017,Croatia,TRAF,0.68818
2017,Croatia,EPRS,0.65403
2020,Spain,PCPR,0.47923
2020,Spain,TRAF,0.9464
2020,Spain,SCRTY,0.91989
2020,Spain,EPRS,0.91502
2020,Spain,COPA,0.90805
2020,Spain,SOFT,0.90672
2021,Spain,PCPR,0.42564
2021,Spain,PRVCY,0.99549
2021,Spain,COPA,0.94776
2021,Spain,EPRS,0.92628
2021,Spain,SOFT,0.91831
2017,Croatia,SOFT,0.65403
2017,Croatia,ARSP,0.63432
2017,Croatia,PCPR,0.21108
2019,Croatia,EPRS,0.91165
2019,Croatia,COPA,0.85079
2019,Croatia,TRAF,0.81661
2019,Croatia,ARSP,0.80781
2019,Croatia,SOFT,0.80679
2019,Croatia,PCPR,0.67873
2021,Croatia,EPRS,1.29122
2021,Croatia,VRFY,1.03527
2021,Croatia,COPA,0.89279
2021,Croatia,ARSP,0.88198
2021,Croatia,SOFT,0.77559
2021,Croatia,PRVCY,0.68207
2021,Croatia,PCPR,0.57039
2010,Cyprus,EMAIL,0.94171
2011,Cyprus,COPA,0.97601
2011,Cyprus,CMFL,0.95991
2011,Cyprus,ARSP,0.9585
2011,Cyprus,EPRS,0.92476
2011,Cyprus,EMAIL,0.90416
2011,Cyprus,TRAF,0.83112
2011,Cyprus,INST,0.78344
2011,Cyprus,PCPR,0.43944
2012,Cyprus,ARSP,0.96724
2012,Cyprus,COPA,0.92727
2012,Cyprus,CMFL,0.92672
2012,Cyprus,EPRS,0.91403
2012,Cyprus,TRAF,0.85666
2012,Cyprus,INST,0.66751
2012,Cyprus,PCPR,0.45091
2013,Cyprus,EMAIL,1.01596
2014,Cyprus,EPRS,1.02902
2021,Spain,ARSP,0.86286
2021,Spain,VRFY,0.84487
2010,Sweden,EMAIL,0.98803
2011,Sweden,PCPR,0.43979
2011,Sweden,EMAIL,0.98675
2011,Sweden,COPA,0.99239
2011,Sweden,EPRS,0.88702
2011,Sweden,CMFL,0.94117
2011,Sweden,TRAF,0.85996
2011,Sweden,ARSP,0.83298
2011,Sweden,INST,0.5996
2014,Cyprus,ARSP,0.99329
2014,Cyprus,COPA,0.96096
2014,Cyprus,CMFL,0.94523
2014,Cyprus,PCPR,0.44912
2014,Cyprus,INST,0.7228
2014,Cyprus,TRAF,0.87902
2015,Cyprus,EPRS,1.02454
2015,Cyprus,ARSP,0.97495
2015,Cyprus,CMFL,0.9176
2015,Cyprus,TRAF,0.84776
2015,Cyprus,SOFT,0.74624
2015,Cyprus,PCPR,0.5418
2012,Sweden,PCPR,0.41511
2012,Sweden,EPRS,0.999
2012,Sweden,COPA,0.96464
2012,Sweden,ARSP,0.85348
2012,Sweden,TRAF,0.89859
2012,Sweden,CMFL,0.93324
2012,Sweden,INST,0.6485
2013,Sweden,EMAIL,0.94317
2014,Sweden,CMFL,0.87594
2014,Sweden,PCPR,0.42513
2014,Sweden,INST,0.647
2014,Sweden,COPA,1.01748
2015,Cyprus,COPA,1.03407
2016,Cyprus,ARSP,1.20377
2016,Cyprus,EPRS,1.16288
2016,Cyprus,CMFL,0.9955
2016,Cyprus,TRAF,0.95755
2016,Cyprus,SOFT,0.87752
2016,Cyprus,PCPR,0.38625
2019,Cyprus,EPRS,1.09988
2019,Cyprus,ARSP,1.04996
2019,Cyprus,COPA,1.03693
2019,Cyprus,TRAF,0.9479
2014,Sweden,EPRS,0.91589
2014,Sweden,ARSP,0.79393
2014,Sweden,TRAF,0.90314
2015,Sweden,SOFT,0.92088
2015,Sweden,PCPR,0.31986
2015,Sweden,ARSP,0.80924
2015,Sweden,TRAF,0.88189
2015,Sweden,CMFL,0.84986
2015,Sweden,EPRS,0.99159
2015,Sweden,COPA,0.98725
2017,Sweden,ARSP,0.74894
2017,Sweden,PCPR,0.27423
2019,Cyprus,SOFT,0.92212
2019,Cyprus,PCPR,0.39224
2010,Czechia,EMAIL,0.91896
2011,Czechia,ARSP,0.96396
2011,Czechia,COPA,0.95229
2011,Czechia,EMAIL,0.94485
2011,Czechia,CMFL,0.9415
2011,Czechia,EPRS,0.74037
2011,Czechia,TRAF,0.69163
2011,Czechia,PCPR,0.30471
2011,Czechia,INST,0.55768
2012,Czechia,ARSP,0.9681
2012,Czechia,COPA,0.93666
2012,Czechia,TRAF,0.76883
2012,Czechia,EPRS,0.75524
2012,Czechia,INST,0.51434
2012,Czechia,PCPR,0.18965
2012,Czechia,CMFL,0.95275
2013,Czechia,EMAIL,0.99115
2014,Czechia,COPA,0.90922
2014,Czechia,CMFL,0.9081
2014,Czechia,ARSP,0.90416
2014,Czechia,TRAF,0.78518
2014,Czechia,EPRS,0.70513
2017,Sweden,INST,0.92313
2017,Sweden,EPRS,0.85434
2017,Sweden,CMFL,0.81302
2017,Sweden,TRAF,0.76971
2021,Sweden,SOFT,0.82644
2021,Sweden,COPA,0.87214
2021,Sweden,ARSP,0.76977
2021,Sweden,PCPR,0.25819
2014,Switzerland,EMAIL,0.90514
2017,Switzerland,EPRS,0.93295
2017,Switzerland,SOFT,0.86433
2017,Switzerland,PCPR,0.34636
2017,Switzerland,TRAF,0.86225
2017,Switzerland,ARSP,0.82095
2017,Switzerland,CMFL,0.89514
2019,Switzerland,EPRS,0.88211
2019,Switzerland,TRAF,0.86611
2019,Switzerland,SOFT,0.84247
2019,Switzerland,ARSP,0.83295
2019,Switzerland,PCPR,0.37341
2021,Switzerland,EMAIL,0.97291
2021,Switzerland,TRAF,0.96973
2021,Switzerland,EPRS,0.8457
2021,Switzerland,SOFT,0.80389
2021,Switzerland,ARSP,0.72706
2021,Switzerland,VRFY,0.6458
2021,Switzerland,PCPR,0.21903
2010,Türkiye,EMAIL,0.56447
2012,Türkiye,PCPR,0.45426
2012,Türkiye,TRAF,0.53402
2012,Türkiye,CMFL,0.59103
2012,Türkiye,COPA,0.58311
2012,Türkiye,EPRS,0.59264
2013,Türkiye,EMAIL,0.58852
2016,Türkiye,EPRS,0.66734
2016,Türkiye,CMFL,0.64499
2016,Türkiye,TRAF,0.61197
2016,Türkiye,PCPR,0.40406
2017,Türkiye,TRAF,0.64627
2017,Türkiye,EPRS,0.67066
2017,Türkiye,CMFL,0.66937
2017,Türkiye,PCPR,0.40931
2019,Türkiye,EPRS,0.72176
2019,Türkiye,CMFL,0.68841
2014,Czechia,INST,0.52792
2014,Czechia,PCPR,0.18258
2015,Czechia,COPA,0.96374
2015,Czechia,ARSP,0.92432
2015,Czechia,CMFL,0.91132
2015,Czechia,TRAF,0.85386
2015,Czechia,EPRS,0.85114
2015,Czechia,SOFT,0.51853
2015,Czechia,PCPR,0.10559
2017,Czechia,ARSP,0.86743
2017,Czechia,CMFL,0.85731
2017,Czechia,TRAF,0.82185
2019,Türkiye,PCPR,0.39883
2019,Türkiye,TRAF,0.67256
2021,Türkiye,PCPR,0.37287
2021,Türkiye,TRAF,0.7304
2021,Türkiye,SOFT,0.70069
2021,Türkiye,EPRS,0.75373
2020,Ukraine,COPA,0.93533
2020,Ukraine,TRAF,0.81131
2020,Ukraine,PCPR,0.39906
2020,Ukraine,PRVCY,0.38858
2020,Ukraine,EPRS,0.94224
2017,Czechia,EPRS,0.76453
2017,Czechia,PCPR,0.13387
2019,Czechia,ARSP,0.91414
2019,Czechia,COPA,0.83486
2019,Czechia,EPRS,0.74991
2019,Czechia,PCPR,0.30826
2019,Czechia,TRAF,0.86921
2021,Czechia,TRAF,0.91438
2021,Czechia,ARSP,0.89954
2021,Czechia,COPA,0.89621
2021,Czechia,VRFY,0.86154
2020,Ukraine,ARSP,0.97628
2020,Ukraine,EMAIL,0.96581
2020,Ukraine,INST,0.58235
2020,Ukraine,SOFT,0.50224
2021,Ukraine,EPRS,0.99757
2021,Ukraine,EMAIL,0.96266
2021,Ukraine,COPA,0.9235
2021,Ukraine,SOFT,0.54755
2021,Ukraine,INST,0.64977
2021,Ukraine,PCPR,0.38877
2021,Ukraine,TRAF,0.85274
2021,Czechia,SOFT,0.84176
2021,Czechia,EPRS,0.81497
2021,Czechia,PCPR,0.2651
2010,Denmark,EMAIL,0.98754
2011,Denmark,COPA,0.99791
2011,Denmark,EMAIL,0.98076
2011,Denmark,CMFL,0.97069
2011,Denmark,EPRS,0.9073
2011,Denmark,TRAF,0.89495
2011,Denmark,ARSP,0.88096
2011,Denmark,INST,0.76639
2021,Ukraine,ARSP,0.90498
2021,Ukraine,PRVCY,0.31304
2010,North Macedonia,EMAIL,0.93106
2012,North Macedonia,PCPR,0.5626
2012,North Macedonia,EPRS,0.89027
2012,North Macedonia,TRAF,0.81669
2012,North Macedonia,COPA,0.84205
2012,North Macedonia,CMFL,0.8376
2012,North Macedonia,ARSP,0.82204
2012,North Macedonia,INST,0.59411
2013,North Macedonia,EMAIL,0.9143
2011,Denmark,PCPR,0.35833
2012,Denmark,COPA,0.97037
2012,Denmark,CMFL,0.96157
2012,Denmark,EPRS,0.90939
2012,Denmark,TRAF,0.89041
2012,Denmark,ARSP,0.85196
2012,Denmark,INST,0.75944
2012,Denmark,PCPR,0.38545
2013,Denmark,EMAIL,0.98577
2014,Denmark,CMFL,0.95966
2014,Denmark,COPA,0.984
2014,Denmark,TRAF,0.90665
2014,North Macedonia,COPA,0.87009
2014,North Macedonia,EPRS,0.97588
2014,North Macedonia,ARSP,0.85619
2014,North Macedonia,CMFL,0.85837
2014,North Macedonia,PCPR,0.78092
2014,North Macedonia,INST,0.57918
2014,North Macedonia,TRAF,0.74789
2015,North Macedonia,EPRS,1.06145
2015,North Macedonia,ARSP,1.00578
2015,North Macedonia,CMFL,0.84663
2015,North Macedonia,SOFT,0.79438
2014,Denmark,ARSP,0.84913
2014,Denmark,INST,0.7498
2014,Denmark,PCPR,0.36451
2014,Denmark,EPRS,0.90862
2015,Denmark,COPA,0.93043
2015,Denmark,CMFL,0.92724
2015,Denmark,EPRS,0.91428
2015,Denmark,TRAF,0.91087
2015,Denmark,SOFT,0.90814
2015,Denmark,ARSP,0.85264
2015,Denmark,PCPR,0.44975
2016,Denmark,EPRS,0.94772
2016,Denmark,CMFL,0.93542
2016,Denmark,SOFT,0.89527
2016,Denmark,TRAF,0.88203
2016,Denmark,ARSP,0.8639
2016,Denmark,PCPR,0.45805
2016,Denmark,COPA,0.94537
2017,Denmark,CMFL,0.90836
2017,Denmark,EPRS,0.89541
2017,Denmark,SOFT,0.85917
2017,Denmark,ARSP,0.7974
2017,Denmark,PCPR,0.40237
2020,Denmark,PRVCY,1.03858
2021,Denmark,PRVCY,0.99354
2021,Denmark,EPRS,0.87455
2021,Denmark,SOFT,0.81971
2021,Denmark,TRAF,0.86923
2021,Denmark,VRFY,0.75502
2021,Denmark,ARSP,0.73308
2021,Denmark,PCPR,0.47895
2010,Estonia,EMAIL,1.03465
2011,Estonia,COPA,1.00334
2011,Estonia,EMAIL,1.00068
2015,North Macedonia,COPA,1.03271
2015,North Macedonia,TRAF,0.83787
2015,North Macedonia,PCPR,0.59526
2016,North Macedonia,PCPR,0.84582
2016,North Macedonia,SOFT,0.80826
2016,North Macedonia,TRAF,0.97324
2016,North Macedonia,ARSP,0.98813
2016,North Macedonia,COPA,1.03138
2016,North Macedonia,CMFL,0.93364
2016,North Macedonia,EPRS,1.04268
2018,Uzbekistan,CMFL,0.90613
2011,Estonia,CMFL,0.9773
2011,Estonia,ARSP,0.95227
2011,Estonia,TRAF,0.85459
2011,Estonia,INST,0.59879
2011,Estonia,PCPR,0.49535
2011,Estonia,EPRS,0.96945
2012,Estonia,COPA,0.97819
2012,Estonia,ARSP,0.96502
2012,Estonia,EPRS,0.96453
2012,Estonia,CMFL,0.95408
2012,Estonia,TRAF,0.85917
2012,Estonia,INST,0.60959
2018,Uzbekistan,INST,0.93129
2018,Uzbekistan,EMAIL,0.98857
2018,Uzbekistan,TRAF,0.6634
2018,Uzbekistan,ARSP,0.75292
2018,Uzbekistan,COPA,0.8314
2018,Uzbekistan,EPRS,0.76606
2018,Uzbekistan,SOFT,0.84282
2020,Uzbekistan,COPA,0.91795
2020,Uzbekistan,SOFT,1
2020,Uzbekistan,INST,0.92024
2020,Uzbekistan,EPRS,0.97269
2020,Uzbekistan,ARSP,0.97192
2020,Uzbekistan,TRAF,0.9609
2020,Uzbekistan,EMAIL,1
2021,Uzbekistan,EPRS,0.82888
2021,Uzbekistan,INST,0.79023
2021,Uzbekistan,ARSP,0.83695
2021,Uzbekistan,PCPR,0.80639
2021,Uzbekistan,COPA,0.80857
2021,Uzbekistan,TRAF,0.70457
2012,Estonia,PCPR,0.45958
2013,Estonia,EMAIL,1.0183
2014,Estonia,COPA,0.99734
2014,Estonia,EPRS,0.96365
2014,Estonia,CMFL,0.9563
2014,Estonia,ARSP,0.93882
2014,Estonia,TRAF,0.8537
2014,Estonia,INST,0.71531
2014,Estonia,PCPR,0.4045
2015,Estonia,EPRS,1.01637
2015,Estonia,COPA,0.966
2015,Estonia,ARSP,0.93002
2015,Estonia,CMFL,0.9065
2015,Estonia,TRAF,0.78826
2015,Estonia,SOFT,0.66582
2015,Estonia,PCPR,0.33393
2016,Estonia,EPRS,1.07587
2016,Estonia,CMFL,0.96772
2016,Estonia,TRAF,0.85616
2016,Estonia,SOFT,0.72105
2016,Estonia,PCPR,0.41282
2017,Estonia,EPRS,1.03307
2017,Estonia,CMFL,0.91786
2017,Estonia,TRAF,0.87098
2017,Estonia,SOFT,0.79138
2017,Estonia,PCPR,0.39664
2010,Finland,EMAIL,1.00914
2011,Finland,COPA,1.01436
2011,Finland,EMAIL,1.00929
2011,Finland,CMFL,0.97945
2011,Finland,ARSP,0.91775
2011,Finland,PCPR,0.54946
2011,Finland,TRAF,0.84836
2011,Finland,EPRS,0.95025
2011,Finland,INST,0.6882
2012,Finland,COPA,1.04775
2012,Finland,EPRS,1.03438
2012,Finland,CMFL,1.01121
2012,Finland,ARSP,0.9925
2012,Finland,TRAF,0.89034
2012,Finland,INST,0.71846
2012,Finland,PCPR,0.63772
2013,Finland,EMAIL,1.02319
2014,Finland,EPRS,1.04418
2014,Finland,COPA,1.00204
2014,Finland,CMFL,0.98363
2014,Finland,ARSP,0.95946
2014,Finland,TRAF,0.89442
2014,Finland,INST,0.74244
2014,Finland,PCPR,0.5959
2015,Finland,COPA,1.01822
2015,Finland,TRAF,0.90407
2015,Finland,CMFL,0.88766
2015,Finland,EPRS,0.86703
2015,Finland,ARSP,0.82237
2015,Finland,SOFT,0.78168
2015,Finland,PCPR,0.27077
2016,Finland,COPA,1.05206
2016,Finland,EPRS,0.95682
2016,Finland,SOFT,0.82644
2016,Finland,ARSP,0.85566
2016,Finland,CMFL,0.93307
2016,Finland,TRAF,0.94552
2016,Finland,PCPR,0.44748
2010,France,EMAIL,0.97148
2011,France,COPA,1.00259
2011,France,CMFL,0.97825
2011,France,EMAIL,0.96898
2011,France,ARSP,0.95417
2011,France,TRAF,0.94655
2011,France,EPRS,0.86783
2011,France,INST,0.66265
2011,France,PCPR,0.42231
2012,France,COPA,0.99027
2012,France,CMFL,0.94697
2012,France,TRAF,0.92085
2012,France,ARSP,0.91541
2012,France,EPRS,0.84019
2012,France,INST,0.6778
2012,France,PCPR,0.44705
2013,France,EMAIL,0.94363
2014,France,COPA,0.95832
2014,France,CMFL,0.92809
2014,France,TRAF,0.90851
2014,France,EPRS,0.88015
2014,France,INST,0.71431
2014,France,PCPR,0.40325
2015,France,COPA,0.93769
2015,France,PCPR,0.29205
2015,France,EPRS,0.87711
2015,France,CMFL,0.88641
2015,France,TRAF,0.89284
2016,France,COPA,0.94919
2016,France,EPRS,0.93462
2016,France,CMFL,0.91008
2016,France,TRAF,0.89737
2016,France,PCPR,0.31517
2021,France,COPA,0.96768
2021,France,EPRS,0.92196
2021,France,SOFT,0.85242
2021,France,VRFY,0.77819
2021,France,PCPR,0.3562
2016,Georgia,EPRS,1.17742
2016,Georgia,COPA,1.01427
2016,Georgia,CMFL,1.0005
2016,Georgia,EMAIL,0.97091
2016,Georgia,TRAF,0.94975
2016,Georgia,SOFT,0.84194
2016,Georgia,INST,0.79804
2016,Georgia,PCPR,0.39472
2016,Georgia,ARSP,1.0097
2018,Georgia,INST,0.65515
2018,Georgia,EPRS,1.03147
2018,Georgia,EMAIL,0.99111
2018,Georgia,CMFL,0.93745
2018,Georgia,COPA,0.90739
2018,Georgia,TRAF,0.85673
2018,Georgia,PCPR,0.23057
2018,Georgia,SOFT,0.66584
2019,Georgia,COPA,0.93412
2019,Georgia,PCPR,0.86786
2019,Georgia,TRAF,0.82359
2019,Georgia,SOFT,0.79817
2019,Georgia,INST,0.64511
2019,Georgia,EMAIL,0.98683
2020,Georgia,EMAIL,1.05722
2020,Georgia,TRAF,0.99252
2020,Georgia,INST,0.91011
2020,Georgia,SOFT,0.86973
2020,Georgia,PCPR,0.56755
2020,Georgia,COPA,1.0775
2021,Georgia,COPA,1.03386
2021,Georgia,TRAF,0.96622
2021,Georgia,EMAIL,0.93433
2021,Georgia,SOFT,0.88524
2021,Georgia,INST,0.69338
2010,Germany,EMAIL,0.89994
2011,Germany,EMAIL,0.91675
2011,Germany,COPA,0.90571
2011,Germany,CMFL,0.89522
2011,Germany,ARSP,0.76466
2011,Germany,TRAF,0.75783
2011,Germany,EPRS,0.70865
2011,Germany,INST,0.48698
2011,Germany,PCPR,0.31485
2012,Germany,EPRS,0.6857
2012,Germany,INST,0.52391
2012,Germany,PCPR,0.31672
2012,Germany,ARSP,0.70023
2012,Germany,TRAF,0.76128
2012,Germany,CMFL,0.87601
2012,Germany,COPA,0.88906
2013,Germany,EMAIL,0.91698
2014,Germany,CMFL,0.91097
2014,Germany,COPA,0.91042
2014,Germany,ARSP,0.8133
2014,Germany,TRAF,0.80269
2014,Germany,EPRS,0.69879
2014,Germany,INST,0.53991
2014,Germany,PCPR,0.38005
2015,Germany,COPA,0.89111
2015,Germany,EPRS,0.80021
2015,Germany,TRAF,0.79051
2015,Germany,SOFT,0.77586
2015,Germany,ARSP,0.70546
2015,Germany,PCPR,0.24774
2015,Germany,CMFL,0.88432
2016,Germany,COPA,0.83665
2016,Germany,CMFL,0.83455
2016,Germany,EPRS,0.79095
2016,Germany,TRAF,0.777
2016,Germany,SOFT,0.75993
2016,Germany,ARSP,0.69002
2016,Germany,PCPR,0.27077
2019,Germany,CMFL,0.85915
2019,Germany,TRAF,0.79917
2019,Germany,EPRS,0.79648
2019,Germany,SOFT,0.788
2019,Germany,PCPR,0.30899
2021,Germany,EMAIL,0.95813
2021,Germany,TRAF,0.88048
2021,Germany,EPRS,0.82528
2021,Germany,SOFT,0.77704
2021,Germany,VRFY,0.76961
2021,Germany,ARSP,0.73126
2021,Germany,PRVCY,0.61628
2021,Germany,PCPR,0.28711
2010,Greece,EMAIL,0.79325
2011,Greece,COPA,0.92737
2011,Greece,CMFL,0.92286
2011,Greece,EMAIL,0.90123
2011,Greece,ARSP,0.88309
2011,Greece,EPRS,0.80633
2011,Greece,TRAF,0.80224
2011,Greece,INST,0.68301
2011,Greece,PCPR,0.41671
2012,Greece,COPA,0.90576
2012,Greece,CMFL,0.89639
2012,Greece,TRAF,0.86035
2012,Greece,ARSP,0.84993
2012,Greece,EPRS,0.75694
2012,Greece,PCPR,0.66124
2012,Greece,INST,0.61056
2013,Greece,EMAIL,0.89169
2014,Greece,COPA,0.98838
2014,Greece,TRAF,0.90982
2014,Greece,ARSP,0.89183
2014,Greece,EPRS,0.83848
2014,Greece,INST,0.81611
2014,Greece,PCPR,0.51863
2014,Greece,CMFL,0.98133
2015,Greece,PCPR,0.43882
2015,Greece,EPRS,0.92372
2015,Greece,CMFL,0.8932
2015,Greece,COPA,0.84737
2015,Greece,TRAF,0.84031
2015,Greece,ARSP,0.77481
2015,Greece,SOFT,0.61404
2016,Greece,CMFL,0.9465
2016,Greece,ARSP,0.90366
2016,Greece,TRAF,0.90186
2016,Greece,EPRS,0.86872
2016,Greece,SOFT,0.75167
2016,Greece,PCPR,0.53988
2016,Greece,COPA,0.99957
2017,Greece,CMFL,0.88749
2017,Greece,COPA,0.88271
2017,Greece,TRAF,0.84924
2017,Greece,EPRS,0.84433
2017,Greece,ARSP,0.81317
2017,Greece,SOFT,0.68991
2017,Greece,PCPR,0.45072
2010,Hungary,EMAIL,0.95823
2011,Hungary,ARSP,0.98429
2011,Hungary,EMAIL,0.97359
2011,Hungary,COPA,0.97294
2011,Hungary,CMFL,0.95377
2011,Hungary,TRAF,0.8376
2011,Hungary,INST,0.79693
2011,Hungary,EPRS,0.77282
2011,Hungary,PCPR,0.52509
2012,Hungary,CMFL,0.94805
2012,Hungary,COPA,0.9427
2012,Hungary,ARSP,0.93082
2012,Hungary,TRAF,0.79975
2012,Hungary,INST,0.78436
2012,Hungary,EPRS,0.71738
2012,Hungary,PCPR,0.4867
2013,Hungary,EMAIL,0.97049
2014,Hungary,CMFL,0.92747
2014,Hungary,COPA,0.92738
2014,Hungary,ARSP,0.89403
2014,Hungary,INST,0.69147
2014,Hungary,EPRS,0.75748
2014,Hungary,TRAF,0.81905
2014,Hungary,PCPR,0.37411
2015,Hungary,COPA,0.9587
2015,Hungary,ARSP,0.90347
2015,Hungary,EPRS,0.86201
2015,Hungary,TRAF,0.85512
2015,Hungary,CMFL,0.84241
2015,Hungary,SOFT,0.61055
2015,Hungary,PCPR,0.28148
2016,Hungary,COPA,0.92609
2016,Hungary,ARSP,0.91233
2016,Hungary,TRAF,0.86126
2016,Hungary,EPRS,0.85351
2016,Hungary,CMFL,0.84449
2016,Hungary,SOFT,0.63446
2016,Hungary,PCPR,0.19053
2017,Hungary,EPRS,0.89075
2017,Hungary,CMFL,0.85585
2017,Hungary,TRAF,0.84588
2017,Hungary,SOFT,0.67098
2017,Hungary,PCPR,0.22001
2019,Hungary,EPRS,0.89718
2019,Hungary,COPA,0.85576
2019,Hungary,TRAF,0.81328
2019,Hungary,SOFT,0.66159
2019,Hungary,PCPR,0.16231
2021,Hungary,EPRS,0.94028
2021,Hungary,PCPR,0.20902
2021,Hungary,SOFT,0.68193
2010,Iceland,EMAIL,0.99742
2011,Iceland,COPA,0.9926
2011,Iceland,EMAIL,0.94842
2011,Iceland,ARSP,0.9479
2011,Iceland,CMFL,0.94748
2011,Iceland,TRAF,0.86291
2011,Iceland,INST,0.62626
2011,Iceland,PCPR,0.30763
2011,Iceland,EPRS,1.01355
2012,Iceland,TRAF,0.86425
2012,Iceland,PCPR,0.47674
2012,Iceland,EPRS,1.04499
2012,Iceland,COPA,1.01598
2012,Iceland,CMFL,0.99775
2012,Iceland,ARSP,0.96206
2012,Iceland,INST,0.68428
2013,Iceland,EMAIL,0.95843
2014,Iceland,COPA,1.05626
2014,Iceland,EPRS,1.03934
2014,Iceland,ARSP,1.00049
2014,Iceland,CMFL,0.92065
2014,Iceland,TRAF,0.8869
2014,Iceland,INST,0.67441
2014,Iceland,PCPR,0.50636
2017,Iceland,EPRS,1.03022
2017,Iceland,COPA,1.00888
2017,Iceland,ARSP,0.94469
2017,Iceland,CMFL,0.94035
2017,Iceland,SOFT,0.90988
2017,Iceland,PCPR,0.37593
2017,Iceland,TRAF,0.9274
2010,Ireland,EMAIL,1.04419
2011,Ireland,EPRS,1.12742
2011,Ireland,CMFL,1.08079
2011,Ireland,EMAIL,1.06029
2011,Ireland,ARSP,1.00604
2011,Ireland,TRAF,0.91568
2011,Ireland,INST,0.8243
2011,Ireland,PCPR,0.44363
2011,Ireland,COPA,1.08207
2012,Ireland,COPA,1.05896
2012,Ireland,CMFL,1.02583
2012,Ireland,ARSP,1.02067
2012,Ireland,TRAF,0.96174
2012,Ireland,EPRS,0.94767
2012,Ireland,INST,0.81293
2012,Ireland,PCPR,0.50304
2013,Ireland,EMAIL,0.99736
2014,Ireland,COPA,1.03751
2014,Ireland,CMFL,1.01332
2014,Ireland,ARSP,0.9303
2014,Ireland,TRAF,0.868
2014,Ireland,EPRS,0.84982
2014,Ireland,INST,0.77916
2014,Ireland,PCPR,0.38634
2015,Ireland,COPA,0.98635
2015,Ireland,CMFL,0.92868
2015,Ireland,EPRS,0.8833
2015,Ireland,ARSP,0.86362
2015,Ireland,TRAF,0.85035
2015,Ireland,SOFT,0.81468
2015,Ireland,PCPR,0.29789
2010,Italy,EMAIL,0.79826
2011,Italy,COPA,0.83517
2011,Italy,CMFL,0.83031
2011,Italy,EMAIL,0.82142
2011,Italy,ARSP,0.7573
2011,Italy,TRAF,0.71647
2011,Italy,EPRS,0.69666
2011,Italy,INST,0.62001
2011,Italy,PCPR,0.48748
2012,Italy,COPA,0.82696
2012,Italy,CMFL,0.82235
2012,Italy,ARSP,0.74304
2012,Italy,PCPR,0.42671
2012,Italy,INST,0.62361
2012,Italy,EPRS,0.67252
2012,Italy,TRAF,0.71141
2013,Italy,EMAIL,0.84296
2014,Italy,COPA,0.84766
2014,Italy,CMFL,0.84059
2014,Italy,ARSP,0.76669
2014,Italy,TRAF,0.7476
2014,Italy,EPRS,0.74686
2014,Italy,INST,0.6399
2014,Italy,PCPR,0.5129
2015,Italy,COPA,0.83993
2015,Italy,EPRS,0.82734
2015,Italy,CMFL,0.80979
2015,Italy,TRAF,0.7706
2015,Italy,SOFT,0.6726
2015,Italy,PCPR,0.37684
2015,Italy,ARSP,0.73378
2016,Italy,COPA,0.88156
2016,Italy,CMFL,0.8577
2016,Italy,EPRS,0.84736
2016,Italy,TRAF,0.8121
2016,Italy,ARSP,0.74838
2016,Italy,SOFT,0.728
2016,Italy,PCPR,0.35248
2015,Kazakhstan,ARSP,1.06369
2015,Kazakhstan,EPRS,1.02017
2015,Kazakhstan,COPA,0.98602
2015,Kazakhstan,EMAIL,0.98208
2015,Kazakhstan,TRAF,0.97165
2015,Kazakhstan,CMFL,0.96961
2015,Kazakhstan,SOFT,0.82908
2015,Kazakhstan,INST,0.79366
2015,Kazakhstan,PCPR,0.78252
2016,Kazakhstan,EPRS,1.00183
2016,Kazakhstan,ARSP,0.99917
2016,Kazakhstan,EMAIL,0.97107
2016,Kazakhstan,SOFT,0.93871
2016,Kazakhstan,CMFL,0.89512
2016,Kazakhstan,COPA,0.86195
2016,Kazakhstan,TRAF,0.84437
2016,Kazakhstan,INST,0.82213
2016,Kazakhstan,PCPR,0.72407
2017,Kazakhstan,ARSP,1.02273
2017,Kazakhstan,PCPR,0.75562
2017,Kazakhstan,CMFL,0.93299
2017,Kazakhstan,COPA,0.93117
2017,Kazakhstan,EMAIL,0.92502
2017,Kazakhstan,EPRS,0.89557
2017,Kazakhstan,TRAF,0.84166
2017,Kazakhstan,INST,0.83178
2017,Kazakhstan,SOFT,0.76157
2018,Kazakhstan,INST,0.88465
2018,Kazakhstan,EPRS,0.97721
2018,Kazakhstan,COPA,0.98009
2018,Kazakhstan,ARSP,0.99045
2018,Kazakhstan,EMAIL,0.97513
2018,Kazakhstan,CMFL,0.97152
2018,Kazakhstan,TRAF,0.96071
2018,Kazakhstan,PCPR,0.93683
2018,Kazakhstan,SOFT,0.90551
2019,Kazakhstan,ARSP,0.9898
2019,Kazakhstan,COPA,0.98734
2019,Kazakhstan,EMAIL,0.98247
2019,Kazakhstan,EPRS,0.94482
2019,Kazakhstan,SOFT,0.9441
2019,Kazakhstan,TRAF,0.93902
2019,Kazakhstan,INST,0.92939
2019,Kazakhstan,SCRTY,0.83516
2020,Kazakhstan,COPA,0.9988
2020,Kazakhstan,EMAIL,0.97358
2020,Kazakhstan,ARSP,0.96836
2020,Kazakhstan,INST,0.95388
2020,Kazakhstan,SOFT,0.93428
2020,Kazakhstan,EPRS,0.91021
2020,Kazakhstan,TRAF,0.89555
2020,Kazakhstan,SCRTY,0.85842
2021,Kazakhstan,ARSP,1.00876
2021,Kazakhstan,EMAIL,0.99011
2021,Kazakhstan,TRAF,0.98365
2021,Kazakhstan,INST,0.88949
2021,Kazakhstan,COPA,0.97653
2021,Kazakhstan,EPRS,0.944
2021,Kazakhstan,SOFT,0.9277
2021,Kazakhstan,SCRTY,0.89855
2017,Kosovo,CMFL,0.77467
2017,Kosovo,COPA,0.67548
2017,Kosovo,SOFT,0.67311
2017,Kosovo,ARSP,0.66371
2017,Kosovo,EPRS,0.6631
2017,Kosovo,TRAF,0.8003
2017,Kosovo,PCPR,0.79248
2010,Latvia,EMAIL,1.00703
2011,Latvia,EPRS,1.06305
2011,Latvia,ARSP,1.06209
2011,Latvia,COPA,1.00773
2011,Latvia,EMAIL,0.98652
2011,Latvia,TRAF,0.86839
2011,Latvia,INST,0.61606
2011,Latvia,PCPR,0.55767
2011,Latvia,CMFL,0.99413
2012,Latvia,EPRS,1.04786
2012,Latvia,ARSP,1.03137
2012,Latvia,COPA,1.00687
2012,Latvia,CMFL,0.99367
2012,Latvia,TRAF,0.89845
2012,Latvia,INST,0.64334
2012,Latvia,PCPR,0.38455
2013,Latvia,EMAIL,1.01942
2014,Latvia,ARSP,1.04515
2014,Latvia,COPA,1.0133
2014,Latvia,CMFL,1.00487
2014,Latvia,EPRS,0.97763
2014,Latvia,TRAF,0.88565
2014,Latvia,INST,0.6676
2014,Latvia,PCPR,0.47938
2015,Latvia,EPRS,1.13935
2015,Latvia,ARSP,1.09831
2015,Latvia,COPA,1.02809
2015,Latvia,CMFL,0.94214
2015,Latvia,TRAF,0.86656
2015,Latvia,SOFT,0.48285
2015,Latvia,PCPR,0.26865
2016,Latvia,EPRS,1.26871
2016,Latvia,CMFL,0.95693
2016,Latvia,TRAF,0.93236
2016,Latvia,PCPR,0.25401
2017,Latvia,EPRS,1.26163
2017,Latvia,ARSP,1.12792
2017,Latvia,TRAF,1.00581
2017,Latvia,CMFL,0.97857
2017,Latvia,PCPR,0.22458
2019,Latvia,EPRS,1.16209
2019,Latvia,ARSP,1.14805
2019,Latvia,CMFL,0.99247
2019,Latvia,TRAF,0.91364
2019,Latvia,SOFT,0.69071
2019,Latvia,PCPR,0.30497
2021,Latvia,VRFY,0.96029
2021,Latvia,PCPR,0.4634
2021,Latvia,COPA,1.03112
2010,Lithuania,EMAIL,1.02183
2011,Lithuania,ARSP,1.06747
2011,Lithuania,EMAIL,1.03447
2011,Lithuania,COPA,1.01224
2011,Lithuania,CMFL,1.00119
2011,Lithuania,EPRS,0.90247
2011,Lithuania,TRAF,0.87304
2011,Lithuania,INST,0.67774
2011,Lithuania,PCPR,0.52242
2012,Lithuania,ARSP,1.04239
2012,Lithuania,COPA,1.00168
2012,Lithuania,CMFL,0.99222
2012,Lithuania,EPRS,0.92311
2012,Lithuania,TRAF,0.88433
2012,Lithuania,INST,0.65532
2012,Lithuania,PCPR,0.55472
2013,Lithuania,EMAIL,1.03989
2014,Lithuania,ARSP,1.03444
2014,Lithuania,COPA,1.01974
2014,Lithuania,CMFL,1.01197
2014,Lithuania,EPRS,0.9193
2014,Lithuania,TRAF,0.91459
2014,Lithuania,INST,0.60968
2014,Lithuania,PCPR,0.54756
2015,Lithuania,ARSP,1.08542
2015,Lithuania,CMFL,0.98581
2015,Lithuania,EPRS,1.05189
2015,Lithuania,COPA,1.06179
2015,Lithuania,SOFT,0.66246
2015,Lithuania,PCPR,0.31084
2015,Lithuania,TRAF,0.93034
2016,Lithuania,CMFL,0.99773
2016,Lithuania,EPRS,0.98591
2016,Lithuania,ARSP,0.97786
2016,Lithuania,TRAF,0.93497
2016,Lithuania,SOFT,0.71368
2016,Lithuania,PCPR,0.29965
2017,Lithuania,EPRS,1.11806
2017,Lithuania,CMFL,1.02428
2017,Lithuania,ARSP,1.0218
2017,Lithuania,TRAF,0.95054
2017,Lithuania,SOFT,0.82745
2017,Lithuania,PCPR,0.39113
2019,Lithuania,COPA,0.96299
2019,Lithuania,TRAF,0.9187
2019,Lithuania,SOFT,0.82771
2019,Lithuania,PRVCY,0.60437
2019,Lithuania,PCPR,0.35774
2019,Lithuania,EPRS,1.05918
2019,Lithuania,ARSP,0.99023
2021,Lithuania,PRVCY,1.14399
2021,Lithuania,EPRS,1.07259
2021,Lithuania,ARSP,1.04892
2021,Lithuania,COPA,0.99253
2021,Lithuania,PCPR,0.31877
2021,Lithuania,VRFY,0.86133
2021,Lithuania,SOFT,0.9171
2010,Luxembourg,EMAIL,0.8574
2011,Luxembourg,EMAIL,0.92071
2011,Luxembourg,CMFL,0.88721
2011,Luxembourg,COPA,0.88381
2011,Luxembourg,TRAF,0.82739
2011,Luxembourg,ARSP,0.81487
2011,Luxembourg,EPRS,0.78696
2011,Luxembourg,INST,0.64223
2011,Luxembourg,PCPR,0.35037
2012,Luxembourg,COPA,0.90827
2012,Luxembourg,CMFL,0.86604
2012,Luxembourg,TRAF,0.85341
2012,Luxembourg,ARSP,0.7857
2012,Luxembourg,INST,0.64709
2012,Luxembourg,PCPR,0.44458
2012,Luxembourg,EPRS,0.78171
2013,Luxembourg,EMAIL,0.87549
2014,Luxembourg,COPA,0.93658
2014,Luxembourg,CMFL,0.89359
2014,Luxembourg,ARSP,0.80395
2014,Luxembourg,TRAF,0.78832
2014,Luxembourg,EPRS,0.69587
2014,Luxembourg,INST,0.62086
2014,Luxembourg,PCPR,0.41556
2015,Luxembourg,COPA,0.94008
2015,Luxembourg,EPRS,0.90364
2015,Luxembourg,CMFL,0.89196
2015,Luxembourg,TRAF,0.83905
2015,Luxembourg,SOFT,0.82223
2015,Luxembourg,PCPR,0.52803
2015,Luxembourg,ARSP,0.84808
2016,Luxembourg,TRAF,0.86504
2016,Luxembourg,CMFL,0.85897
2016,Luxembourg,INST,0.81137
2016,Luxembourg,ARSP,0.76597
2016,Luxembourg,PCPR,0.26457
2017,Luxembourg,CMFL,0.88376
2017,Luxembourg,ARSP,0.84891
2017,Luxembourg,EPRS,0.83676
2017,Luxembourg,TRAF,0.82752
2017,Luxembourg,SOFT,0.82279
2017,Luxembourg,PCPR,0.30262
2021,Luxembourg,EMAIL,1.02529
2021,Luxembourg,COPA,0.90682
2021,Luxembourg,SOFT,0.81819
2021,Luxembourg,VRFY,0.73792
2021,Luxembourg,ARSP,0.68551
2021,Luxembourg,PCPR,0.228
2010,Malta,EMAIL,0.89179
2011,Malta,CMFL,0.94107
2011,Malta,EPRS,0.78429
2011,Malta,INST,0.68345
2011,Malta,PCPR,0.49845
2011,Malta,TRAF,0.83197
2011,Malta,ARSP,0.83644
2011,Malta,COPA,0.92997
2011,Malta,EMAIL,0.93127
2012,Malta,COPA,0.92417
2012,Malta,CMFL,0.92132
2012,Malta,TRAF,0.89301
2012,Malta,ARSP,0.842
2012,Malta,EPRS,0.8164
2012,Malta,INST,0.55427
2012,Malta,PCPR,0.25017
2013,Malta,EMAIL,1.00969
2014,Malta,CMFL,0.94351
2014,Malta,ARSP,0.8722
2014,Malta,EPRS,0.84338
2014,Malta,TRAF,0.80098
2014,Malta,INST,0.68601
2014,Malta,PCPR,0.61289
2014,Malta,COPA,0.93398
2015,Malta,COPA,0.8931
2015,Malta,EPRS,0.87759
2015,Malta,TRAF,0.83954
2015,Malta,CMFL,0.83262
2015,Malta,ARSP,0.80984
2015,Malta,SOFT,0.71423
2015,Malta,PCPR,0.4535
2016,Malta,EPRS,1.06812
2016,Malta,CMFL,0.90083
2016,Malta,TRAF,0.89439
2016,Malta,ARSP,0.86031
2016,Malta,SOFT,0.8579
2016,Malta,PCPR,0.61922
2017,Malta,EPRS,1.05301
2017,Malta,CMFL,0.97529
2017,Malta,TRAF,0.93637
2017,Malta,ARSP,0.88113
2017,Malta,SOFT,0.83782
2017,Malta,PCPR,0.45099
2019,Malta,EPRS,1.04158
2019,Malta,COPA,0.92324
2019,Malta,SOFT,0.87532
2019,Malta,ARSP,0.86119
2019,Malta,TRAF,0.84548
2019,Malta,PCPR,0.7954
2019,Malta,PRVCY,0.7068
2020,Malta,EPRS,1.07681
2020,Malta,SCRTY,1.03846
2020,Malta,EMAIL,1.01984
2020,Malta,SOFT,0.96973
2020,Malta,ARSP,0.94896
2020,Malta,COPA,0.94417
2020,Malta,TRAF,0.84989
2020,Malta,PCPR,0.47639
2021,Malta,EMAIL,1.01274
2021,Malta,EPRS,1.02681
2021,Malta,SOFT,0.91869
2021,Malta,COPA,0.87724
2021,Malta,PCPR,0.74323
2021,Malta,VRFY,0.73699
2021,Malta,TRAF,0.87724
2021,Malta,ARSP,0.89443
2012,Montenegro,CMFL,0.79932
2012,Montenegro,COPA,0.78156
2012,Montenegro,TRAF,0.75903
2012,Montenegro,INST,0.63008
2012,Montenegro,PCPR,0.58366
2012,Montenegro,ARSP,0.82428
2012,Montenegro,EPRS,0.80284
2015,Montenegro,TRAF,0.91866
2015,Montenegro,CMFL,0.86556
2015,Montenegro,EPRS,0.80415
2015,Montenegro,SOFT,0.70525
2015,Montenegro,PCPR,0.29821
2016,Montenegro,PCPR,1.17859
2016,Montenegro,CMFL,0.91847
2016,Montenegro,EPRS,0.78241
2016,Montenegro,SOFT,0.67678
2016,Montenegro,TRAF,0.89236
2017,Montenegro,TRAF,0.92659
2017,Montenegro,CMFL,0.91744
2017,Montenegro,EPRS,0.85299
2017,Montenegro,INST,0.80875
2017,Montenegro,PCPR,0.53065
2018,Montenegro,TRAF,1.00478
2018,Montenegro,CMFL,0.98978
2018,Montenegro,EPRS,0.9072
2018,Montenegro,ARSP,0.90363
2018,Montenegro,SOFT,0.872
2018,Montenegro,PCPR,0.63515
2019,Montenegro,EPRS,1.03737
2019,Montenegro,ARSP,1.03137
2019,Montenegro,TRAF,0.98841
2019,Montenegro,PCPR,0.8931
2019,Montenegro,SOFT,0.83199
2020,Montenegro,EPRS,1.33863
2020,Montenegro,ARSP,1.17072
2020,Montenegro,SOFT,0.96528
2020,Montenegro,TRAF,0.95622
2020,Montenegro,PCPR,0.7325
2021,Montenegro,EPRS,1.06284
2021,Montenegro,ARSP,0.95379
2021,Montenegro,SOFT,0.915
2021,Montenegro,PCPR,0.5562
2010,Netherlands,EMAIL,0.93556
2011,Netherlands,TRAF,0.81771
2011,Netherlands,ARSP,0.71554
2011,Netherlands,COPA,0.94564
2011,Netherlands,PCPR,0.1732
2011,Netherlands,EPRS,0.84456
2011,Netherlands,CMFL,0.91928
2011,Netherlands,EMAIL,0.95198
2011,Netherlands,INST,0.47968
2012,Netherlands,EPRS,0.80093
2012,Netherlands,CMFL,0.9065
2012,Netherlands,PCPR,0.18514
2012,Netherlands,COPA,0.91351
2012,Netherlands,ARSP,0.70128
2012,Netherlands,TRAF,0.79983
2012,Netherlands,INST,0.48455
2013,Netherlands,EMAIL,0.94872
2014,Netherlands,COPA,0.9185
2014,Netherlands,EPRS,0.80891
2014,Netherlands,ARSP,0.6744
2014,Netherlands,CMFL,0.90279
2014,Netherlands,TRAF,0.85413
2014,Netherlands,INST,0.46249
2014,Netherlands,PCPR,0.21878
2015,Netherlands,CMFL,0.88991
2015,Netherlands,SOFT,0.89122
2015,Netherlands,TRAF,0.87024
2015,Netherlands,EPRS,0.80637
2015,Netherlands,COPA,0.90552
2015,Netherlands,ARSP,0.74237
2015,Netherlands,PCPR,0.25489
2016,Netherlands,EPRS,0.80268
2016,Netherlands,CMFL,0.89758
2016,Netherlands,COPA,0.93361
2016,Netherlands,SOFT,0.90134
2016,Netherlands,TRAF,0.91166
2016,Netherlands,ARSP,0.77791
2016,Netherlands,PCPR,0.32374
2010,Norway,EMAIL,0.91559
2011,Norway,TRAF,0.87337
2011,Norway,ARSP,0.86267
2011,Norway,EPRS,0.96702
2011,Norway,PCPR,0.54264
2011,Norway,INST,0.67949
2011,Norway,COPA,0.93395
2011,Norway,CMFL,0.85237
2011,Norway,EMAIL,0.95081
2012,Norway,PCPR,0.50558
2012,Norway,CMFL,0.94236
2012,Norway,INST,0.69559
2012,Norway,ARSP,0.83339
2012,Norway,COPA,0.9278
2012,Norway,TRAF,0.90561
2012,Norway,EPRS,0.85997
2013,Norway,EMAIL,0.99287
2014,Norway,COPA,0.94997
2014,Norway,TRAF,0.81179
2014,Norway,PCPR,0.35786
2014,Norway,ARSP,0.71729
2014,Norway,INST,0.65231
2014,Norway,CMFL,0.908
2014,Norway,EPRS,0.81384
2015,Norway,PCPR,0.52192
2015,Norway,ARSP,0.8269
2015,Norway,SOFT,0.90586
2015,Norway,TRAF,0.87091
2015,Norway,CMFL,0.83909
2015,Norway,COPA,0.92345
2015,Norway,EPRS,0.94614
2016,Norway,SOFT,0.94564
2016,Norway,EPRS,0.92102
2016,Norway,CMFL,0.85244
2016,Norway,ARSP,0.80056
2016,Norway,PCPR,0.31094
2016,Norway,TRAF,0.87517
2016,Norway,COPA,0.93495
2021,Norway,SOFT,0.89434
2021,Norway,VRFY,0.75787
2021,Norway,ARSP,0.79661
2021,Norway,COPA,0.90466
2021,Norway,PCPR,0.49152
2021,Norway,TRAF,0.90466
2021,Norway,EPRS,0.90466
2010,Poland,EMAIL,0.94817
2011,Poland,EMAIL,0.94416
2011,Poland,COPA,0.94297
2011,Poland,ARSP,0.93963
2011,Poland,CMFL,0.9239
2011,Poland,EPRS,0.78986
2011,Poland,TRAF,0.76881
2011,Poland,INST,0.62705
2011,Poland,PCPR,0.47916
2012,Poland,INST,0.65093
2012,Poland,PCPR,0.43802
2012,Poland,CMFL,0.95571
2012,Poland,ARSP,0.95496
2012,Poland,EPRS,0.86789
2012,Poland,TRAF,0.85404
2012,Poland,COPA,0.9558
2013,Poland,EMAIL,0.96388
2014,Poland,COPA,0.94252
2014,Poland,CMFL,0.93904
2014,Poland,ARSP,0.93445
2014,Poland,TRAF,0.81967
2014,Poland,INST,0.67827
2014,Poland,PCPR,0.41323
2014,Poland,EPRS,0.86972
2015,Poland,EPRS,0.90516
2015,Poland,COPA,0.93958
2015,Poland,ARSP,0.90295
2015,Poland,CMFL,0.87853
2015,Poland,TRAF,0.82865
2015,Poland,SOFT,0.62383
2015,Poland,PCPR,0.24803
2016,Poland,PCPR,0.24564
2016,Poland,EPRS,0.99913
2016,Poland,ARSP,0.95296
2016,Poland,CMFL,0.91435
2016,Poland,TRAF,0.85349
2016,Poland,SOFT,0.66071
2017,Poland,EPRS,0.95576
2017,Poland,ARSP,0.90586
2017,Poland,TRAF,0.84798
2017,Poland,PCPR,0.32821
2017,Poland,CMFL,0.90653
2018,Poland,EPRS,0.95269
2018,Poland,PCPR,0.28528
2018,Poland,ARSP,0.91806
2018,Poland,CMFL,0.91251
2018,Poland,TRAF,0.868
2018,Poland,SOFT,0.69199
2019,Poland,PCPR,0.35302
2019,Poland,ARSP,0.89643
2019,Poland,EPRS,0.94323
2019,Poland,TRAF,0.85825
2019,Poland,SOFT,0.75688
2020,Poland,EPRS,0.98018
2020,Poland,ARSP,0.95065
2020,Poland,TRAF,0.88556
2020,Poland,SOFT,0.78678
2020,Poland,PCPR,0.48998
2021,Poland,EPRS,0.9784
2021,Poland,SOFT,0.83255
2021,Poland,PCPR,0.57398
2021,Poland,VRFY,0.91017
2021,Poland,TRAF,0.9186
2021,Poland,ARSP,0.97292
2010,Portugal,EMAIL,0.86541
2011,Portugal,EPRS,0.9612
2011,Portugal,CMFL,0.9299
2011,Portugal,COPA,0.91642
2011,Portugal,EMAIL,0.91292
2011,Portugal,ARSP,0.87853
2011,Portugal,TRAF,0.81899
2011,Portugal,INST,0.73683
2011,Portugal,PCPR,0.44642
2012,Portugal,EPRS,0.92706
2012,Portugal,COPA,0.91495
2012,Portugal,CMFL,0.89969
2012,Portugal,ARSP,0.88694
2012,Portugal,INST,0.73059
2012,Portugal,PCPR,0.47716
2012,Portugal,TRAF,0.81824
2013,Portugal,EMAIL,0.90223
2014,Portugal,EPRS,0.96281
2014,Portugal,COPA,0.90946
2014,Portugal,ARSP,0.89212
2014,Portugal,TRAF,0.82656
2014,Portugal,INST,0.75174
2014,Portugal,PCPR,0.38701
2014,Portugal,CMFL,0.90198
2015,Portugal,COPA,0.8881
2015,Portugal,CMFL,0.84049
2015,Portugal,ARSP,0.82639
2015,Portugal,TRAF,0.81611
2015,Portugal,EPRS,0.91361
2015,Portugal,SOFT,0.66753
2015,Portugal,PCPR,0.41448
2016,Portugal,TRAF,0.86601
2016,Portugal,EPRS,0.99772
2016,Portugal,COPA,0.88594
2016,Portugal,CMFL,0.86858
2016,Portugal,ARSP,0.84638
2016,Portugal,SOFT,0.72945
2016,Portugal,PCPR,0.59148
2017,Portugal,EPRS,0.95756
2017,Portugal,SOFT,0.7794
2017,Portugal,TRAF,0.88772
2017,Portugal,CMFL,0.93248
2017,Portugal,ARSP,0.84107
2017,Portugal,PCPR,0.57145
2019,Portugal,EPRS,0.98529
2019,Portugal,COPA,0.877
2019,Portugal,TRAF,0.85522
2019,Portugal,SOFT,0.82689
2019,Portugal,ARSP,0.82039
2019,Portugal,PCPR,0.5275
2019,Portugal,PRVCY,0.48929
2021,Portugal,ARSP,0.94593
2021,Portugal,SOFT,0.79199
2021,Portugal,COPA,0.94851
2021,Portugal,VRFY,0.78622
2021,Portugal,PRVCY,0.59903
2021,Portugal,PCPR,0.4139
2021,Portugal,EPRS,1.00688
2010,Romania,EMAIL,0.91194
2011,Romania,EPRS,0.82943
2011,Romania,INST,0.68839
2011,Romania,EMAIL,0.9271
2011,Romania,COPA,0.92631
2011,Romania,CMFL,0.92342
2011,Romania,PCPR,0.8926
2011,Romania,ARSP,1.00631
2011,Romania,TRAF,0.80243
2012,Romania,ARSP,0.97944
2012,Romania,COPA,0.9539
2012,Romania,EPRS,0.82673
2012,Romania,CMFL,0.93216
2012,Romania,PCPR,0.79174
2012,Romania,TRAF,0.77188
2012,Romania,INST,0.69893
2013,Romania,EMAIL,0.94314
2014,Romania,INST,0.60213
2014,Romania,ARSP,0.8799
2014,Romania,CMFL,0.87705
2014,Romania,COPA,0.86703
2014,Romania,TRAF,0.78888
2014,Romania,PCPR,0.68152
2014,Romania,EPRS,0.68045
2015,Romania,SOFT,0.70999
2015,Romania,CMFL,0.91996
2015,Romania,ARSP,0.84859
2015,Romania,TRAF,0.92498
2015,Romania,COPA,0.90567
2015,Romania,EPRS,0.87323
2015,Romania,PCPR,0.64844
2016,Romania,CMFL,0.91625
2016,Romania,ARSP,0.90908
2016,Romania,COPA,0.9049
2016,Romania,EPRS,0.89409
2016,Romania,SOFT,0.77355
2016,Romania,PCPR,0.58044
2016,Romania,TRAF,0.93196
2019,Romania,TRAF,0.97828
2019,Romania,EMAIL,0.97675
2019,Romania,EPRS,0.86908
2019,Romania,COPA,0.81654
2019,Romania,SOFT,0.78721
2019,Romania,ARSP,0.75199
2020,Romania,EMAIL,1.00045
2021,Romania,COPA,0.8911
2021,Romania,SOFT,0.78594
2021,Uzbekistan,SOFT,0.76863
2021,Uzbekistan,EMAIL,0.77425
2021,Uzbekistan,EMAIL,0.77425