Year,GeoAreaName,Age,Freq,Location,Sex,Value
2014,Bulgaria,,,,,97.48534
2015,Bulgaria,,,,,97.48534
2016,Bulgaria,,,,,97.48534
2017,Bulgaria,,,,,97.48534
2018,Bulgaria,,,,,99.32538
2019,Bulgaria,,,,,99.4971
2000,Albania,,,,,21.63053
2001,Albania,,,,,21.63053
2002,Albania,,,,,21.63053
2003,Albania,,,,,21.63053
2004,Albania,,,,,21.6336
2005,Albania,,,,,21.6336
2020,Bulgaria,,,,,99.4971
2021,Bulgaria,,,,,99.4971
2022,Bulgaria,,,,,99.4971
2000,Belarus,,,,,N
2001,Belarus,,,,,N
2002,Belarus,,,,,N
2006,Albania,,,,,23.54735
2007,Albania,,,,,26.17119
2008,Albania,,,,,30.45205
2009,Albania,,,,,30.45205
2010,Albania,,,,,30.66174
2011,Albania,,,,,34.8253
2003,Belarus,,,,,N
2004,Belarus,,,,,N
2005,Belarus,,,,,N
2006,Belarus,,,,,N
2007,Belarus,,,,,N
2008,Belarus,,,,,N
2000,Germany,,,,,49.0071
2001,Germany,,,,,53.10622
2002,Germany,,,,,53.25653
2003,Germany,,,,,53.51297
2004,Germany,,,,,62.45386
2005,Germany,,,,,66.74506
2012,Albania,,,,,39.05133
2013,Albania,,,,,39.10767
2014,Albania,,,,,39.10767
2015,Albania,,,,,39.10767
2016,Albania,,,,,39.12337
2017,Albania,,,,,39.12337
2009,Belarus,,,,,N
2010,Belarus,,,,,N
2011,Belarus,,,,,N
2012,Belarus,,,,,N
2013,Belarus,,,,,N
2014,Belarus,,,,,N
2015,Belarus,,,,,N
2016,Belarus,,,,,N
2017,Belarus,,,,,N
2018,Belarus,,,,,N
2019,Belarus,,,,,N
2020,Belarus,,,,,N
2018,Albania,,,,,40.29851
2019,Albania,,,,,40.29851
2020,Albania,,,,,40.29851
2021,Albania,,,,,40.29851
2022,Albania,,,,,40.29851
2000,Azerbaijan,,,,,32.89862
2014,Malta,,,,,N
2015,Malta,,,,,N
2016,Malta,,,,,N
2017,Malta,,,,,N
2018,Malta,,,,,N
2019,Malta,,,,,N
2001,Azerbaijan,,,,,32.89862
2002,Azerbaijan,,,,,32.89862
2003,Azerbaijan,,,,,36.47725
2004,Azerbaijan,,,,,41.7327
2005,Azerbaijan,,,,,41.96663
2006,Azerbaijan,,,,,50.04243
2021,Belarus,,,,,N
2022,Belarus,,,,,N
2000,Croatia,,,,,23.15899
2001,Croatia,,,,,23.17296
2002,Croatia,,,,,23.17398
2003,Croatia,,,,,23.18993
2007,Azerbaijan,,,,,50.04243
2008,Azerbaijan,,,,,53.42114
2009,Azerbaijan,,,,,55.5121
2010,Azerbaijan,,,,,55.5121
2011,Azerbaijan,,,,,55.5121
2012,Azerbaijan,,,,,55.5121
2020,Malta,,,,,N
2021,Malta,,,,,N
2022,Malta,,,,,N
2000,Republic of Moldova,,,,,64.87439
2001,Republic of Moldova,,,,,64.87439
2002,Republic of Moldova,,,,,64.87439
2013,Azerbaijan,,,,,55.5121
2014,Azerbaijan,,,,,55.5121
2015,Azerbaijan,,,,,55.5121
2016,Azerbaijan,,,,,55.5121
2017,Azerbaijan,,,,,55.5121
2018,Azerbaijan,,,,,55.5121
2019,Azerbaijan,,,,,55.5121
2020,Azerbaijan,,,,,55.5121
2021,Azerbaijan,,,,,55.5121
2022,Azerbaijan,,,,,55.5121
2000,Austria,,,,,52.21336
2001,Austria,,,,,54.46961
2002,Austria,,,,,55.04493
2003,Austria,,,,,55.22844
2004,Austria,,,,,59.00051
2005,Austria,,,,,59.036
2006,Austria,,,,,60.72172
2007,Austria,,,,,61.43149
2006,Germany,,,,,74.19878
2007,Germany,,,,,77.13312
2008,Germany,,,,,79.04088
2009,Germany,,,,,79.04617
2010,Germany,,,,,79.10782
2011,Germany,,,,,79.18076
2003,Republic of Moldova,,,,,64.87439
2004,Republic of Moldova,,,,,64.87439
2005,Republic of Moldova,,,,,64.87439
2006,Republic of Moldova,,,,,64.87439
2007,Republic of Moldova,,,,,96.2902
2008,Republic of Moldova,,,,,96.2902
2008,Austria,,,,,61.50282
2009,Austria,,,,,61.50581
2010,Austria,,,,,62.71691
2011,Austria,,,,,63.54955
2012,Austria,,,,,63.57477
2013,Austria,,,,,65.03622
2012,Germany,,,,,79.18301
2013,Germany,,,,,79.19503
2014,Germany,,,,,79.2071
2015,Germany,,,,,79.20797
2016,Germany,,,,,79.26345
2017,Germany,,,,,79.2639
2014,Austria,,,,,65.07019
2015,Austria,,,,,65.27334
2016,Austria,,,,,65.2805
2017,Austria,,,,,65.2805
2018,Austria,,,,,65.29621
2019,Austria,,,,,65.34537
2018,Germany,,,,,79.27319
2019,Germany,,,,,81.11495
2020,Germany,,,,,81.11495
2021,Germany,,,,,81.11495
2022,Germany,,,,,81.11495
2000,Greece,,,,,22.44551
2020,Austria,,,,,65.34596
2021,Austria,,,,,65.34596
2022,Austria,,,,,65.34596
2000,Armenia,,,,,12.99469
2001,Armenia,,,,,12.99469
2002,Armenia,,,,,15.56634
2004,Croatia,,,,,23.18993
2005,Croatia,,,,,23.18993
2006,Croatia,,,,,23.18993
2007,Croatia,,,,,23.18993
2008,Croatia,,,,,23.18993
2009,Croatia,,,,,23.18993
2009,Republic of Moldova,,,,,96.2902
2010,Republic of Moldova,,,,,96.2902
2011,Republic of Moldova,,,,,96.2902
2012,Republic of Moldova,,,,,96.2902
2013,Republic of Moldova,,,,,96.2902
2014,Republic of Moldova,,,,,96.2902
2003,Armenia,,,,,15.56634
2004,Armenia,,,,,15.56634
2005,Armenia,,,,,15.56634
2006,Armenia,,,,,15.56634
2007,Armenia,,,,,15.60131
2008,Armenia,,,,,15.60131
2009,Armenia,,,,,22.34083
2010,Armenia,,,,,22.34083
2011,Armenia,,,,,23.39704
2012,Armenia,,,,,23.39704
2013,Armenia,,,,,23.39704
2014,Armenia,,,,,23.39704
2010,Croatia,,,,,23.18993
2011,Croatia,,,,,23.18993
2012,Croatia,,,,,23.18993
2013,Croatia,,,,,67.20983
2014,Croatia,,,,,73.73557
2015,Croatia,,,,,73.73557
2015,Republic of Moldova,,,,,96.2902
2016,Republic of Moldova,,,,,96.2902
2017,Republic of Moldova,,,,,96.2902
2018,Republic of Moldova,,,,,96.2902
2019,Republic of Moldova,,,,,96.2902
2020,Republic of Moldova,,,,,96.2902
2001,Greece,,,,,32.0045
2002,Greece,,,,,43.64811
2003,Greece,,,,,44.23323
2004,Greece,,,,,44.31408
2005,Greece,,,,,46.26564
2006,Greece,,,,,46.94684
2015,Armenia,,,,,23.39704
2016,Armenia,,,,,23.39704
2017,Armenia,,,,,23.39704
2018,Armenia,,,,,23.39704
2019,Armenia,,,,,23.39704
2020,Armenia,,,,,23.39704
2021,Armenia,,,,,23.39704
2022,Armenia,,,,,23.39704
2000,Belgium,,,,,3.94534
2001,Belgium,,,,,3.9741
2002,Belgium,,,,,4.07991
2003,Belgium,,,,,5.25809
2021,Republic of Moldova,,,,,96.2902
2022,Republic of Moldova,,,,,96.2902
2000,Montenegro,,,,,19.13924
2001,Montenegro,,,,,19.13924
2002,Montenegro,,,,,19.13924
2003,Montenegro,,,,,19.13924
2007,Greece,,,,,47.59314
2008,Greece,,,,,53.75761
2009,Greece,,,,,56.5331
2010,Greece,,,,,75.72209
2011,Greece,,,,,81.9593
2012,Greece,,,,,81.9593
2013,Greece,,,,,81.9593
2014,Greece,,,,,81.9593
2015,Greece,,,,,81.9593
2016,Greece,,,,,81.9593
2017,Greece,,,,,81.9593
2018,Greece,,,,,81.9593
2004,Montenegro,,,,,19.13924
2005,Montenegro,,,,,19.13924
2006,Montenegro,,,,,19.13924
2007,Montenegro,,,,,19.13924
2008,Montenegro,,,,,19.13924
2009,Montenegro,,,,,19.13924
2010,Montenegro,,,,,19.13924
2011,Montenegro,,,,,19.13924
2012,Montenegro,,,,,19.13924
2013,Montenegro,,,,,19.13924
2014,Montenegro,,,,,19.13924
2015,Montenegro,,,,,19.13924
2004,Belgium,,,,,5.25809
2005,Belgium,,,,,5.34352
2006,Belgium,,,,,5.34435
2007,Belgium,,,,,5.34622
2008,Belgium,,,,,5.34622
2009,Belgium,,,,,5.4552
2010,Belgium,,,,,5.48027
2011,Belgium,,,,,5.48027
2012,Belgium,,,,,5.48053
2013,Belgium,,,,,5.52824
2014,Belgium,,,,,9.89879
2015,Belgium,,,,,12.04772
2016,Belgium,,,,,24.28949
2017,Belgium,,,,,24.29007
2018,Belgium,,,,,24.2901
2019,Belgium,,,,,24.29109
2020,Belgium,,,,,24.29551
2021,Belgium,,,,,24.29551
2016,Montenegro,,,,,19.13924
2017,Montenegro,,,,,19.13924
2018,Montenegro,,,,,19.13924
2019,Montenegro,,,,,23.30591
2020,Montenegro,,,,,23.30591
2021,Montenegro,,,,,23.30591
2019,Greece,,,,,81.9593
2020,Greece,,,,,81.9593
2021,Greece,,,,,81.9593
2022,Greece,,,,,81.9593
2000,Hungary,,,,,51.12369
2001,Hungary,,,,,51.12371
2016,Croatia,,,,,73.73557
2017,Croatia,,,,,73.73557
2018,Croatia,,,,,73.73557
2019,Croatia,,,,,73.73557
2020,Croatia,,,,,73.73557
2021,Croatia,,,,,73.73557
2022,Belgium,,,,,24.29551
2000,Bosnia and Herzegovina,,,,,0
2001,Bosnia and Herzegovina,,,,,0
2002,Bosnia and Herzegovina,,,,,0
2003,Bosnia and Herzegovina,,,,,0
2004,Bosnia and Herzegovina,,,,,0
2002,Hungary,,,,,51.12371
2003,Hungary,,,,,51.12371
2004,Hungary,,,,,78.46425
2005,Hungary,,,,,78.46425
2006,Hungary,,,,,78.46425
2007,Hungary,,,,,78.46427
2022,Montenegro,,,,,23.30591
2000,Netherlands,,,,,N
2001,Netherlands,,,,,N
2002,Netherlands,,,,,N
2003,Netherlands,,,,,N
2004,Netherlands,,,,,N
2005,Bosnia and Herzegovina,,,,,0
2006,Bosnia and Herzegovina,,,,,0
2007,Bosnia and Herzegovina,,,,,0
2008,Bosnia and Herzegovina,,,,,14.28571
2009,Bosnia and Herzegovina,,,,,14.28571
2010,Bosnia and Herzegovina,,,,,14.28571
2005,Netherlands,,,,,N
2006,Netherlands,,,,,N
2007,Netherlands,,,,,N
2008,Netherlands,,,,,N
2009,Netherlands,,,,,N
2010,Netherlands,,,,,N
2011,Bosnia and Herzegovina,,,,,14.47443
2012,Bosnia and Herzegovina,,,,,14.47443
2013,Bosnia and Herzegovina,,,,,14.47443
2014,Bosnia and Herzegovina,,,,,14.47443
2015,Bosnia and Herzegovina,,,,,14.47443
2016,Bosnia and Herzegovina,,,,,14.47443
2008,Hungary,,,,,78.46427
2009,Hungary,,,,,78.46427
2010,Hungary,,,,,81.0612
2011,Hungary,,,,,81.0612
2012,Hungary,,,,,81.0612
2013,Hungary,,,,,81.0612
2011,Netherlands,,,,,N
2012,Netherlands,,,,,N
2013,Netherlands,,,,,N
2014,Netherlands,,,,,N
2015,Netherlands,,,,,N
2016,Netherlands,,,,,N
2014,Hungary,,,,,81.06239
2015,Hungary,,,,,81.06254
2016,Hungary,,,,,81.06254
2017,Hungary,,,,,81.06254
2018,Hungary,,,,,81.06254
2019,Hungary,,,,,81.06254
2017,Bosnia and Herzegovina,,,,,14.47443
2018,Bosnia and Herzegovina,,,,,14.47443
2019,Bosnia and Herzegovina,,,,,14.47443
2020,Bosnia and Herzegovina,,,,,27.27735
2021,Bosnia and Herzegovina,,,,,27.27735
2022,Bosnia and Herzegovina,,,,,27.27735
2020,Hungary,,,,,81.06254
2021,Hungary,,,,,81.06254
2022,Hungary,,,,,81.06254
2000,Iceland,,,,,23.14508
2001,Iceland,,,,,23.14508
2002,Iceland,,,,,23.14508
2003,Iceland,,,,,23.14508
2004,Iceland,,,,,23.16985
2005,Iceland,,,,,32.48418
2006,Iceland,,,,,32.48418
2007,Iceland,,,,,32.48418
2008,Iceland,,,,,32.48418
2009,Iceland,,,,,32.48418
2010,Iceland,,,,,32.48418
2011,Iceland,,,,,32.48418
2012,Iceland,,,,,32.48418
2013,Iceland,,,,,32.48418
2014,Iceland,,,,,32.48418
2015,Iceland,,,,,32.48418
2016,Iceland,,,,,32.48418
2017,Iceland,,,,,32.48418
2018,Iceland,,,,,32.48418
2019,Iceland,,,,,32.48418
2020,Iceland,,,,,32.48418
2017,Netherlands,,,,,N
2018,Netherlands,,,,,N
2019,Netherlands,,,,,N
2020,Netherlands,,,,,N
2021,Netherlands,,,,,N
2022,Netherlands,,,,,N
2000,Bulgaria,,,,,11.64421
2001,Bulgaria,,,,,11.96479
2002,Bulgaria,,,,,20.88025
2003,Bulgaria,,,,,20.88384
2004,Bulgaria,,,,,20.88654
2005,Bulgaria,,,,,20.89043
2022,Croatia,,,,,73.73557
2000,Cyprus,,,,,5.93612
2001,Cyprus,,,,,5.93612
2002,Cyprus,,,,,5.93612
2003,Cyprus,,,,,5.93612
2004,Cyprus,,,,,8.34486
2006,Bulgaria,,,,,20.89906
2007,Bulgaria,,,,,96.16069
2008,Bulgaria,,,,,97.47631
2009,Bulgaria,,,,,97.47631
2010,Bulgaria,,,,,97.47631
2011,Bulgaria,,,,,97.48534
2021,Iceland,,,,,40.68288
2022,Iceland,,,,,40.68288
2000,Ireland,,,,,27.28446
2001,Ireland,,,,,27.28446
2002,Ireland,,,,,27.28446
2003,Ireland,,,,,27.28446
2004,Ireland,,,,,27.28446
2005,Ireland,,,,,30.30732
2006,Ireland,,,,,59.41078
2007,Ireland,,,,,59.41078
2008,Ireland,,,,,59.41078
2009,Ireland,,,,,61.24654
2010,Ireland,,,,,62.16669
2011,Ireland,,,,,62.16669
2012,Ireland,,,,,62.16669
2013,Ireland,,,,,62.16669
2014,Ireland,,,,,62.16669
2015,Ireland,,,,,62.16669
2016,Ireland,,,,,62.48657
2017,Ireland,,,,,64.52037
2018,Ireland,,,,,65.35316
2019,Ireland,,,,,65.5093
2020,Ireland,,,,,65.5093
2021,Ireland,,,,,65.5093
2012,Bulgaria,,,,,97.48534
2013,Bulgaria,,,,,97.48534
2000,Serbia,,,,,20.32297
2001,Serbia,,,,,25.1669
2002,Serbia,,,,,25.1669
2003,Serbia,,,,,25.1669
2000,Norway,,,,,37.27139
2001,Norway,,,,,37.27139
2002,Norway,,,,,37.76674
2003,Norway,,,,,38.68932
2004,Norway,,,,,46.02935
2005,Norway,,,,,46.02935
2022,Ireland,,,,,65.5093
2000,Italy,,,,,44.61015
2001,Italy,,,,,45.41951
2002,Italy,,,,,45.4196
2003,Italy,,,,,50.41291
2004,Italy,,,,,54.06546
2004,Serbia,,,,,25.1669
2005,Serbia,,,,,26.65347
2006,Serbia,,,,,27.45259
2007,Serbia,,,,,27.45259
2008,Serbia,,,,,27.45259
2009,Serbia,,,,,27.45259
2010,Serbia,,,,,27.45259
2011,Serbia,,,,,27.45259
2012,Serbia,,,,,27.45266
2013,Serbia,,,,,27.82145
2014,Serbia,,,,,31.17966
2015,Serbia,,,,,34.95127
2005,Italy,,,,,63.32215
2006,Italy,,,,,65.79931
2007,Italy,,,,,69.10323
2008,Italy,,,,,69.10323
2009,Italy,,,,,72.473
2010,Italy,,,,,72.473
2006,Norway,,,,,56.75729
2007,Norway,,,,,56.77016
2008,Norway,,,,,58.33229
2009,Norway,,,,,58.33229
2010,Norway,,,,,58.33229
2011,Norway,,,,,65.71634
2012,Norway,,,,,65.71634
2013,Norway,,,,,65.71634
2014,Norway,,,,,66.19954
2015,Norway,,,,,66.21376
2016,Norway,,,,,66.21376
2017,Norway,,,,,66.21376
2016,Serbia,,,,,34.9661
2017,Serbia,,,,,34.96639
2018,Serbia,,,,,37.3018
2019,Serbia,,,,,37.30252
2020,Serbia,,,,,37.30252
2021,Serbia,,,,,37.30252
2011,Italy,,,,,72.473
2012,Italy,,,,,72.48528
2013,Italy,,,,,72.95381
2014,Italy,,,,,73.28634
2015,Italy,,,,,74.03981
2016,Italy,,,,,74.26916
2018,Norway,,,,,66.74903
2019,Norway,,,,,66.99626
2020,Norway,,,,,66.99626
2021,Norway,,,,,66.99626
2022,Norway,,,,,66.99626
2000,Poland,,,,,77.36022
2001,Poland,,,,,77.36022
2002,Poland,,,,,77.36022
2003,Poland,,,,,77.36022
2004,Poland,,,,,77.36027
2005,Poland,,,,,77.36027
2006,Poland,,,,,77.36027
2022,Serbia,,,,,37.30252
2000,Slovakia,,,,,41.72085
2001,Slovakia,,,,,53.40294
2002,Slovakia,,,,,58.38812
2003,Slovakia,,,,,67.11868
2004,Slovakia,,,,,70.63606
2017,Italy,,,,,75.03609
2018,Italy,,,,,75.36063
2019,Italy,,,,,75.5283
2020,Italy,,,,,75.52841
2021,Italy,,,,,75.52841
2022,Italy,,,,,75.52841
2005,Slovakia,,,,,72.89199
2006,Slovakia,,,,,72.89199
2007,Slovakia,,,,,73.23472
2008,Slovakia,,,,,73.23472
2009,Slovakia,,,,,73.23472
2010,Slovakia,,,,,73.39191
2007,Poland,,,,,84.78293
2008,Poland,,,,,86.88529
2009,Poland,,,,,89.70914
2010,Poland,,,,,89.70914
2011,Poland,,,,,94.3974
2012,Poland,,,,,94.3974
2000,Kazakhstan,,,,,17.44373
2001,Kazakhstan,,,,,28.2619
2002,Kazakhstan,,,,,28.2619
2003,Kazakhstan,,,,,28.2619
2004,Kazakhstan,,,,,33.84573
2005,Kazakhstan,,,,,33.84573
2011,Slovakia,,,,,89.56761
2012,Slovakia,,,,,90.50911
2013,Slovakia,,,,,90.50911
2014,Slovakia,,,,,90.50911
2015,Slovakia,,,,,90.50911
2016,Slovakia,,,,,90.95881
2006,Kazakhstan,,,,,36.49244
2007,Kazakhstan,,,,,36.49244
2008,Kazakhstan,,,,,36.49244
2009,Kazakhstan,,,,,36.49244
2010,Kazakhstan,,,,,38.11135
2011,Kazakhstan,,,,,38.76497
2017,Slovakia,,,,,91.07686
2018,Slovakia,,,,,91.07686
2019,Slovakia,,,,,91.07686
2020,Slovakia,,,,,91.08143
2021,Slovakia,,,,,91.08143
2022,Slovakia,,,,,91.08143
2005,Cyprus,,,,,18.8799
2006,Cyprus,,,,,18.8799
2007,Cyprus,,,,,49.07405
2008,Cyprus,,,,,69.6256
2009,Cyprus,,,,,69.68368
2010,Cyprus,,,,,69.68368
2013,Poland,,,,,94.3974
2014,Poland,,,,,94.3974
2015,Poland,,,,,94.3974
2016,Poland,,,,,94.3974
2017,Poland,,,,,94.3974
2018,Poland,,,,,94.3974
2019,Poland,,,,,94.3974
2020,Poland,,,,,94.3974
2021,Poland,,,,,94.3974
2022,Poland,,,,,94.3974
2000,Portugal,,,,,59.24164
2001,Portugal,,,,,59.24164
2000,Slovenia,,,,,13.15281
2001,Slovenia,,,,,13.15281
2002,Slovenia,,,,,17.86152
2003,Slovenia,,,,,17.86152
2004,Slovenia,,,,,79.21363
2005,Slovenia,,,,,79.21363
2006,Slovenia,,,,,79.21434
2007,Slovenia,,,,,79.21434
2008,Slovenia,,,,,79.3269
2009,Slovenia,,,,,79.3269
2010,Slovenia,,,,,79.32691
2011,Slovenia,,,,,79.32691
2012,Kazakhstan,,,,,38.78175
2013,Kazakhstan,,,,,38.78175
2014,Kazakhstan,,,,,38.78175
2015,Kazakhstan,,,,,38.78175
2016,Kazakhstan,,,,,41.48157
2017,Kazakhstan,,,,,41.48157
2002,Portugal,,,,,59.24164
2003,Portugal,,,,,65.26014
2004,Portugal,,,,,65.26014
2005,Portugal,,,,,65.26014
2006,Portugal,,,,,65.64453
2007,Portugal,,,,,65.64453
2012,Slovenia,,,,,79.37074
2013,Slovenia,,,,,79.67445
2014,Slovenia,,,,,79.68639
2015,Slovenia,,,,,79.69372
2016,Slovenia,,,,,79.69372
2017,Slovenia,,,,,79.69372
2008,Portugal,,,,,75.83089
2009,Portugal,,,,,76.70184
2010,Portugal,,,,,76.70184
2011,Portugal,,,,,78.61822
2012,Portugal,,,,,78.84058
2013,Portugal,,,,,78.84058
2014,Portugal,,,,,78.84058
2015,Portugal,,,,,78.84058
2016,Portugal,,,,,78.84058
2017,Portugal,,,,,78.84058
2018,Portugal,,,,,79.85081
2019,Portugal,,,,,79.85081
2018,Slovenia,,,,,79.69372
2019,Slovenia,,,,,79.69372
2020,Slovenia,,,,,79.69372
2021,Slovenia,,,,,79.69372
2022,Slovenia,,,,,79.69372
2000,Spain,,,,,38.79284
2001,Spain,,,,,45.80663
2002,Spain,,,,,45.90378
2003,Spain,,,,,46.72818
2004,Spain,,,,,47.37484
2005,Spain,,,,,50.35143
2006,Spain,,,,,52.51545
2018,Kazakhstan,,,,,45.30872
2019,Kazakhstan,,,,,45.30872
2020,Kazakhstan,,,,,45.30872
2021,Kazakhstan,,,,,45.30872
2022,Kazakhstan,,,,,45.30872
2000,Kyrgyzstan,,,,,31.46957
2007,Spain,,,,,52.88047
2008,Spain,,,,,52.88548
2009,Spain,,,,,53.65855
2010,Spain,,,,,54.17892
2011,Spain,,,,,54.53367
2012,Spain,,,,,54.53713
2020,Portugal,,,,,79.85081
2021,Portugal,,,,,79.85081
2022,Portugal,,,,,79.85081
2000,Romania,,,,,30.06927
2001,Romania,,,,,30.06927
2002,Romania,,,,,30.06927
2013,Spain,,,,,54.67031
2014,Spain,,,,,54.91255
2015,Spain,,,,,58.07448
2016,Spain,,,,,58.12168
2017,Spain,,,,,58.27744
2018,Spain,,,,,58.27801
2003,Romania,,,,,30.06927
2004,Romania,,,,,30.06927
2005,Romania,,,,,32.21071
2006,Romania,,,,,32.2151
2007,Romania,,,,,60.98291
2008,Romania,,,,,60.98291
2001,Kyrgyzstan,,,,,31.46957
2002,Kyrgyzstan,,,,,31.46957
2003,Kyrgyzstan,,,,,31.46957
2004,Kyrgyzstan,,,,,31.46957
2005,Kyrgyzstan,,,,,31.46957
2006,Kyrgyzstan,,,,,31.46957
2019,Spain,,,,,58.28191
2020,Spain,,,,,58.30699
2021,Spain,,,,,58.30699
2022,Spain,,,,,58.30699
2000,Sweden,,,,,74.67407
2001,Sweden,,,,,74.68248
2002,Sweden,,,,,74.80673
2003,Sweden,,,,,74.80673
2004,Sweden,,,,,74.80673
2005,Sweden,,,,,74.80673
2006,Sweden,,,,,74.80673
2007,Sweden,,,,,74.80673
2009,Romania,,,,,66.85555
2010,Romania,,,,,66.85555
2011,Romania,,,,,80.39164
2012,Romania,,,,,80.39164
2013,Romania,,,,,80.74289
2014,Romania,,,,,80.74289
2008,Sweden,,,,,74.80673
2009,Sweden,,,,,75.83958
2010,Sweden,,,,,75.83958
2011,Sweden,,,,,75.83958
2012,Sweden,,,,,75.83958
2013,Sweden,,,,,75.83958
2014,Sweden,,,,,75.83958
2015,Sweden,,,,,75.83958
2016,Sweden,,,,,75.83958
2017,Sweden,,,,,77.02844
2018,Sweden,,,,,77.02897
2019,Sweden,,,,,77.03462
2015,Romania,,,,,80.74289
2016,Romania,,,,,80.74289
2017,Romania,,,,,80.74289
2018,Romania,,,,,80.74939
2019,Romania,,,,,80.74939
2020,Romania,,,,,80.74939
2020,Sweden,,,,,77.03462
2021,Sweden,,,,,77.03462
2022,Sweden,,,,,77.03462
2000,Switzerland,,,,,24.73625
2001,Switzerland,,,,,28.13882
2002,Switzerland,,,,,28.13882
2003,Switzerland,,,,,30.31119
2004,Switzerland,,,,,30.31119
2005,Switzerland,,,,,30.45294
2006,Switzerland,,,,,30.45294
2007,Switzerland,,,,,30.76721
2008,Switzerland,,,,,30.76721
2009,Switzerland,,,,,30.79779
2010,Switzerland,,,,,32.17029
2011,Switzerland,,,,,32.17029
2012,Switzerland,,,,,32.21784
2013,Switzerland,,,,,32.21784
2014,Switzerland,,,,,32.21784
2007,Kyrgyzstan,,,,,31.46957
2008,Kyrgyzstan,,,,,31.46957
2009,Kyrgyzstan,,,,,31.46957
2010,Kyrgyzstan,,,,,31.46957
2011,Kyrgyzstan,,,,,31.46957
2012,Kyrgyzstan,,,,,31.46957
2021,Romania,,,,,80.74939
2022,Romania,,,,,80.74939
2000,Uzbekistan,,,,,30.59479
2001,Uzbekistan,,,,,30.59479
2002,Uzbekistan,,,,,30.59479
2003,Uzbekistan,,,,,30.59479
2015,Switzerland,,,,,32.21784
2016,Switzerland,,,,,32.21784
2017,Switzerland,,,,,32.83406
2018,Switzerland,,,,,34.78178
2019,Switzerland,,,,,34.90271
2020,Switzerland,,,,,34.9065
2004,Uzbekistan,,,,,30.59479
2005,Uzbekistan,,,,,30.59479
2006,Uzbekistan,,,,,30.59479
2007,Uzbekistan,,,,,30.59479
2008,Uzbekistan,,,,,30.59479
2009,Uzbekistan,,,,,30.59479
2021,Switzerland,,,,,34.92192
2022,Switzerland,,,,,34.92192
2000,Tajikistan,,,,,15.76866
2001,Tajikistan,,,,,15.76866
2002,Tajikistan,,,,,15.76866
2003,Tajikistan,,,,,15.76866
2010,Uzbekistan,,,,,30.59479
2011,Uzbekistan,,,,,30.59479
2012,Uzbekistan,,,,,30.59479
2013,Uzbekistan,,,,,30.59479
2014,Uzbekistan,,,,,30.59479
2015,Uzbekistan,,,,,30.59479
2004,Tajikistan,,,,,15.76866
2005,Tajikistan,,,,,15.76866
2006,Tajikistan,,,,,15.76866
2007,Tajikistan,,,,,15.76866
2008,Tajikistan,,,,,15.76866
2009,Tajikistan,,,,,15.76866
2010,Tajikistan,,,,,15.76866
2011,Tajikistan,,,,,15.76866
2012,Tajikistan,,,,,15.76866
2013,Tajikistan,,,,,16.80902
2014,Tajikistan,,,,,16.80902
2015,Tajikistan,,,,,16.80902
2016,Uzbekistan,,,,,35.63106
2017,Uzbekistan,,,,,35.63106
2018,Uzbekistan,,,,,35.63106
2019,Uzbekistan,,,,,35.63106
2020,Uzbekistan,,,,,35.63106
2021,Uzbekistan,,,,,35.63106
2016,Tajikistan,,,,,16.80902
2017,Tajikistan,,,,,16.80902
2018,Tajikistan,,,,,16.80902
2019,Tajikistan,,,,,16.80902
2020,Tajikistan,,,,,16.80902
2021,Tajikistan,,,,,16.80902
2013,Kyrgyzstan,,,,,31.46957
2014,Kyrgyzstan,,,,,31.46957
2015,Kyrgyzstan,,,,,31.46957
2016,Kyrgyzstan,,,,,31.46957
2017,Kyrgyzstan,,,,,31.46957
2018,Kyrgyzstan,,,,,31.46957
2022,Tajikistan,,,,,16.80902
2000,Türkiye,,,,,0.70104
2001,Türkiye,,,,,0.70104
2002,Türkiye,,,,,0.70104
2003,Türkiye,,,,,0.70104
2004,Türkiye,,,,,0.70104
2011,Cyprus,,,,,72.07253
2012,Cyprus,,,,,72.07253
2013,Cyprus,,,,,77.61664
2014,Cyprus,,,,,87.19208
2015,Cyprus,,,,,87.50299
2016,Cyprus,,,,,87.50308
2005,Türkiye,,,,,0.71022
2006,Türkiye,,,,,0.71022
2007,Türkiye,,,,,0.71022
2008,Türkiye,,,,,0.71022
2009,Türkiye,,,,,0.71022
2010,Türkiye,,,,,0.71022
2011,Türkiye,,,,,0.71022
2012,Türkiye,,,,,0.71022
2013,Türkiye,,,,,0.78604
2014,Türkiye,,,,,0.78604
2015,Türkiye,,,,,0.78604
2016,Türkiye,,,,,0.78604
2017,Türkiye,,,,,0.78604
2018,Türkiye,,,,,0.78604
2019,Türkiye,,,,,0.78604
2020,Türkiye,,,,,0.78604
2021,Türkiye,,,,,0.78604
2022,Türkiye,,,,,0.78604
2000,Turkmenistan,,,,,15.2
2001,Turkmenistan,,,,,15.2
2002,Turkmenistan,,,,,15.2
2003,Turkmenistan,,,,,15.2
2004,Turkmenistan,,,,,15.2
2005,Turkmenistan,,,,,15.2
2019,Kyrgyzstan,,,,,31.46957
2020,Kyrgyzstan,,,,,31.46957
2021,Kyrgyzstan,,,,,31.46957
2022,Kyrgyzstan,,,,,31.46957
2000,Latvia,,,,,N
2001,Latvia,,,,,N
2006,Turkmenistan,,,,,15.2
2007,Turkmenistan,,,,,15.2
2008,Turkmenistan,,,,,15.2
2009,Turkmenistan,,,,,15.2
2010,Turkmenistan,,,,,15.2
2011,Turkmenistan,,,,,15.2
2012,Turkmenistan,,,,,15.2
2013,Turkmenistan,,,,,15.2
2014,Turkmenistan,,,,,15.2
2015,Turkmenistan,,,,,15.2
2016,Turkmenistan,,,,,15.2
2017,Turkmenistan,,,,,15.2
2017,Cyprus,,,,,87.50308
2018,Cyprus,,,,,87.50308
2019,Cyprus,,,,,90.96086
2020,Cyprus,,,,,90.96086
2021,Cyprus,,,,,90.96086
2022,Cyprus,,,,,90.96086
2002,Latvia,,,,,N
2003,Latvia,,,,,N
2004,Latvia,,,,,N
2005,Latvia,,,,,N
2006,Latvia,,,,,N
2007,Latvia,,,,,N
2018,Turkmenistan,,,,,15.2
2019,Turkmenistan,,,,,15.2
2020,Turkmenistan,,,,,15.2
2021,Turkmenistan,,,,,15.2
2022,Turkmenistan,,,,,15.2
2000,Ukraine,,,,,63.8134
2001,Ukraine,,,,,63.8134
2002,Ukraine,,,,,63.8134
2003,Ukraine,,,,,63.8134
2004,Ukraine,,,,,63.8134
2005,Ukraine,,,,,63.8134
2006,Ukraine,,,,,63.8134
2000,Czechia,,,,,51.19486
2001,Czechia,,,,,51.21527
2002,Czechia,,,,,51.22523
2003,Czechia,,,,,51.22523
2004,Czechia,,,,,73.31431
2005,Czechia,,,,,91.2355
2008,Latvia,,,,,N
2009,Latvia,,,,,N
2010,Latvia,,,,,N
2011,Latvia,,,,,N
2012,Latvia,,,,,N
2013,Latvia,,,,,N
2007,Ukraine,,,,,68.56503
2008,Ukraine,,,,,68.56503
2009,Ukraine,,,,,68.56503
2010,Ukraine,,,,,68.56503
2011,Ukraine,,,,,68.56503
2012,Ukraine,,,,,68.56503
2013,Ukraine,,,,,68.56503
2014,Ukraine,,,,,68.56503
2015,Ukraine,,,,,68.56503
2016,Ukraine,,,,,68.56503
2017,Ukraine,,,,,68.56503
2018,Ukraine,,,,,68.56503
2019,Ukraine,,,,,68.56503
2020,Ukraine,,,,,68.56503
2021,Ukraine,,,,,68.56503
2022,Ukraine,,,,,68.56503
2000,North Macedonia,,,,,19.22902
2001,North Macedonia,,,,,19.22902
2002,North Macedonia,,,,,19.40459
2003,North Macedonia,,,,,19.65668
2004,North Macedonia,,,,,19.65668
2005,North Macedonia,,,,,19.65668
2006,North Macedonia,,,,,19.87678
2007,North Macedonia,,,,,19.87678
2006,Czechia,,,,,91.26791
2007,Czechia,,,,,91.26791
2008,Czechia,,,,,91.26791
2009,Czechia,,,,,96.36312
2010,Czechia,,,,,96.36312
2011,Czechia,,,,,96.37779
2008,North Macedonia,,,,,19.87678
2009,North Macedonia,,,,,19.87678
2010,North Macedonia,,,,,19.87678
2011,North Macedonia,,,,,19.87678
2012,North Macedonia,,,,,19.87678
2013,North Macedonia,,,,,19.87678
2014,Latvia,,,,,N
2015,Latvia,,,,,N
2016,Latvia,,,,,N
2017,Latvia,,,,,N
2018,Latvia,,,,,N
2019,Latvia,,,,,N
2014,North Macedonia,,,,,19.87678
2015,North Macedonia,,,,,19.87678
2016,North Macedonia,,,,,19.87678
2017,North Macedonia,,,,,19.87678
2018,North Macedonia,,,,,19.87678
2019,North Macedonia,,,,,19.87678
2020,Latvia,,,,,N
2021,Latvia,,,,,N
2022,Latvia,,,,,N
2000,Liechtenstein,,,,,80.80091
2001,Liechtenstein,,,,,80.80091
2002,Liechtenstein,,,,,80.80091
2003,Liechtenstein,,,,,80.80091
2004,Liechtenstein,,,,,80.80091
2005,Liechtenstein,,,,,80.80091
2006,Liechtenstein,,,,,80.80091
2007,Liechtenstein,,,,,80.80091
2008,Liechtenstein,,,,,80.80091
2009,Liechtenstein,,,,,80.80091
2010,Liechtenstein,,,,,80.80091
2011,Liechtenstein,,,,,80.80091
2012,Liechtenstein,,,,,80.80091
2013,Liechtenstein,,,,,80.80091
2014,Liechtenstein,,,,,80.80091
2012,Czechia,,,,,96.37934
2013,Czechia,,,,,96.38057
2014,Czechia,,,,,96.38164
2015,Czechia,,,,,96.38164
2016,Czechia,,,,,96.38326
2017,Czechia,,,,,96.38361
2015,Liechtenstein,,,,,80.80091
2016,Liechtenstein,,,,,80.80091
2017,Liechtenstein,,,,,80.80091
2018,Liechtenstein,,,,,80.80091
2019,Liechtenstein,,,,,80.80091
2020,Liechtenstein,,,,,80.80091
2021,Liechtenstein,,,,,80.80091
2022,Liechtenstein,,,,,80.80091
2000,Lithuania,,,,,N
2001,Lithuania,,,,,N
2002,Lithuania,,,,,N
2003,Lithuania,,,,,N
2004,Lithuania,,,,,N
2005,Lithuania,,,,,N
2006,Lithuania,,,,,N
2007,Lithuania,,,,,N
2008,Lithuania,,,,,N
2009,Lithuania,,,,,N
2018,Czechia,,,,,97.72116
2019,Czechia,,,,,97.72116
2020,Czechia,,,,,97.72116
2021,Czechia,,,,,97.72116
2022,Czechia,,,,,97.72116
2000,Denmark,,,,,N
2001,Denmark,,,,,N
2002,Denmark,,,,,N
2003,Denmark,,,,,N
2004,Denmark,,,,,N
2005,Denmark,,,,,N
2006,Denmark,,,,,N
2010,Lithuania,,,,,N
2011,Lithuania,,,,,N
2012,Lithuania,,,,,N
2013,Lithuania,,,,,N
2014,Lithuania,,,,,N
2015,Lithuania,,,,,N
2007,Denmark,,,,,N
2008,Denmark,,,,,N
2009,Denmark,,,,,N
2010,Denmark,,,,,N
2011,Denmark,,,,,N
2012,Denmark,,,,,N
2013,Denmark,,,,,N
2014,Denmark,,,,,N
2015,Denmark,,,,,N
2016,Denmark,,,,,N
2017,Denmark,,,,,N
2018,Denmark,,,,,N
2016,Lithuania,,,,,N
2017,Lithuania,,,,,N
2018,Lithuania,,,,,N
2019,Lithuania,,,,,N
2020,Lithuania,,,,,N
2021,Lithuania,,,,,N
2019,Denmark,,,,,N
2020,Denmark,,,,,N
2021,Denmark,,,,,N
2022,Denmark,,,,,N
2000,Estonia,,,,,N
2001,Estonia,,,,,N
2002,Estonia,,,,,N
2003,Estonia,,,,,N
2004,Estonia,,,,,N
2005,Estonia,,,,,N
2006,Estonia,,,,,N
2007,Estonia,,,,,N
2008,Estonia,,,,,N
2009,Estonia,,,,,N
2010,Estonia,,,,,N
2011,Estonia,,,,,N
2012,Estonia,,,,,N
2013,Estonia,,,,,N
2014,Estonia,,,,,N
2015,Estonia,,,,,N
2016,Estonia,,,,,N
2017,Estonia,,,,,N
2018,Estonia,,,,,N
2019,Estonia,,,,,N
2020,Estonia,,,,,N
2021,Estonia,,,,,N
2022,Estonia,,,,,N
2000,Finland,,,,,80.48381
2001,Finland,,,,,80.48381
2002,Finland,,,,,80.48435
2022,Lithuania,,,,,N
2000,Luxembourg,,,,,N
2001,Luxembourg,,,,,N
2002,Luxembourg,,,,,N
2003,Luxembourg,,,,,N
2004,Luxembourg,,,,,N
2003,Finland,,,,,80.48435
2004,Finland,,,,,96.85954
2005,Finland,,,,,96.85954
2006,Finland,,,,,96.85954
2007,Finland,,,,,96.85954
2008,Finland,,,,,96.85954
2009,Finland,,,,,96.85954
2010,Finland,,,,,96.85954
2011,Finland,,,,,96.85954
2012,Finland,,,,,96.85954
2013,Finland,,,,,96.85954
2014,Finland,,,,,96.85954
2015,Finland,,,,,96.93444
2016,Finland,,,,,96.93444
2017,Finland,,,,,96.93444
2018,Finland,,,,,96.93444
2019,Finland,,,,,96.93444
2020,Finland,,,,,96.93444
2005,Luxembourg,,,,,N
2006,Luxembourg,,,,,N
2007,Luxembourg,,,,,N
2008,Luxembourg,,,,,N
2009,Luxembourg,,,,,N
2010,Luxembourg,,,,,N
2011,Luxembourg,,,,,N
2012,Luxembourg,,,,,N
2013,Luxembourg,,,,,N
2014,Luxembourg,,,,,N
2015,Luxembourg,,,,,N
2016,Luxembourg,,,,,N
2017,Luxembourg,,,,,N
2018,Luxembourg,,,,,N
2019,Luxembourg,,,,,N
2020,Luxembourg,,,,,N
2021,Luxembourg,,,,,N
2022,Luxembourg,,,,,N
2021,Finland,,,,,96.93444
2022,Finland,,,,,96.93444
2000,France,,,,,39.22189
2001,France,,,,,40.09963
2002,France,,,,,40.09967
2003,France,,,,,41.90924
2000,Malta,,,,,N
2001,Malta,,,,,N
2002,Malta,,,,,N
2003,Malta,,,,,N
2004,Malta,,,,,N
2005,Malta,,,,,N
2006,Malta,,,,,N
2007,Malta,,,,,N
2008,Malta,,,,,N
2009,Malta,,,,,N
2010,Malta,,,,,N
2011,Malta,,,,,N
2004,France,,,,,43.29583
2005,France,,,,,44.0266
2006,France,,,,,45.77745
2007,France,,,,,46.76439
2008,France,,,,,47.69226
2009,France,,,,,48.42831
2010,France,,,,,50.44397
2011,France,,,,,51.95502
2012,France,,,,,54.60221
2013,France,,,,,55.00225
2014,France,,,,,67.18918
2015,France,,,,,68.76784
2016,France,,,,,70.46223
2017,France,,,,,71.68085
2018,France,,,,,82.25023
2019,France,,,,,84.38434
2020,France,,,,,87.67808
2021,France,,,,,87.67808
2022,France,,,,,87.67808
2000,Georgia,,,,,20.16898
2001,Georgia,,,,,20.16898
2002,Georgia,,,,,20.16898
2003,Georgia,,,,,26.826
2004,Georgia,,,,,26.826
2005,Georgia,,,,,26.826
2006,Georgia,,,,,29.02467
2007,Georgia,,,,,34.8343
2008,Georgia,,,,,34.8343
2009,Georgia,,,,,34.8343
2010,Georgia,,,,,34.8343
2011,Georgia,,,,,38.13074
2012,Georgia,,,,,38.97805
2013,Georgia,,,,,38.97813
2014,Georgia,,,,,40.90834
2015,Georgia,,,,,40.90834
2016,Georgia,,,,,40.90834
2017,Georgia,,,,,40.90834
2018,Georgia,,,,,40.90834
2019,Georgia,,,,,40.91227
2020,Georgia,,,,,40.91227
2021,Georgia,,,,,43.17484
2022,Georgia,,,,,43.17484
2012,Malta,,,,,N
2013,Malta,,,,,N
2020,North Macedonia,,,,,22.72829
2021,North Macedonia,,,,,22.72829
2022,North Macedonia,,,,,22.72829
2022,Uzbekistan,,,,,35.63106
2022,Uzbekistan,,,,,35.63106