Year,GeoAreaName,Type of product,Value
2018,Albania,TEX,68.58974
2018,Albania,OIL,100
2019,Albania,OIL,100
2019,Albania,ARM,100
2019,Albania,IND,70.58206
2019,Albania,TEX,73.02326
2019,Albania,ALP,59.46634
2019,Albania,AGR,74.93573
2019,Albania,CLO,36.33692
2020,Albania,CLO,38.01382
2020,Albania,AGR,77.40741
2020,Albania,ALP,60.77901
2020,Albania,TEX,71.70732
2005,Hungary,ARM,72.72727
2005,Hungary,ALP,42.72916
2005,Hungary,CLO,26.72941
2005,Hungary,TEX,43.82767
2005,Hungary,IND,45.78121
2005,Hungary,AGR,23.28822
2010,Hungary,ALP,54.01636
2010,Hungary,CLO,35.22378
2010,Hungary,ARM,76.36364
2010,Hungary,AGR,55.63432
2010,Hungary,OIL,100
2010,Hungary,IND,54.96436
2010,Hungary,TEX,58.83191
2015,Hungary,TEX,66.171
2015,Hungary,OIL,100
2015,Hungary,IND,62.82476
2015,Hungary,ARM,65.95745
2015,Hungary,AGR,60.32177
2015,Hungary,ALP,61.61571
2015,Hungary,CLO,45.18361
2016,Hungary,AGR,59.76161
2016,Hungary,ARM,60
2016,Hungary,IND,62.20371
2016,Hungary,OIL,100
2016,Hungary,TEX,65.03306
2016,Hungary,CLO,43.73529
2016,Hungary,ALP,60.85057
2017,Hungary,OIL,100
2017,Hungary,IND,65.73352
2017,Hungary,TEX,69.83283
2017,Hungary,CLO,52.12024
2017,Hungary,ARM,83.33333
2017,Hungary,ALP,64.9145
2017,Hungary,AGR,63.74247
2018,Hungary,AGR,63.72324
2018,Hungary,ALP,65.29142
2018,Hungary,ARM,83.33333
2018,Hungary,CLO,52.93475
2018,Hungary,TEX,70.17411
2018,Hungary,IND,66.10917
2018,Hungary,OIL,100
2019,Hungary,OIL,100
2019,Hungary,IND,65.22095
2019,Hungary,TEX,67.14341
2019,Hungary,CLO,53.01105
2019,Hungary,ARM,86.76471
2019,Hungary,ALP,64.53138
2019,Hungary,AGR,64.62423
2020,Hungary,ALP,66.74669
2020,Hungary,AGR,67.59556
2020,Hungary,ARM,89.83051
2020,Hungary,CLO,57.02479
2020,Hungary,IND,67.05983
2020,Hungary,OIL,100
2020,Hungary,TEX,71.39526
2021,Hungary,ALP,67.80815
2021,Hungary,ARM,82.69231
2021,Hungary,IND,68.10222
2021,Hungary,OIL,80
2021,Hungary,TEX,72.14815
2021,Hungary,CLO,59.39411
2021,Hungary,AGR,68.29437
2005,Iceland,AGR,40.7767
2005,Iceland,ALP,60.78329
2005,Iceland,ARM,50
2005,Albania,TEX,69.5122
2005,Albania,OIL,50
2005,Albania,CLO,58.06452
2005,Albania,ARM,100
2005,Albania,AGR,64.85356
2005,Albania,ALP,57.61431
2005,Albania,IND,55.9956
2010,Albania,IND,67.24822
2010,Albania,ALP,61.91099
2010,Albania,AGR,57.65766
2010,Albania,ARM,100
2010,Albania,CLO,45.85308
2010,Albania,OIL,100
2010,Albania,TEX,73.50427
2015,Albania,TEX,77.22772
2015,Albania,OIL,50
2015,Albania,ARM,100
2015,Albania,CLO,39.07002
2015,Albania,ALP,62.41879
2015,Albania,AGR,72.4359
2015,Albania,IND,72.81818
2016,Albania,IND,69.67365
2016,Albania,AGR,73.77049
2016,Albania,ALP,60.9471
2016,Albania,CLO,38.31071
2016,Albania,ARM,80
2020,Albania,ARM,100
2020,Albania,IND,70.59474
2020,Albania,OIL,100
2021,Albania,OIL,100
2021,Albania,IND,68.77949
2021,Albania,ARM,33.33333
2021,Albania,ALP,58.26814
2021,Albania,TEX,68.20276
2021,Albania,AGR,73.95833
2021,Albania,CLO,36.34634
2005,Azerbaijan,AGR,76.48649
2005,Azerbaijan,ARM,33.33333
2005,Azerbaijan,ALP,79.85185
2016,Albania,OIL,100
2016,Albania,TEX,75.21008
2017,Albania,OIL,100
2017,Albania,TEX,68.48875
2017,Albania,AGR,76.17411
2017,Albania,ALP,60.39092
2017,Albania,IND,69.96859
2017,Albania,ARM,75
2017,Albania,CLO,38.83122
2018,Albania,CLO,39.57928
2018,Albania,IND,71.21844
2018,Albania,ALP,61.2524
2018,Albania,AGR,75.84204
2005,Croatia,CLO,45.64275
2005,Croatia,IND,77.7235
2005,Croatia,TEX,90.30068
2005,Croatia,ALP,74.5334
2005,Croatia,AGR,77.04367
2005,Croatia,ARM,78.26087
2010,Croatia,ARM,76.19048
2010,Croatia,AGR,68.40647
2010,Croatia,ALP,72.87649
2010,Croatia,CLO,42.93374
2010,Croatia,TEX,88.32036
2010,Croatia,IND,78.09389
2015,Croatia,IND,80.46719
2005,Azerbaijan,TEX,87.5
2005,Azerbaijan,CLO,87.87879
2005,Azerbaijan,IND,79.10798
2005,Azerbaijan,OIL,75
2010,Azerbaijan,OIL,93.75
2010,Azerbaijan,CLO,95.19231
2010,Azerbaijan,IND,80.85837
2010,Azerbaijan,TEX,87.5969
2010,Azerbaijan,ALP,82.34365
2010,Azerbaijan,ARM,0
2010,Azerbaijan,AGR,82.70833
2015,Azerbaijan,AGR,77.61506
2015,Azerbaijan,ARM,0
2015,Croatia,TEX,89.49309
2015,Croatia,CLO,48.61633
2015,Croatia,ALP,76.16989
2015,Croatia,AGR,73.5369
2015,Croatia,ARM,84.61538
2016,Croatia,ALP,72.84158
2016,Croatia,ARM,75.86207
2016,Croatia,AGR,69.93486
2016,Croatia,TEX,82.3381
2016,Croatia,CLO,46.07226
2016,Croatia,IND,77.35171
2017,Croatia,TEX,88.87122
2017,Croatia,CLO,58.28702
2015,Azerbaijan,ALP,70.90193
2015,Azerbaijan,TEX,63.44828
2015,Azerbaijan,CLO,67.6259
2015,Azerbaijan,IND,69.98514
2015,Azerbaijan,OIL,91.66667
2016,Azerbaijan,OIL,100
2016,Azerbaijan,IND,69.22691
2016,Azerbaijan,CLO,69.56522
2016,Azerbaijan,TEX,63.05732
2016,Azerbaijan,ALP,70.45455
2016,Azerbaijan,AGR,77.26397
2016,Azerbaijan,ARM,0
2017,Azerbaijan,ARM,25
2018,Albania,ARM,75
2005,Netherlands,TEX,37.64453
2005,Netherlands,CLO,35.65188
2005,Netherlands,ALP,39.26412
2005,Netherlands,ARM,65.71429
2005,Netherlands,IND,41.14542
2005,Netherlands,AGR,27.90757
2005,Netherlands,OIL,50
2010,Netherlands,AGR,36.57015
2010,Netherlands,IND,45.69889
2010,Netherlands,ARM,68.42105
2010,Netherlands,ALP,44.24371
2010,Netherlands,CLO,40.94105
2017,Croatia,IND,81.1167
2017,Croatia,OIL,100
2017,Croatia,AGR,75.80166
2017,Croatia,ARM,70.45455
2017,Croatia,ALP,78.21353
2018,Croatia,ARM,72.09302
2018,Croatia,AGR,75.7302
2018,Croatia,OIL,100
2018,Croatia,IND,81.27125
2018,Croatia,CLO,59.11971
2018,Croatia,TEX,88.87122
2018,Croatia,ALP,78.44347
2019,Croatia,TEX,87.79026
2019,Croatia,CLO,61.53582
2019,Croatia,OIL,100
2019,Croatia,IND,80.25517
2019,Croatia,AGR,75.05995
2019,Croatia,ARM,75.5102
2019,Croatia,ALP,77.97687
2020,Croatia,TEX,89.39628
2020,Croatia,CLO,65.8167
2020,Croatia,ALP,79.88429
2020,Croatia,ARM,73.46939
2020,Croatia,AGR,76.73163
2020,Croatia,OIL,100
2020,Croatia,IND,81.75272
2017,Azerbaijan,AGR,72.60274
2017,Azerbaijan,ALP,70.0874
2017,Azerbaijan,TEX,67.61364
2017,Azerbaijan,CLO,56.33803
2017,Azerbaijan,IND,70.21541
2017,Azerbaijan,OIL,100
2018,Azerbaijan,ARM,25
2018,Azerbaijan,IND,70.47342
2018,Azerbaijan,OIL,100
2018,Azerbaijan,CLO,56.33803
2018,Azerbaijan,TEX,67.61364
2018,Azerbaijan,ALP,70.3819
2018,Azerbaijan,AGR,73.14931
2010,Netherlands,OIL,100
2010,Netherlands,TEX,42.06638
2015,Netherlands,TEX,50.24419
2015,Netherlands,CLO,46.01159
2015,Netherlands,OIL,61.53846
2015,Netherlands,ALP,50.37085
2015,Netherlands,AGR,40.82646
2015,Netherlands,IND,52.05238
2015,Netherlands,ARM,67.94872
2016,Netherlands,ARM,71.62162
2016,Netherlands,IND,53.5616
2016,Netherlands,AGR,43.90244
2016,Netherlands,ALP,51.99997
2021,Croatia,CLO,65.72737
2021,Croatia,TEX,88.35227
2021,Croatia,IND,81.04981
2021,Croatia,OIL,50
2021,Croatia,AGR,75.79421
2021,Croatia,ARM,59.7561
2021,Croatia,ALP,79.18489
2005,Cyprus,ALP,35.74312
2005,Cyprus,CLO,24.58333
2005,Cyprus,AGR,23.95397
2005,Cyprus,ARM,32
2005,Cyprus,IND,40.21852
2005,Cyprus,TEX,32.41379
2019,Azerbaijan,AGR,75.60694
2019,Azerbaijan,ALP,68.36094
2019,Azerbaijan,TEX,59.45946
2019,Azerbaijan,CLO,50.35971
2019,Azerbaijan,OIL,100
2019,Azerbaijan,IND,67.35219
2019,Azerbaijan,ARM,14.28571
2020,Azerbaijan,ARM,33.33333
2020,Azerbaijan,IND,71.53251
2020,Azerbaijan,CLO,28.96552
2020,Azerbaijan,OIL,71.42857
2020,Azerbaijan,TEX,63.88889
2020,Azerbaijan,ALP,69.97374
2016,Netherlands,CLO,47.23048
2016,Netherlands,TEX,50.49713
2016,Netherlands,OIL,83.33333
2017,Netherlands,OIL,77.77778
2017,Netherlands,TEX,54.91246
2017,Netherlands,CLO,53.33493
2017,Netherlands,ALP,54.90822
2017,Netherlands,AGR,45.73684
2017,Netherlands,IND,56.49579
2017,Netherlands,ARM,76.08696
2018,Netherlands,CLO,54.31325
2018,Netherlands,ARM,76.08696
2018,Netherlands,IND,57.64414
2010,Cyprus,ALP,62.38259
2010,Cyprus,CLO,65.02732
2010,Cyprus,TEX,80.35714
2010,Cyprus,OIL,100
2010,Cyprus,IND,63.72402
2010,Cyprus,AGR,53.41131
2010,Cyprus,ARM,33.33333
2015,Cyprus,CLO,53.70879
2015,Cyprus,AGR,55.27174
2015,Cyprus,ALP,63.61751
2015,Cyprus,ARM,38.23529
2015,Cyprus,IND,66.75627
2015,Cyprus,TEX,70.63953
2018,Netherlands,ALP,55.94329
2018,Netherlands,AGR,46.32882
2018,Netherlands,TEX,55.40132
2018,Netherlands,OIL,75
2019,Netherlands,OIL,66.66667
2019,Netherlands,TEX,54.0444
2019,Netherlands,AGR,46.43047
2019,Netherlands,ALP,54.84473
2019,Netherlands,IND,56.42523
2019,Netherlands,CLO,52.37464
2019,Netherlands,ARM,80
2020,Netherlands,ARM,71.56863
2020,Netherlands,IND,58.53475
2016,Cyprus,TEX,82.09459
2016,Cyprus,CLO,57.1644
2016,Cyprus,IND,71.92472
2016,Cyprus,ARM,33.33333
2016,Cyprus,ALP,68.59824
2016,Cyprus,AGR,59.94065
2017,Cyprus,CLO,68.32
2017,Cyprus,OIL,100
2017,Cyprus,AGR,64.68348
2017,Cyprus,ALP,73.93454
2017,Cyprus,ARM,40
2017,Cyprus,IND,76.8934
2017,Cyprus,TEX,82.96089
2020,Azerbaijan,AGR,73.75271
2021,Azerbaijan,AGR,75.48126
2021,Azerbaijan,ALP,70.64318
2021,Azerbaijan,TEX,63.63636
2021,Azerbaijan,OIL,81.81818
2021,Azerbaijan,CLO,23.85321
2021,Azerbaijan,IND,73.5443
2021,Azerbaijan,ARM,0
2005,Austria,AGR,25.49473
2005,Austria,ALP,43.941
2005,Austria,ARM,38.77551
2005,Austria,CLO,35.36355
2005,Austria,IND,45.48688
2018,Cyprus,OIL,100
2018,Cyprus,TEX,83.66197
2018,Cyprus,IND,78.0631
2018,Cyprus,CLO,68.66883
2018,Cyprus,AGR,64.95811
2018,Cyprus,ARM,40
2018,Cyprus,ALP,74.86289
2019,Cyprus,ALP,70.1324
2019,Cyprus,ARM,47.36842
2019,Cyprus,AGR,59.5733
2019,Cyprus,CLO,70.0468
2019,Cyprus,IND,72.71937
2019,Cyprus,OIL,100
2020,Netherlands,CLO,52.19348
2020,Netherlands,ALP,57.09891
2020,Netherlands,AGR,50.14029
2020,Netherlands,OIL,75
2020,Netherlands,TEX,56.41764
2021,Netherlands,OIL,77.77778
2021,Netherlands,TEX,59.20881
2021,Netherlands,AGR,53.89492
2021,Netherlands,ALP,59.47223
2021,Netherlands,CLO,55.5741
2021,Netherlands,IND,60.64616
2021,Netherlands,ARM,75
2005,Norway,AGR,33.90769
2005,Austria,TEX,43.05361
2010,Austria,TEX,52.39521
2010,Austria,CLO,48.77193
2010,Austria,IND,52.20936
2010,Austria,OIL,100
2010,Austria,ARM,48.31461
2010,Austria,ALP,51.7771
2010,Austria,AGR,47.52645
2015,Austria,AGR,52.04387
2015,Austria,ALP,58.4763
2015,Austria,ARM,49.7992
2015,Austria,OIL,100
2015,Austria,IND,58.89408
2015,Austria,CLO,58.6337
2015,Austria,TEX,60.86223
2016,Austria,IND,59.83631
2016,Austria,CLO,58.02905
2016,Austria,TEX,59.62285
2016,Austria,OIL,100
2016,Austria,ARM,50
2016,Austria,ALP,59.25241
2016,Austria,AGR,53.34205
2017,Austria,AGR,58.15275
2017,Austria,ARM,57.97665
2017,Austria,ALP,62.63685
2017,Austria,OIL,100
2019,Cyprus,TEX,77.20365
2020,Cyprus,CLO,80.46595
2020,Cyprus,AGR,62.53902
2020,Cyprus,ARM,36.66667
2020,Cyprus,ALP,71.7946
2020,Cyprus,OIL,100
2020,Cyprus,TEX,76.76471
2020,Cyprus,IND,73.61481
2021,Cyprus,ALP,76.4913
2021,Cyprus,ARM,52.63158
2021,Cyprus,AGR,66.4042
2021,Cyprus,CLO,80.41237
2021,Cyprus,TEX,81.40845
2005,Norway,TEX,57.37705
2005,Norway,ALP,48.56487
2005,Norway,IND,48.54876
2005,Norway,CLO,61.43713
2005,Norway,ARM,86.04651
2005,Norway,OIL,71.42857
2010,Norway,ARM,70.17544
2010,Norway,IND,50.99284
2010,Norway,CLO,68.60335
2010,Norway,ALP,51.13917
2010,Norway,TEX,61.79245
2010,Norway,AGR,33.74401
2010,Norway,OIL,77.77778
2017,Austria,CLO,64.68023
2017,Austria,IND,62.80018
2017,Austria,TEX,65.6382
2018,Austria,TEX,66
2018,Austria,CLO,66.00515
2018,Austria,OIL,100
2018,Austria,IND,63.55315
2018,Austria,ALP,63.34291
2018,Austria,ARM,58.82353
2018,Austria,AGR,58.33781
2019,Austria,AGR,56.92266
2019,Austria,ARM,62.90323
2019,Austria,ALP,62.69467
2021,Cyprus,IND,78.63236
2021,Cyprus,OIL,100
2005,Czechia,IND,43.6728
2005,Czechia,AGR,25.47043
2005,Czechia,ARM,38.36207
2005,Czechia,ALP,42.43518
2005,Czechia,CLO,35.26281
2005,Czechia,TEX,37.72388
2010,Czechia,TEX,55.48747
2010,Czechia,ALP,53.10858
2010,Czechia,ARM,41.15756
2010,Czechia,AGR,63.30302
2010,Czechia,IND,52.53144
2019,Austria,IND,62.91502
2019,Austria,OIL,100
2019,Austria,CLO,67.3805
2019,Austria,TEX,65.34381
2020,Austria,TEX,67.24891
2020,Austria,CLO,68.0016
2020,Austria,OIL,100
2020,Austria,IND,64.74067
2020,Austria,ALP,64.473
2020,Austria,ARM,64.31535
2020,Austria,AGR,58.87301
2021,Austria,AGR,60.87943
2021,Austria,ALP,66.49101
2015,Norway,ARM,74.4186
2015,Norway,OIL,71.42857
2015,Norway,AGR,39.47195
2015,Norway,ALP,60.93544
2015,Norway,CLO,72.57282
2015,Norway,IND,61.39226
2015,Norway,TEX,65.29605
2016,Norway,ARM,79.01235
2016,Norway,IND,62.79441
2016,Norway,CLO,73.61751
2016,Norway,ALP,62.4194
2016,Norway,AGR,42.05922
2016,Norway,OIL,85.71429
2010,Czechia,CLO,49.28131
2010,Czechia,OIL,100
2015,Czechia,TEX,59.30811
2015,Czechia,IND,58.31119
2015,Czechia,ALP,58.2943
2015,Czechia,ARM,43.4555
2015,Czechia,AGR,63.45115
2015,Czechia,OIL,100
2015,Czechia,CLO,49.85732
2016,Czechia,CLO,48.48723
2016,Czechia,OIL,100
2016,Czechia,AGR,63.04082
2016,Czechia,ARM,43.69748
2016,Norway,TEX,67.90323
2017,Norway,TEX,63.13094
2017,Norway,OIL,80
2017,Norway,AGR,44.08602
2017,Norway,ALP,62.01137
2017,Norway,CLO,70.72927
2017,Norway,IND,62.59757
2017,Norway,ARM,84.72222
2018,Norway,OIL,100
2018,Norway,TEX,63.82979
2018,Norway,ALP,63.52269
2018,Norway,ARM,84.72222
2018,Norway,IND,64.17775
2021,Austria,IND,66.84771
2021,Austria,CLO,67.98839
2021,Austria,OIL,75
2021,Austria,TEX,69.22776
2021,Austria,ARM,60
2005,Armenia,AGR,74.16667
2005,Armenia,IND,72.87341
2005,Armenia,TEX,48.48485
2005,Armenia,ALP,70.31873
2005,Armenia,CLO,33.8843
2005,Armenia,ARM,0
2010,Armenia,ARM,0
2010,Armenia,AGR,81.16761
2016,Czechia,ALP,59.3284
2016,Czechia,TEX,59.41956
2016,Czechia,IND,59.60246
2017,Czechia,CLO,58.88805
2017,Czechia,TEX,66.19185
2017,Czechia,ARM,47.86096
2017,Czechia,AGR,66.93531
2017,Czechia,ALP,63.24812
2017,Czechia,OIL,100
2017,Czechia,IND,63.06404
2018,Czechia,OIL,100
2018,Czechia,IND,63.51346
2018,Czechia,ARM,49.3188
2018,Norway,CLO,71.22736
2018,Norway,AGR,45.42334
2019,Norway,ALP,63.95224
2019,Norway,TEX,61.70365
2019,Norway,OIL,87.5
2019,Norway,AGR,44.86134
2019,Norway,IND,64.85246
2019,Norway,CLO,71.42857
2019,Norway,ARM,79.45205
2020,Norway,ARM,84.12698
2020,Norway,CLO,72.53086
2020,Norway,IND,65.64504
2020,Norway,AGR,46.30986
2010,Armenia,CLO,57.09779
2010,Armenia,ALP,74.6349
2010,Armenia,TEX,65.11628
2010,Armenia,IND,76.14035
2015,Armenia,IND,80.70551
2015,Armenia,ALP,74.38948
2015,Armenia,TEX,64
2015,Armenia,CLO,35.6044
2015,Armenia,AGR,82.12974
2015,Armenia,ARM,100
2016,Armenia,ARM,100
2016,Armenia,CLO,34.27332
2016,Armenia,AGR,81.63265
2020,Norway,OIL,85.71429
2020,Norway,TEX,60.80477
2020,Norway,ALP,64.72086
2021,Norway,OIL,85.71429
2021,Norway,AGR,46.55436
2021,Norway,IND,68.85172
2021,Norway,CLO,72.19472
2021,Norway,ARM,76.81159
2021,Norway,ALP,67.7129
2021,Norway,TEX,65.91349
2005,Poland,AGR,18.35282
2005,Poland,IND,41.17265
2005,Poland,ARM,58.33333
2018,Czechia,ALP,63.63947
2018,Czechia,TEX,66.05791
2018,Czechia,CLO,59.75563
2018,Czechia,AGR,66.57825
2019,Czechia,IND,61.97302
2019,Czechia,OIL,100
2019,Czechia,AGR,65.61886
2019,Czechia,CLO,57.99213
2019,Czechia,TEX,63.46366
2019,Czechia,ALP,62.096
2019,Czechia,ARM,52.27273
2020,Czechia,IND,64.41364
2020,Czechia,OIL,100
2016,Armenia,ALP,74.533
2016,Armenia,TEX,61.11111
2016,Armenia,IND,81.69791
2017,Armenia,IND,81.35667
2017,Armenia,TEX,85.95041
2017,Armenia,ALP,75.83393
2017,Armenia,AGR,81.25595
2017,Armenia,CLO,48.30986
2018,Armenia,ALP,76.09008
2018,Armenia,AGR,81.41087
2018,Armenia,TEX,88.42975
2018,Armenia,CLO,48.4507
2018,Armenia,IND,81.56059
2005,Poland,ALP,38.06696
2005,Poland,CLO,26.95408
2005,Poland,TEX,35.37906
2010,Poland,CLO,35.84366
2010,Poland,ALP,48.66256
2010,Poland,ARM,80.43478
2010,Poland,IND,50.50621
2010,Poland,AGR,40.83755
2010,Poland,TEX,49.28296
2010,Poland,OIL,100
2015,Poland,OIL,100
2015,Poland,IND,56.60186
2015,Poland,TEX,54.25272
2020,Czechia,ALP,64.56197
2020,Czechia,ARM,56.79012
2020,Czechia,CLO,59.67878
2020,Czechia,TEX,66.09275
2020,Czechia,AGR,68.38766
2021,Czechia,AGR,70.09716
2021,Czechia,CLO,64.03215
2021,Czechia,TEX,68.11594
2021,Czechia,ARM,53.84615
2021,Czechia,ALP,66.25848
2021,Czechia,OIL,66.66667
2021,Czechia,IND,66.03025
2005,Denmark,ARM,75.80645
2019,Armenia,IND,84.63259
2019,Armenia,CLO,52.88832
2019,Armenia,TEX,86.11111
2019,Armenia,AGR,79.68878
2019,Armenia,ALP,78.88889
2020,Armenia,ALP,78.2982
2020,Armenia,AGR,81.98559
2020,Armenia,ARM,50
2020,Armenia,CLO,51.51176
2020,Armenia,TEX,84.48276
2020,Armenia,IND,84.89286
2021,Armenia,IND,87.02511
2021,Armenia,TEX,75
2015,Poland,ARM,81.25
2015,Poland,ALP,54.40709
2015,Poland,CLO,40.49467
2015,Poland,AGR,45.3082
2016,Poland,AGR,45.01885
2016,Poland,CLO,40.29716
2016,Poland,ALP,54.19876
2016,Poland,ARM,80
2016,Poland,TEX,52.5893
2016,Poland,OIL,100
2016,Poland,IND,56.56709
2017,Poland,IND,60.49848
2017,Poland,OIL,100
2021,Armenia,CLO,47.36347
2021,Armenia,ARM,25
2021,Armenia,ALP,77.65479
2021,Armenia,AGR,80.4631
2005,Belgium,IND,38.95552
2005,Belgium,TEX,34.12077
2005,Belgium,OIL,66.66667
2005,Belgium,CLO,32
2005,Belgium,ALP,37.21496
2005,Belgium,ARM,45.67901
2005,Belgium,AGR,24.02008
2010,Belgium,ARM,56.09756
2010,Belgium,ALP,42.64222
2017,Poland,TEX,60.15326
2017,Poland,ARM,94.91525
2017,Poland,ALP,58.70632
2017,Poland,CLO,50.45477
2017,Poland,AGR,48.8481
2018,Poland,OIL,100
2018,Poland,IND,60.94051
2018,Poland,AGR,48.8699
2018,Poland,CLO,51.42857
2018,Poland,ALP,59.13875
2018,Poland,ARM,94.91525
2018,Poland,TEX,60.44862
2019,Poland,IND,60.02018
2005,Denmark,ALP,43.39907
2005,Denmark,CLO,45.26022
2005,Denmark,AGR,31.98674
2005,Denmark,OIL,50
2005,Denmark,IND,44.50277
2005,Denmark,TEX,43.47957
2010,Denmark,TEX,54.29957
2010,Denmark,IND,51.39951
2010,Denmark,OIL,100
2010,Denmark,AGR,47.36088
2010,Denmark,ARM,73.95833
2010,Denmark,CLO,52.47642
2010,Denmark,ALP,51.22318
2010,Belgium,AGR,36.95751
2010,Belgium,CLO,36.37907
2010,Belgium,OIL,100
2010,Belgium,TEX,40.02905
2010,Belgium,IND,43.7332
2015,Belgium,IND,49.3027
2015,Belgium,CLO,42.04322
2015,Belgium,TEX,48.65694
2015,Belgium,OIL,33.33333
2015,Belgium,AGR,38.55254
2015,Belgium,ALP,47.96122
2015,Belgium,ARM,50.25907
2016,Belgium,ARM,58.70968
2019,Poland,OIL,100
2019,Poland,TEX,57.61788
2019,Poland,ARM,66.66667
2019,Poland,ALP,58.32866
2019,Poland,CLO,51.14155
2019,Poland,AGR,49.85718
2020,Poland,AGR,52.31533
2020,Poland,CLO,56.43219
2020,Poland,ARM,80.51948
2020,Poland,ALP,60.93007
2020,Poland,TEX,61.82988
2020,Poland,OIL,100
2020,Poland,IND,62.37765
2015,Denmark,ALP,56.49691
2015,Denmark,ARM,69.02655
2015,Denmark,CLO,53.18888
2015,Denmark,AGR,49.18984
2015,Denmark,OIL,100
2015,Denmark,IND,57.4112
2015,Denmark,TEX,56.83222
2016,Denmark,TEX,57.19892
2016,Denmark,IND,58.33132
2016,Denmark,OIL,100
2016,Denmark,AGR,52.07331
2016,Denmark,CLO,53.00589
2016,Denmark,ARM,68.69565
2016,Belgium,ALP,49.63801
2016,Belgium,AGR,40.01406
2016,Belgium,OIL,80
2016,Belgium,CLO,44.31978
2016,Belgium,IND,51.22712
2016,Belgium,TEX,48.21276
2017,Belgium,TEX,52.99748
2017,Belgium,IND,53.70236
2017,Belgium,CLO,49.18948
2017,Belgium,OIL,88.88889
2017,Belgium,AGR,43.5695
2017,Belgium,ARM,61.95652
2017,Belgium,ALP,52.40109
2018,Belgium,ALP,53.37271
2018,Belgium,ARM,62.5
2018,Belgium,AGR,43.7303
2018,Belgium,OIL,88.88889
2018,Belgium,CLO,49.97315
2018,Belgium,IND,54.86503
2018,Belgium,TEX,53.2241
2019,Belgium,TEX,51.85839
2019,Belgium,CLO,48.90568
2019,Belgium,IND,54.30091
2019,Belgium,OIL,88.88889
2019,Belgium,AGR,44.37439
2019,Belgium,ARM,63.25301
2021,Poland,ALP,63.35871
2021,Poland,ARM,85.71429
2021,Poland,CLO,57.78225
2021,Poland,AGR,57.21338
2021,Poland,IND,64.61263
2021,Poland,OIL,66.66667
2021,Poland,TEX,63.59948
2005,Portugal,ALP,31.53126
2005,Portugal,AGR,21.05263
2005,Portugal,ARM,29.48718
2005,Portugal,TEX,30.76129
2005,Portugal,IND,33.86084
2005,Portugal,CLO,24.23725
2016,Denmark,ALP,57.52537
2017,Denmark,IND,60.88337
2017,Denmark,TEX,60.59263
2017,Denmark,OIL,100
2017,Denmark,ALP,60.30219
2017,Denmark,ARM,78.15126
2017,Denmark,CLO,61.43977
2017,Denmark,AGR,54.58804
2018,Denmark,OIL,100
2018,Denmark,TEX,61.30994
2018,Denmark,IND,61.89389
2018,Denmark,CLO,62.37873
2018,Denmark,AGR,54.98652
2018,Denmark,ARM,78.15126
2018,Denmark,ALP,61.23854
2019,Denmark,ALP,60.8547
2019,Denmark,ARM,78.44828
2019,Denmark,AGR,55.86697
2019,Denmark,CLO,62.1147
2019,Denmark,IND,61.39135
2019,Denmark,TEX,60.43931
2019,Denmark,OIL,75
2020,Denmark,TEX,63.49169
2020,Denmark,CLO,62.99625
2020,Denmark,ARM,77.88462
2020,Denmark,ALP,63.29824
2010,Portugal,IND,40.62643
2010,Portugal,CLO,26.94724
2010,Portugal,TEX,40.18605
2010,Portugal,OIL,0
2010,Portugal,ARM,44.68085
2010,Portugal,AGR,39.57101
2010,Portugal,ALP,39.01386
2015,Portugal,ALP,47.49402
2015,Portugal,AGR,40.63074
2015,Portugal,ARM,40.95238
2015,Portugal,TEX,50.8074
2015,Portugal,OIL,50
2015,Portugal,CLO,35.71999
2020,Denmark,AGR,58.82647
2020,Denmark,OIL,100
2020,Denmark,IND,63.81765
2021,Denmark,AGR,60.80728
2021,Denmark,ALP,65.11793
2021,Denmark,ARM,83.67347
2021,Denmark,TEX,66.86567
2021,Denmark,IND,65.48667
2021,Denmark,OIL,100
2021,Denmark,CLO,65.82085
2005,Estonia,TEX,43.04267
2005,Estonia,OIL,0
2005,Estonia,ARM,100
2019,Belgium,ALP,52.8484
2020,Belgium,ALP,55.29134
2020,Belgium,ARM,67.11409
2020,Belgium,AGR,46.36237
2020,Belgium,OIL,100
2020,Belgium,IND,56.73372
2020,Belgium,CLO,52.31405
2020,Belgium,TEX,55.49869
2021,Belgium,TEX,57.49807
2021,Belgium,CLO,54.78711
2021,Belgium,OIL,80
2021,Belgium,IND,58.78225
2021,Belgium,AGR,51.18051
2015,Portugal,IND,49.81858
2016,Portugal,IND,50.09113
2016,Portugal,CLO,34.33261
2016,Portugal,OIL,100
2016,Portugal,TEX,50.55188
2016,Portugal,ALP,47.44919
2016,Portugal,ARM,43.29897
2016,Portugal,AGR,41.46769
2017,Portugal,AGR,45.25393
2017,Portugal,ARM,55.10204
2017,Portugal,IND,53.94749
2017,Portugal,ALP,52.21484
2017,Portugal,TEX,54.59219
2017,Portugal,OIL,66.66667
2017,Portugal,CLO,45.66529
2018,Portugal,CLO,47.07097
2018,Portugal,ALP,53.38378
2018,Portugal,OIL,66.66667
2018,Portugal,TEX,54.82297
2018,Portugal,IND,55.15721
2018,Portugal,ARM,58.06452
2018,Portugal,AGR,46.73316
2019,Portugal,AGR,46.97932
2019,Portugal,ARM,53.84615
2019,Portugal,IND,54.07887
2019,Portugal,TEX,55.30098
2005,Estonia,IND,47.8634
2005,Estonia,CLO,44.83926
2005,Estonia,ALP,46.2156
2005,Estonia,AGR,19.2
2010,Estonia,AGR,74.43454
2010,Estonia,IND,65.27009
2010,Estonia,ARM,100
2010,Estonia,OIL,100
2010,Estonia,TEX,68.54599
2010,Estonia,CLO,54.35644
2010,Estonia,ALP,65.65752
2015,Estonia,TEX,68.26504
2015,Estonia,OIL,100
2015,Estonia,ARM,70
2015,Estonia,ALP,67.99865
2015,Estonia,AGR,74.05376
2015,Estonia,CLO,58.74183
2015,Estonia,IND,67.99027
2016,Estonia,IND,68.30444
2016,Estonia,CLO,57.61381
2016,Estonia,AGR,80.50204
2016,Estonia,ALP,68.69405
2016,Estonia,ARM,80.76923
2016,Estonia,OIL,100
2016,Estonia,TEX,68.23926
2017,Estonia,TEX,71.72256
2017,Estonia,OIL,100
2017,Estonia,IND,72.19933
2017,Estonia,ARM,82.5
2017,Estonia,CLO,67.80488
2017,Estonia,ALP,72.68693
2017,Estonia,AGR,80.91451
2018,Estonia,AGR,80.78491
2018,Estonia,ALP,72.90643
2018,Estonia,ARM,82.5
2018,Estonia,CLO,68.93135
2018,Estonia,IND,72.39931
2018,Estonia,OIL,100
2018,Estonia,TEX,71.95122
2021,Belgium,ARM,68.09816
2021,Belgium,ALP,57.66526
2005,Bosnia and Herzegovina,ALP,80.36611
2005,Bosnia and Herzegovina,AGR,78.11705
2005,Bosnia and Herzegovina,ARM,84.375
2005,Bosnia and Herzegovina,IND,85.44423
2005,Bosnia and Herzegovina,CLO,49.75369
2005,Bosnia and Herzegovina,OIL,0
2005,Bosnia and Herzegovina,TEX,86.64921
2010,Bosnia and Herzegovina,TEX,83.00971
2010,Bosnia and Herzegovina,CLO,39.92188
2010,Bosnia and Herzegovina,IND,82.15344
2019,Portugal,OIL,80
2019,Portugal,ALP,52.7671
2019,Portugal,CLO,47.53281
2020,Portugal,CLO,49.41297
2020,Portugal,ALP,55.17297
2020,Portugal,OIL,100
2020,Portugal,TEX,57.77455
2020,Portugal,IND,56.63507
2020,Portugal,ARM,47.22222
2020,Portugal,AGR,49.56217
2021,Portugal,AGR,52.77778
2021,Portugal,IND,58.32185
2021,Portugal,TEX,58.75502
2019,Estonia,ARM,76.59574
2019,Estonia,AGR,80.64182
2019,Estonia,TEX,70.38492
2019,Estonia,OIL,100
2019,Estonia,IND,71.40484
2019,Estonia,CLO,68.46652
2019,Estonia,ALP,71.96599
2020,Estonia,AGR,78.25059
2020,Estonia,ARM,82.05128
2020,Estonia,ALP,73.0326
2020,Estonia,CLO,68.79643
2020,Estonia,OIL,100
2020,Estonia,IND,72.60957
2010,Bosnia and Herzegovina,ARM,100
2010,Bosnia and Herzegovina,AGR,86.55545
2010,Bosnia and Herzegovina,ALP,77.00822
2015,Bosnia and Herzegovina,AGR,77.26098
2015,Bosnia and Herzegovina,ALP,72.14442
2015,Bosnia and Herzegovina,ARM,66.66667
2015,Bosnia and Herzegovina,IND,78.20907
2015,Bosnia and Herzegovina,CLO,42.10526
2015,Bosnia and Herzegovina,TEX,81.26195
2015,Bosnia and Herzegovina,OIL,100
2016,Bosnia and Herzegovina,TEX,82.80374
2016,Bosnia and Herzegovina,CLO,41.90244
2016,Bosnia and Herzegovina,IND,78.1913
2016,Bosnia and Herzegovina,ARM,78.57143
2016,Bosnia and Herzegovina,ALP,72.15044
2016,Bosnia and Herzegovina,AGR,77.03646
2017,Bosnia and Herzegovina,AGR,80.38654
2017,Bosnia and Herzegovina,ARM,72.22222
2017,Bosnia and Herzegovina,ALP,71.74151
2017,Bosnia and Herzegovina,CLO,44.23565
2017,Bosnia and Herzegovina,IND,75.68703
2017,Bosnia and Herzegovina,TEX,84.49477
2018,Bosnia and Herzegovina,TEX,85.31469
2018,Bosnia and Herzegovina,IND,75.75446
2021,Portugal,OIL,66.66667
2021,Portugal,ALP,56.96273
2021,Portugal,ARM,55.76923
2021,Portugal,CLO,51.17746
2005,Romania,ARM,88.46154
2005,Romania,ALP,50.47785
2005,Romania,CLO,28.43233
2005,Romania,AGR,59.67623
2005,Romania,TEX,63.65047
2005,Romania,IND,53.20205
2010,Romania,IND,53.59523
2010,Romania,TEX,55.87489
2010,Romania,OIL,100
2018,Bosnia and Herzegovina,CLO,45.09502
2018,Bosnia and Herzegovina,ALP,71.94006
2018,Bosnia and Herzegovina,ARM,72.22222
2018,Bosnia and Herzegovina,AGR,80.10167
2019,Bosnia and Herzegovina,AGR,78.26421
2019,Bosnia and Herzegovina,ARM,81.48148
2019,Bosnia and Herzegovina,ALP,68.96074
2019,Bosnia and Herzegovina,CLO,41.31455
2019,Bosnia and Herzegovina,TEX,77.11016
2019,Bosnia and Herzegovina,IND,73.20584
2020,Bosnia and Herzegovina,IND,73.47208
2020,Bosnia and Herzegovina,TEX,78.37838
2010,Romania,AGR,65.29868
2010,Romania,CLO,28.29894
2010,Romania,ALP,50.44096
2010,Romania,ARM,74.19355
2015,Romania,ALP,59.10828
2015,Romania,ARM,78.78788
2015,Romania,CLO,39.59677
2015,Romania,AGR,66.24473
2015,Romania,OIL,100
2015,Romania,TEX,64.23333
2015,Romania,IND,62.13776
2016,Romania,IND,60.89864
2016,Romania,TEX,61.98072
2020,Estonia,TEX,74.65224
2021,Estonia,TEX,74.37845
2021,Estonia,IND,71.70996
2021,Estonia,OIL,50
2021,Estonia,CLO,72.1118
2021,Estonia,ALP,72.50294
2021,Estonia,AGR,78.41149
2021,Estonia,ARM,83.33333
2005,Finland,TEX,36.51727
2005,Finland,ARM,58.02469
2005,Finland,IND,42.73669
2005,Finland,CLO,42.28122
2005,Finland,ALP,42.03359
2005,Finland,AGR,24.70149
2010,Finland,OIL,50
2010,Finland,IND,50.54567
2010,Finland,AGR,58.11138
2010,Finland,CLO,59.30599
2010,Finland,ALP,51.2789
2010,Finland,ARM,63
2010,Finland,TEX,55.15892
2015,Finland,IND,58.2438
2015,Finland,OIL,100
2015,Finland,TEX,59.5057
2015,Finland,ARM,55.75221
2015,Finland,ALP,58.34203
2020,Bosnia and Herzegovina,CLO,43.83627
2020,Bosnia and Herzegovina,ARM,82.22222
2020,Bosnia and Herzegovina,ALP,69.52374
2020,Bosnia and Herzegovina,AGR,78.38638
2021,Bosnia and Herzegovina,AGR,77.46269
2021,Bosnia and Herzegovina,ALP,68.96455
2021,Bosnia and Herzegovina,CLO,41.53153
2021,Bosnia and Herzegovina,TEX,79.12913
2021,Bosnia and Herzegovina,ARM,75.55556
2021,Bosnia and Herzegovina,IND,73.19577
2005,Bulgaria,IND,62.09935
2005,Bulgaria,OIL,0
2015,Finland,CLO,58.81481
2015,Finland,AGR,59.10057
2016,Finland,AGR,59.86467
2016,Finland,CLO,58.95577
2016,Finland,ALP,58.45481
2016,Finland,ARM,58.33333
2016,Finland,TEX,59.91338
2016,Finland,OIL,100
2016,Finland,IND,58.2902
2017,Finland,ALP,60.8776
2017,Finland,ARM,72.17391
2017,Finland,CLO,67.91324
2017,Finland,AGR,66.34823
2005,Bulgaria,TEX,58.99069
2005,Bulgaria,AGR,42.24872
2005,Bulgaria,ARM,55.55556
2005,Bulgaria,ALP,56.91842
2005,Bulgaria,CLO,33.80381
2010,Bulgaria,ALP,56.0183
2010,Bulgaria,CLO,33.10121
2010,Bulgaria,ARM,60.97561
2010,Bulgaria,AGR,54.72824
2010,Bulgaria,IND,60.42465
2010,Bulgaria,TEX,59.48693
2015,Bulgaria,TEX,70.03553
2015,Bulgaria,OIL,100
2017,Finland,IND,60.16358
2017,Finland,OIL,100
2017,Finland,TEX,64.32856
2018,Finland,AGR,66.41486
2018,Finland,CLO,68.85865
2018,Finland,ALP,61.46024
2018,Finland,ARM,72.80702
2018,Finland,TEX,64.74919
2018,Finland,OIL,100
2018,Finland,IND,60.77922
2019,Finland,IND,60.46985
2019,Finland,TEX,64.47493
2019,Finland,OIL,100
2015,Bulgaria,IND,67.89057
2015,Bulgaria,ARM,71.92982
2015,Bulgaria,AGR,58.19912
2015,Bulgaria,ALP,63.02308
2015,Bulgaria,CLO,41.04984
2016,Bulgaria,CLO,38.52178
2016,Bulgaria,ALP,60.4667
2016,Bulgaria,AGR,58.14649
2016,Bulgaria,ARM,62.68657
2016,Bulgaria,TEX,64.70366
2016,Bulgaria,IND,65.39492
2016,Bulgaria,OIL,100
2017,Bulgaria,OIL,100
2019,Finland,ALP,61.23114
2019,Finland,CLO,73.08943
2019,Finland,AGR,65.67403
2019,Finland,ARM,72.9927
2020,Finland,AGR,67.08174
2020,Finland,CLO,73.2042
2020,Finland,ALP,62.63126
2020,Finland,TEX,64.88846
2020,Finland,IND,61.94655
2020,Finland,ARM,70.24793
2021,Finland,IND,63.94368
2021,Finland,OIL,100
2021,Finland,TEX,67.94131
2017,Bulgaria,IND,71.23371
2017,Bulgaria,TEX,72.32202
2017,Bulgaria,ARM,77.77778
2017,Bulgaria,ALP,67.53702
2017,Bulgaria,AGR,63.21712
2017,Bulgaria,CLO,50.11017
2018,Bulgaria,CLO,51.27875
2018,Bulgaria,AGR,63.10484
2018,Bulgaria,ALP,67.8672
2018,Bulgaria,ARM,77.77778
2018,Bulgaria,TEX,72.41952
2018,Bulgaria,IND,71.4175
2018,Bulgaria,OIL,100
2021,Finland,CLO,75.51701
2021,Finland,ALP,64.58741
2021,Finland,AGR,66.6967
2021,Finland,ARM,76.8595
2005,France,ALP,35.88568
2005,France,TEX,32.72801
2005,France,CLO,27.35359
2005,France,AGR,26.35384
2005,France,ARM,40.26846
2005,France,IND,37.85412
2005,France,OIL,60
2010,France,OIL,36.36364
2010,France,IND,41.08431
2010,France,ARM,43.54354
2010,France,AGR,32.11673
2010,France,CLO,30.21526
2010,France,TEX,37.33308
2010,France,ALP,39.36172
2015,France,ALP,46.35374
2015,France,ARM,38.8587
2015,France,TEX,47.81913
2015,France,OIL,100
2015,France,CLO,37.26923
2015,France,IND,48.27831
2015,France,AGR,36.44618
2016,France,ALP,47.17831
2019,Bulgaria,OIL,100
2019,Bulgaria,CLO,52.4608
2019,Bulgaria,TEX,70.77279
2019,Bulgaria,IND,69.6154
2019,Bulgaria,ARM,58.97436
2019,Bulgaria,ALP,66.58972
2019,Bulgaria,AGR,62.77899
2020,Bulgaria,ALP,69.52358
2020,Bulgaria,AGR,65.97414
2020,Bulgaria,ARM,68.25397
2020,Bulgaria,IND,72.4343
2020,Bulgaria,TEX,74.61407
2020,Bulgaria,CLO,54.50758
2016,France,OIL,83.33333
2016,France,AGR,36.44137
2016,France,ARM,37.7907
2016,France,IND,49.44136
2016,France,CLO,36.88174
2016,France,TEX,47.39991
2017,France,ALP,50.18287
2017,France,TEX,50.85672
2017,France,OIL,66.66667
2017,France,CLO,45.41362
2017,France,ARM,50.16611
2017,France,IND,52.01247
2017,France,AGR,39.88698
2020,Bulgaria,OIL,100
2021,Bulgaria,CLO,55.586
2021,Bulgaria,OIL,0
2021,Bulgaria,IND,73.08297
2021,Bulgaria,TEX,73.18929
2021,Bulgaria,AGR,67.46589
2021,Bulgaria,ALP,70.17821
2021,Bulgaria,ARM,73.91304
2005,Belarus,CLO,26.26788
2005,Belarus,IND,76.62925
2005,Belarus,TEX,46.13297
2005,Belarus,OIL,100
2005,Belarus,ALP,69.20443
2018,France,IND,52.25229
2018,France,AGR,39.44388
2018,France,ARM,49.66667
2018,France,CLO,46.65647
2018,France,OIL,75
2018,France,TEX,50.14034
2018,France,ALP,50.32154
2019,France,ARM,50.83612
2019,France,AGR,40.67136
2019,France,ALP,50.42347
2019,France,IND,52.37406
2019,France,TEX,50.2973
2019,France,OIL,93.10345
2019,France,CLO,44.08624
2020,France,IND,54.32014
2020,France,ALP,52.53649
2020,France,ARM,48.67925
2020,France,CLO,48.01739
2020,France,OIL,88
2020,France,TEX,52.94592
2020,France,AGR,43.18063
2021,France,AGR,47.51909
2021,France,TEX,56.54501
2021,France,OIL,62.5
2021,France,CLO,51.44594
2021,France,ARM,50.50167
2005,Belarus,AGR,67.09512
2005,Belarus,ARM,50
2010,Belarus,ARM,33.33333
2010,Belarus,AGR,71.65644
2010,Belarus,ALP,61.41992
2010,Belarus,OIL,100
2010,Belarus,TEX,56.79012
2010,Belarus,CLO,44.74708
2010,Belarus,IND,62.39708
2015,Belarus,CLO,50.32377
2015,Belarus,IND,65.54183
2015,Belarus,TEX,70.84378
2015,Belarus,ALP,66.68939
2016,Romania,OIL,100
2016,Romania,AGR,64.49544
2016,Romania,CLO,37.37709
2016,Romania,ARM,75.75758
2016,Romania,ALP,57.51846
2017,Romania,TEX,66.61562
2017,Romania,IND,64.56089
2017,Romania,ALP,62.57245
2017,Romania,CLO,47.70368
2017,Romania,ARM,81.81818
2017,Romania,AGR,69.22393
2017,Romania,OIL,100
2018,Romania,IND,65.06101
2005,Iceland,CLO,73.52941
2005,Iceland,TEX,61.30435
2005,Iceland,IND,61.48
2010,Iceland,IND,64.44724
2010,Iceland,TEX,65.17413
2010,Iceland,ARM,66.66667
2010,Iceland,CLO,70.40359
2010,Iceland,ALP,63.59347
2010,Iceland,AGR,44.29967
2015,Iceland,IND,75.69198
2015,Iceland,AGR,50.11442
2015,Iceland,ALP,74.004
2015,Iceland,CLO,79.14894
2021,France,ALP,55.82482
2021,France,IND,57.43819
2005,Georgia,ARM,50
2005,Georgia,CLO,63.75
2005,Georgia,OIL,66.66667
2005,Georgia,IND,50.75758
2005,Georgia,TEX,54
2005,Georgia,AGR,74.04255
2005,Georgia,ALP,54.23197
2010,Georgia,TEX,47.67442
2010,Georgia,IND,49.39394
2010,Georgia,OIL,100
2010,Georgia,ALP,52.85714
2015,Belarus,AGR,81.92027
2015,Belarus,ARM,23.07692
2016,Belarus,ARM,14.28571
2016,Belarus,AGR,84.68167
2016,Belarus,ALP,73.36977
2016,Belarus,TEX,72.72727
2016,Belarus,IND,73.44823
2016,Belarus,CLO,53.99495
2017,Belarus,CLO,53.5982
2017,Belarus,IND,73.78459
2017,Belarus,TEX,73.4404
2017,Belarus,OIL,100
2017,Belarus,ALP,73.61462
2010,Georgia,CLO,50.96154
2010,Georgia,ARM,33.33333
2010,Georgia,AGR,76.23932
2015,Georgia,AGR,80.29376
2015,Georgia,CLO,39.41327
2015,Georgia,ALP,67.23691
2015,Georgia,OIL,100
2015,Georgia,ARM,83.33333
2015,Georgia,IND,69.88455
2015,Georgia,TEX,69.15888
2016,Georgia,TEX,66.96429
2016,Georgia,IND,70.47244
2016,Georgia,ARM,100
2017,Belarus,ARM,12.5
2017,Belarus,AGR,83.45238
2018,Belarus,ARM,12.5
2018,Belarus,AGR,83.42742
2018,Belarus,ALP,73.95969
2018,Belarus,IND,74.23265
2018,Belarus,TEX,73.56393
2018,Belarus,OIL,100
2018,Belarus,CLO,54.0135
2019,Belarus,CLO,53.90443
2019,Belarus,IND,75.97957
2019,Belarus,TEX,76.34831
2019,Belarus,ALP,75.3316
2016,Georgia,OIL,100
2016,Georgia,ALP,66.95248
2016,Georgia,CLO,39.53216
2016,Georgia,AGR,79.0184
2017,Georgia,ALP,65.21872
2017,Georgia,CLO,39.71249
2017,Georgia,OIL,100
2017,Georgia,ARM,100
2017,Georgia,AGR,77.82178
2017,Georgia,IND,68.71036
2017,Georgia,TEX,68.57143
2018,Georgia,AGR,80.57769
2018,Georgia,ARM,100
2018,Romania,TEX,66.76876
2018,Romania,OIL,100
2018,Romania,AGR,69.04977
2018,Romania,ARM,81.81818
2018,Romania,CLO,49.21396
2018,Romania,ALP,63.18756
2019,Romania,ALP,62.48703
2019,Romania,CLO,49.70364
2019,Romania,ARM,78.57143
2019,Romania,AGR,67.12246
2019,Romania,TEX,64.97121
2019,Romania,OIL,100
2019,Romania,IND,64.17786
2018,Georgia,TEX,73.14286
2018,Georgia,IND,71.10113
2018,Georgia,OIL,100
2018,Georgia,CLO,45.21422
2018,Georgia,ALP,68.2837
2019,Georgia,ARM,100
2019,Georgia,TEX,65.80311
2019,Georgia,AGR,77.03827
2019,Georgia,ALP,68.80988
2019,Georgia,IND,71.71639
2019,Georgia,CLO,50.94891
2019,Georgia,OIL,100
2020,Georgia,OIL,100
2020,Georgia,CLO,54.85762
2020,Georgia,IND,71.78929
2020,Georgia,ALP,69.7487
2020,Georgia,AGR,75.89354
2020,Georgia,TEX,70.61611
2020,Georgia,ARM,83.33333
2021,Georgia,TEX,64.31095
2021,Georgia,IND,72.26345
2021,Georgia,CLO,54.77839
2021,Georgia,OIL,100
2021,Georgia,ARM,66.66667
2021,Georgia,ALP,70.10818
2021,Georgia,AGR,78.88648
2019,Belarus,ARM,20
2019,Belarus,AGR,83.65151
2020,Belarus,AGR,84.22786
2020,Belarus,ARM,18.18182
2020,Belarus,ALP,76.00467
2020,Belarus,CLO,53.16145
2020,Belarus,TEX,75.2784
2020,Belarus,IND,76.81416
2021,Belarus,CLO,55.5991
2021,Belarus,IND,76.54373
2021,Belarus,TEX,75.75269
2021,Belarus,ARM,0
2021,Belarus,ALP,75.83314
2020,Romania,AGR,73.71445
2020,Romania,ARM,82.35294
2020,Romania,ALP,66.54882
2020,Romania,CLO,53.18223
2020,Romania,IND,67.78098
2020,Romania,TEX,71.28495
2020,Romania,OIL,100
2021,Romania,CLO,55.76678
2021,Romania,ALP,67.9543
2021,Romania,ARM,80
2021,Romania,AGR,76.02454
2021,Romania,OIL,66.66667
2021,Romania,TEX,73.20165
2005,Germany,AGR,25.51187
2005,Germany,ARM,37.54386
2005,Germany,ALP,37.29787
2005,Germany,TEX,35.32271
2005,Germany,CLO,26.2182
2005,Germany,OIL,50
2005,Germany,IND,38.82038
2010,Germany,IND,43.63809
2010,Germany,OIL,75
2010,Germany,CLO,31.58026
2010,Germany,TEX,39.98042
2010,Germany,ALP,42.34187
2010,Germany,AGR,34.4776
2010,Germany,ARM,38.52327
2015,Germany,ARM,41.52542
2015,Germany,ALP,48.32347
2015,Germany,TEX,47.83907
2015,Germany,CLO,37.83138
2015,Germany,OIL,77.77778
2015,Germany,IND,49.5256
2015,Germany,AGR,40.12135
2016,Germany,ARM,44.80769
2016,Germany,OIL,60
2016,Germany,IND,51.55373
2016,Germany,CLO,40.96683
2016,Germany,TEX,48.48682
2016,Germany,ALP,50.23936
2016,Germany,AGR,41.76425
2017,Germany,OIL,84.61538
2017,Germany,AGR,46.26717
2017,Germany,ALP,53.78902
2017,Germany,TEX,53.6248
2017,Germany,CLO,50.76453
2017,Germany,IND,54.66144
2017,Germany,ARM,51.89394
2018,Germany,ARM,52.01536
2018,Germany,IND,55.28815
2018,Germany,CLO,52.1307
2018,Germany,OIL,84.61538
2021,Belarus,AGR,82.94171
2020,Slovenia,TEX,79.35089
2020,Slovenia,OIL,100
2020,Slovenia,IND,71.20306
2020,Slovenia,CLO,64.96425
2020,Slovenia,ARM,66.66667
2020,Slovenia,ALP,71.69243
2020,Slovenia,AGR,76.62973
2021,Slovenia,ALP,72.22829
2021,Slovenia,AGR,76.00869
2021,Slovenia,ARM,61.38614
2021,Slovenia,IND,71.97558
2021,Slovenia,CLO,64.39962
2018,Germany,ALP,54.38458
2018,Germany,TEX,53.99069
2018,Germany,AGR,46.49016
2019,Germany,AGR,47.54254
2019,Germany,TEX,53.29553
2019,Germany,ALP,54.4103
2019,Germany,CLO,48.67534
2019,Germany,OIL,80
2019,Germany,IND,55.4099
2019,Germany,ARM,56.49718
2020,Germany,ALP,56.41811
2020,Germany,TEX,56.22685
2020,Germany,AGR,49.57483
2020,Germany,ARM,61.37787
2020,Germany,IND,57.28589
2020,Germany,CLO,52.63093
2020,Germany,OIL,50
2021,Germany,TEX,58.86508
2021,Germany,AGR,53.15183
2021,Germany,ALP,59.07454
2021,Germany,OIL,87.5
2021,Germany,ARM,59.54198
2021,Germany,IND,59.88713
2021,Germany,CLO,55.27244
2005,Greece,ALP,49.53105
2005,Greece,CLO,39.04236
2005,Greece,ARM,80
2005,Greece,AGR,32.41279
2005,Greece,OIL,0
2005,Greece,TEX,55.41498
2005,Greece,IND,52.78605
2010,Greece,IND,58.70889
2010,Greece,TEX,59.5857
2010,Greece,OIL,100
2010,Greece,ARM,87.87879
2010,Greece,AGR,51.99396
2010,Greece,CLO,43.36531
2010,Greece,ALP,56.85479
2015,Greece,ARM,68.51852
2021,Slovenia,OIL,100
2021,Slovenia,TEX,79.0287
2005,Spain,TEX,32.71076
2005,Spain,OIL,57.14286
2005,Spain,CLO,22.81062
2005,Spain,ARM,38.00738
2005,Spain,IND,36.94146
2005,Spain,AGR,23.31942
2005,Spain,ALP,34.8013
2010,Spain,ALP,40.2946
2010,Spain,AGR,34.11396
2010,Spain,IND,42.06084
2010,Spain,ARM,39.32927
2015,Greece,CLO,50.41193
2015,Greece,ALP,62.68974
2015,Greece,TEX,68.89381
2015,Greece,IND,64.63154
2015,Greece,AGR,55.86097
2016,Greece,IND,63.19957
2016,Greece,TEX,64.91154
2016,Greece,ALP,60.96218
2016,Greece,CLO,49.67201
2016,Greece,AGR,53.77638
2016,Greece,ARM,74.46809
2017,Greece,ARM,80.39216
2017,Greece,AGR,59.69435
2010,Spain,CLO,28.22815
2010,Spain,OIL,66.66667
2010,Spain,TEX,37.58235
2015,Spain,OIL,60
2015,Spain,ARM,41.08761
2015,Spain,CLO,35.7909
2015,Spain,IND,50.16151
2015,Spain,AGR,39.22756
2015,Spain,ALP,48.24645
2015,Spain,TEX,49.27141
2016,Spain,ALP,49.89709
2016,Spain,AGR,40.69556
2016,Spain,IND,52.06242
2017,Greece,ALP,68.10309
2017,Greece,CLO,58.61942
2017,Greece,TEX,72.14765
2017,Greece,OIL,100
2017,Greece,IND,70.33021
2018,Greece,TEX,72.25326
2018,Greece,CLO,59.33532
2018,Greece,OIL,100
2018,Greece,ALP,68.25922
2018,Greece,AGR,59.8938
2018,Greece,ARM,80.39216
2018,Greece,IND,70.4223
2019,Greece,ARM,86.66667
2016,Spain,CLO,36.0647
2016,Spain,ARM,41.37931
2016,Spain,OIL,70
2016,Spain,TEX,49.98172
2017,Spain,AGR,43.22924
2017,Spain,OIL,62.5
2017,Spain,TEX,55.126
2017,Spain,ARM,53.77358
2017,Spain,IND,54.86382
2017,Spain,CLO,47.29335
2017,Spain,ALP,53.23919
2018,Spain,AGR,43.67433
2018,Spain,ALP,54.1741
2021,Romania,IND,68.7701
2005,Serbia,IND,25.53191
2005,Serbia,CLO,0
2005,Serbia,AGR,35.71429
2005,Serbia,ALP,21.37681
2005,Serbia,TEX,5
2010,Serbia,IND,84.92758
2010,Serbia,TEX,87.6161
2010,Serbia,ARM,59.67742
2010,Serbia,ALP,81.43663
2010,Serbia,AGR,81.57404
2010,Serbia,CLO,54.29839
2010,Serbia,OIL,100
2019,Greece,AGR,58.31396
2019,Greece,ALP,66.37047
2019,Greece,OIL,100
2019,Greece,CLO,58.69873
2019,Greece,IND,68.43862
2019,Greece,TEX,69.52652
2020,Greece,ALP,68.88568
2020,Greece,IND,71.07388
2020,Greece,CLO,60.5948
2020,Greece,TEX,71.93585
2020,Greece,OIL,100
2020,Greece,AGR,61.27436
2020,Greece,ARM,80.95238
2015,Serbia,IND,80.99174
2015,Serbia,OIL,100
2015,Serbia,CLO,58.8716
2015,Serbia,AGR,81.71289
2015,Serbia,ALP,78.94058
2015,Serbia,ARM,58.33333
2015,Serbia,TEX,88.47185
2016,Serbia,TEX,90.38462
2016,Serbia,ALP,80.08815
2016,Serbia,AGR,82.95487
2016,Serbia,CLO,58.25926
2016,Serbia,OIL,100
2016,Serbia,ARM,63.63636
2018,Spain,CLO,48.96169
2018,Spain,IND,55.83152
2018,Spain,ARM,54.83871
2018,Spain,OIL,87.5
2018,Spain,TEX,55.93061
2019,Spain,OIL,75
2019,Spain,TEX,55.10615
2019,Spain,ARM,54.87013
2019,Spain,IND,55.93735
2019,Spain,CLO,48.20028
2019,Spain,ALP,54.05375
2019,Spain,AGR,43.62306
2020,Spain,ARM,57.99257
2016,Serbia,IND,82.30352
2017,Serbia,AGR,79.60265
2017,Serbia,ALP,77.89299
2017,Serbia,TEX,90.00763
2017,Serbia,IND,79.75434
2017,Serbia,ARM,61.42857
2017,Serbia,CLO,57.97929
2017,Serbia,OIL,100
2018,Serbia,TEX,90.07634
2018,Serbia,ALP,78.27605
2018,Serbia,OIL,100
2018,Serbia,CLO,59.22965
2018,Serbia,ARM,61.42857
2020,Spain,TEX,57.51519
2020,Spain,OIL,100
2020,Spain,AGR,46.84057
2020,Spain,ALP,55.93484
2020,Spain,CLO,50.63178
2020,Spain,IND,57.57206
2021,Spain,OIL,60
2021,Spain,TEX,59.53818
2021,Spain,ARM,53.57143
2021,Spain,IND,59.7973
2021,Spain,ALP,58.13819
2021,Spain,CLO,51.42426
2021,Spain,AGR,50
2005,Sweden,CLO,48.40183
2005,Sweden,IND,42.31967
2005,Sweden,ARM,61.45833
2005,Sweden,AGR,36.01695
2005,Sweden,ALP,42.19229
2005,Sweden,OIL,50
2005,Sweden,TEX,41.12324
2010,Sweden,TEX,51.24969
2010,Sweden,OIL,100
2010,Sweden,ALP,49.08249
2010,Sweden,AGR,54.21403
2010,Sweden,ARM,57.51634
2010,Sweden,IND,48.51966
2010,Sweden,CLO,55.70966
2015,Sweden,CLO,59.76013
2015,Sweden,IND,55.53342
2015,Sweden,ARM,57.14286
2015,Sweden,ALP,55.7979
2015,Sweden,AGR,57.14286
2015,Sweden,OIL,50
2015,Sweden,TEX,57.50129
2016,Sweden,TEX,57.71692
2016,Sweden,OIL,50
2016,Sweden,ALP,56.80465
2016,Sweden,AGR,58.40215
2016,Sweden,ARM,59.60265
2015,Iceland,ARM,100
2015,Iceland,TEX,71.95767
2016,Iceland,IND,75.86682
2016,Iceland,CLO,82.89963
2016,Iceland,TEX,73.30097
2016,Iceland,ARM,26.66667
2016,Iceland,ALP,74.49575
2016,Iceland,AGR,55.42725
2017,Iceland,AGR,57.79335
2017,Iceland,ALP,75.10023
2017,Iceland,ARM,55.55556
2017,Iceland,TEX,76.51822
2017,Iceland,OIL,100
2018,Serbia,IND,80.02598
2018,Serbia,AGR,79.81847
2019,Serbia,IND,76.42198
2019,Serbia,ARM,61.64384
2019,Serbia,CLO,54.92487
2019,Serbia,ALP,74.78928
2019,Serbia,AGR,77.41343
2019,Serbia,TEX,87.97423
2019,Serbia,OIL,100
2020,Serbia,AGR,76.02597
2020,Serbia,ALP,75.3705
2020,Serbia,ARM,64.86486
2020,Serbia,CLO,57.62535
2016,Sweden,CLO,60.78665
2016,Sweden,IND,56.53562
2017,Sweden,OIL,100
2017,Sweden,IND,59.4921
2017,Sweden,CLO,65.56709
2017,Sweden,ARM,71.26437
2017,Sweden,AGR,60.95049
2017,Sweden,ALP,59.93729
2017,Sweden,TEX,63.4466
2018,Sweden,OIL,100
2018,Sweden,TEX,64.06516
2018,Sweden,ALP,60.7316
2018,Sweden,AGR,60.96981
2018,Sweden,CLO,66.61699
2018,Sweden,ARM,71.83908
2018,Sweden,IND,60.33459
2019,Sweden,IND,60.03414
2019,Sweden,ARM,70.39474
2019,Sweden,CLO,61.86261
2019,Sweden,ALP,60.35028
2019,Sweden,AGR,62.10837
2019,Sweden,TEX,62.88608
2019,Sweden,OIL,66.66667
2020,Sweden,ALP,61.74916
2020,Sweden,CLO,62.05276
2020,Sweden,IND,61.41013
2020,Serbia,IND,77.026
2020,Serbia,OIL,100
2020,Serbia,TEX,87.73234
2021,Serbia,IND,75.92995
2021,Serbia,CLO,50.63025
2021,Serbia,ARM,62.33766
2021,Serbia,ALP,72.8402
2021,Serbia,AGR,71.88784
2021,Serbia,TEX,82.00549
2021,Serbia,OIL,50
2005,Slovakia,ARM,20
2005,Slovakia,IND,43.43348
2005,Slovakia,TEX,46.14243
2020,Sweden,OIL,100
2020,Sweden,TEX,65.03198
2020,Sweden,AGR,63.98131
2020,Sweden,ARM,70.06369
2021,Sweden,ALP,63.6903
2021,Sweden,CLO,66.533
2021,Sweden,ARM,70.45455
2021,Sweden,AGR,65.12104
2021,Sweden,IND,63.28886
2021,Sweden,TEX,67.1017
2021,Sweden,OIL,80
2005,Switzerland,TEX,37.81049
2005,Switzerland,AGR,25.54709
2017,Iceland,CLO,82.01893
2017,Iceland,IND,76.3789
2018,Iceland,AGR,60.48951
2018,Iceland,ALP,76.1321
2018,Iceland,CLO,82.59494
2018,Iceland,TEX,76.70683
2018,Iceland,OIL,100
2018,Iceland,IND,77.32458
2018,Iceland,ARM,55.55556
2019,Iceland,AGR,58.72093
2019,Iceland,IND,74.25018
2019,Iceland,TEX,68.57143
2019,Iceland,CLO,79.12458
2005,Slovakia,AGR,25.92593
2005,Slovakia,ALP,41.49804
2005,Slovakia,CLO,25.55866
2010,Slovakia,CLO,40.60748
2010,Slovakia,OIL,100
2010,Slovakia,ALP,57.5741
2010,Slovakia,AGR,79.97812
2010,Slovakia,IND,56.84932
2010,Slovakia,ARM,86.2069
2010,Slovakia,TEX,66.48389
2015,Slovakia,ARM,58.62069
2015,Slovakia,ALP,63.66565
2015,Slovakia,TEX,68.05075
2015,Slovakia,IND,63.89885
2015,Slovakia,AGR,75.61084
2015,Slovakia,OIL,100
2015,Slovakia,CLO,48.45511
2016,Slovakia,CLO,46.99891
2016,Slovakia,OIL,100
2016,Slovakia,AGR,74.33551
2016,Slovakia,IND,62.97368
2016,Slovakia,TEX,66.76234
2016,Slovakia,ALP,62.69306
2016,Slovakia,ARM,80.95238
2017,Slovakia,ARM,72.72727
2017,Slovakia,ALP,66.84047
2005,Switzerland,ARM,47.23618
2005,Switzerland,ALP,39.10019
2005,Switzerland,CLO,30.84516
2005,Switzerland,OIL,75
2005,Switzerland,IND,40.37465
2010,Switzerland,OIL,100
2010,Switzerland,CLO,39.2557
2010,Switzerland,AGR,27.24374
2010,Switzerland,ARM,51.45631
2010,Switzerland,IND,43.859
2010,Switzerland,ALP,42.66227
2010,Switzerland,TEX,41.73304
2015,Switzerland,TEX,57.23379
2017,Slovakia,TEX,74.16577
2017,Slovakia,IND,66.56531
2017,Slovakia,AGR,77.73512
2017,Slovakia,OIL,100
2017,Slovakia,CLO,55.1273
2018,Slovakia,CLO,55.76235
2018,Slovakia,OIL,100
2018,Slovakia,AGR,77.45597
2018,Slovakia,IND,66.95419
2018,Slovakia,TEX,74.02808
2018,Slovakia,ALP,67.17699
2018,Slovakia,ARM,72.72727
2019,Slovakia,ARM,75.38462
2015,Switzerland,ARM,63.72549
2015,Switzerland,AGR,31.09166
2015,Switzerland,ALP,55.48621
2015,Switzerland,CLO,53.08819
2015,Switzerland,OIL,100
2015,Switzerland,IND,57.05241
2016,Switzerland,IND,59.37715
2016,Switzerland,ARM,66.66667
2016,Switzerland,OIL,50
2016,Switzerland,CLO,53.00131
2016,Switzerland,ALP,57.65297
2016,Switzerland,AGR,32.76781
2016,Switzerland,TEX,59.31521
2019,Slovakia,ALP,65.91904
2019,Slovakia,TEX,69.0566
2019,Slovakia,IND,65.72259
2019,Slovakia,AGR,77.84578
2019,Slovakia,OIL,100
2019,Slovakia,CLO,55.51181
2020,Slovakia,CLO,55.90343
2020,Slovakia,OIL,100
2020,Slovakia,AGR,80.2881
2020,Slovakia,IND,68.21934
2020,Slovakia,ARM,65.625
2020,Slovakia,TEX,73.17073
2020,Slovakia,ALP,68.42323
2017,Switzerland,TEX,59.67326
2017,Switzerland,AGR,34.3944
2017,Switzerland,ALP,58.07923
2017,Switzerland,OIL,60
2017,Switzerland,CLO,57.4952
2017,Switzerland,ARM,72.98851
2017,Switzerland,IND,59.51606
2018,Switzerland,IND,61.32478
2018,Switzerland,ARM,75.29412
2018,Switzerland,CLO,58.71661
2018,Switzerland,OIL,80
2018,Switzerland,ALP,59.85809
2018,Switzerland,AGR,35.07523
2021,Slovakia,ALP,69.62842
2021,Slovakia,TEX,74.09225
2021,Slovakia,ARM,65.21739
2021,Slovakia,IND,69.21672
2021,Slovakia,AGR,80.16194
2021,Slovakia,OIL,50
2021,Slovakia,CLO,61.28049
2005,Slovenia,AGR,27.37896
2005,Slovenia,ARM,71.42857
2005,Slovenia,ALP,46.65598
2005,Slovenia,IND,49.91517
2005,Slovenia,CLO,27.40331
2005,Slovenia,TEX,39.43555
2018,Switzerland,TEX,62.45277
2019,Switzerland,TEX,60.46233
2019,Switzerland,OIL,100
2019,Switzerland,AGR,36.46164
2019,Switzerland,ALP,59.25031
2019,Switzerland,CLO,55.20587
2019,Switzerland,ARM,68.75
2019,Switzerland,IND,60.8298
2020,Switzerland,IND,62.80112
2020,Switzerland,ARM,74.69136
2020,Switzerland,CLO,57.89182
2020,Switzerland,ALP,61.40084
2020,Switzerland,AGR,41.22291
2019,Iceland,ARM,75
2019,Iceland,ALP,73.03457
2020,Iceland,CLO,82.21477
2020,Iceland,TEX,66.66667
2020,Iceland,ARM,15.38462
2020,Iceland,IND,74.73664
2020,Iceland,ALP,73.50056
2020,Iceland,AGR,61.35084
2021,Iceland,CLO,82.97297
2021,Iceland,AGR,61.78248
2021,Iceland,ALP,74.8062
2021,Iceland,ARM,100
2021,Iceland,TEX,72.34848
2010,Slovenia,TEX,68.16917
2010,Slovenia,CLO,40.56725
2010,Slovenia,OIL,100
2010,Slovenia,ALP,59.17693
2010,Slovenia,ARM,78.125
2010,Slovenia,AGR,63.52119
2010,Slovenia,IND,59.74243
2015,Slovenia,IND,68.81547
2015,Slovenia,ARM,68.88889
2015,Slovenia,AGR,71.89371
2015,Slovenia,ALP,68.66214
2015,Slovenia,OIL,100
2015,Slovenia,CLO,54.51092
2020,Switzerland,OIL,100
2020,Switzerland,TEX,62.19944
2021,Switzerland,TEX,64.12389
2021,Switzerland,OIL,66.66667
2021,Switzerland,ALP,63.70923
2021,Switzerland,AGR,44.00773
2021,Switzerland,ARM,76.60819
2021,Switzerland,CLO,63.0567
2021,Switzerland,IND,65.00565
2005,Tajikistan,TEX,42.72727
2005,Tajikistan,CLO,16.66667
2005,Tajikistan,ALP,53.1219
2005,Tajikistan,IND,45.53734
2005,Tajikistan,AGR,86.04651
2005,Tajikistan,OIL,100
2010,Tajikistan,ALP,55.07099
2010,Tajikistan,CLO,44.82759
2010,Tajikistan,AGR,82.37288
2010,Tajikistan,IND,44.22018
2010,Tajikistan,TEX,33.89831
2015,Tajikistan,TEX,41.53846
2015,Tajikistan,IND,47.41036
2015,Tajikistan,AGR,73.13916
2015,Tajikistan,CLO,27.5
2015,Tajikistan,ALP,52.36123
2016,Tajikistan,ALP,51.51771
2016,Tajikistan,AGR,73.98119
2016,Tajikistan,CLO,29.85075
2016,Tajikistan,IND,44.80874
2016,Tajikistan,TEX,39.70588
2017,Tajikistan,TEX,43.43434
2017,Tajikistan,IND,33.56449
2017,Tajikistan,CLO,33.33333
2017,Tajikistan,ALP,45.41139
2017,Tajikistan,AGR,74.2029
2018,Tajikistan,ALP,45.78696
2018,Tajikistan,AGR,75.29412
2018,Tajikistan,CLO,34.34343
2018,Tajikistan,IND,33.75
2015,Slovenia,TEX,77.04218
2016,Slovenia,TEX,73.94578
2016,Slovenia,CLO,52.13115
2016,Slovenia,OIL,100
2016,Slovenia,ARM,71.11111
2016,Slovenia,ALP,67.04023
2016,Slovenia,AGR,70.39523
2016,Slovenia,IND,67.30212
2017,Slovenia,IND,71.94122
2017,Slovenia,AGR,75.55556
2017,Slovenia,ALP,72.09565
2017,Slovenia,ARM,67.21311
2017,Slovenia,OIL,100
2018,Tajikistan,TEX,43.43434
2019,Tajikistan,TEX,43.75
2019,Tajikistan,ARM,0
2019,Tajikistan,IND,46.61309
2019,Tajikistan,CLO,42.01681
2019,Tajikistan,AGR,73.02053
2019,Tajikistan,ALP,52.40793
2020,Tajikistan,ALP,71.75824
2020,Tajikistan,AGR,82.33533
2020,Tajikistan,CLO,34.48276
2020,Tajikistan,IND,75
2020,Tajikistan,TEX,47.82609
2021,Tajikistan,IND,74.27007
2017,Slovenia,CLO,61.32903
2017,Slovenia,TEX,80.2336
2018,Slovenia,TEX,80.33229
2018,Slovenia,CLO,61.76744
2018,Slovenia,ARM,67.21311
2018,Slovenia,ALP,72.40756
2018,Slovenia,AGR,75.41497
2018,Slovenia,IND,72.29702
2018,Slovenia,OIL,100
2019,Slovenia,OIL,100
2019,Slovenia,AGR,75.8914
2019,Slovenia,ALP,70.29386
2019,Slovenia,ARM,69.23077
2021,Tajikistan,ALP,71.44136
2021,Tajikistan,TEX,46.05263
2021,Tajikistan,CLO,52.25225
2021,Tajikistan,AGR,78.01047
2005,Trkiye,AGR,26.66747
2005,Trkiye,TEX,31.25289
2005,Trkiye,OIL,100
2005,Trkiye,IND,34.42315
2005,Trkiye,CLO,23.71067
2005,Trkiye,ARM,43.82022
2005,Trkiye,ALP,32.42738
2010,Trkiye,CLO,26.4513
2010,Trkiye,IND,39.02208
2010,Trkiye,TEX,36.96586
2010,Trkiye,OIL,60
2010,Trkiye,AGR,29.02028
2010,Trkiye,ALP,36.83075
2010,Trkiye,ARM,37
2015,Trkiye,AGR,28.0163
2015,Trkiye,OIL,75
2015,Trkiye,TEX,43.40752
2015,Trkiye,IND,43.77801
2015,Trkiye,CLO,32.69996
2015,Trkiye,ARM,32.09549
2015,Trkiye,ALP,41.39181
2016,Trkiye,ALP,44.33015
2021,Iceland,IND,75.89979
2005,Ireland,ALP,44.68544
2005,Ireland,AGR,28.08449
2005,Ireland,ARM,100
2005,Ireland,IND,47.07407
2005,Ireland,CLO,27.72414
2005,Ireland,TEX,30.00853
2005,Ireland,OIL,100
2010,Ireland,TEX,55.9377
2010,Ireland,OIL,100
2010,Ireland,CLO,51.61905
2010,Ireland,IND,55.13314
2010,Ireland,ARM,61.53846
2016,Trkiye,CLO,34.33886
2016,Trkiye,IND,46.94229
2016,Trkiye,TEX,45.97156
2016,Trkiye,OIL,83.33333
2016,Trkiye,ARM,37.54045
2016,Trkiye,AGR,31.0434
2017,Trkiye,AGR,32.06878
2017,Trkiye,ARM,37.28324
2017,Trkiye,OIL,75
2017,Trkiye,TEX,45.27996
2017,Trkiye,IND,46.1615
2017,Trkiye,CLO,34.42755
2017,Trkiye,ALP,43.83649
2018,Trkiye,ALP,44.60634
2018,Trkiye,CLO,35.47161
2018,Trkiye,IND,46.92784
2018,Trkiye,TEX,45.9114
2018,Trkiye,OIL,75
2018,Trkiye,ARM,37.82991
2018,Trkiye,AGR,32.64791
2019,Trkiye,CLO,33.15648
2019,Trkiye,AGR,29.60731
2019,Trkiye,ARM,34.00504
2019,Trkiye,OIL,90
2019,Trkiye,TEX,44.22751
2019,Trkiye,IND,45.37571
2019,Trkiye,ALP,42.80487
2020,Trkiye,AGR,30.04561
2020,Trkiye,ALP,44.45194
2020,Trkiye,IND,47.33912
2020,Trkiye,TEX,45.9542
2020,Trkiye,OIL,66.66667
2020,Trkiye,CLO,34.40738
2020,Trkiye,ARM,36.65835
2021,Trkiye,ARM,33.87097
2021,Trkiye,CLO,35.05835
2021,Trkiye,OIL,66.66667
2021,Trkiye,IND,50.20632
2021,Trkiye,ALP,46.56887
2021,Trkiye,AGR,30.25048
2021,Trkiye,TEX,46.44408
2005,Turkmenistan,OIL,100
2005,Turkmenistan,TEX,23.33333
2005,Turkmenistan,ALP,53.84615
2005,Turkmenistan,AGR,69.46565
2005,Turkmenistan,CLO,22.42991
2005,Turkmenistan,IND,65.65657
2010,Turkmenistan,CLO,32.77311
2010,Turkmenistan,AGR,72
2010,Turkmenistan,ALP,54.7419
2010,Turkmenistan,IND,64.36782
2010,Turkmenistan,TEX,30.06536
2010,Ireland,AGR,54.40705
2010,Ireland,ALP,55.01051
2015,Ireland,AGR,55.05823
2015,Ireland,ARM,91.66667
2015,Ireland,IND,60.59868
2015,Ireland,TEX,55.23466
2015,Ireland,CLO,54.18583
2015,Ireland,ALP,59.67945
2016,Ireland,CLO,54.31655
2016,Ireland,IND,61.2644
2016,Ireland,TEX,56.05134
2016,Ireland,ARM,86.36364
2016,Ireland,AGR,56.30212
2010,Turkmenistan,OIL,100
2015,Turkmenistan,OIL,100
2015,Turkmenistan,TEX,35.82888
2015,Turkmenistan,IND,65.4649
2015,Turkmenistan,ALP,50.57252
2015,Turkmenistan,CLO,15.51724
2015,Turkmenistan,AGR,56.32911
2016,Turkmenistan,AGR,55.19481
2016,Turkmenistan,CLO,14.60674
2016,Turkmenistan,ALP,42.52427
2016,Turkmenistan,TEX,36.31579
2016,Turkmenistan,IND,50.69307
2016,Turkmenistan,OIL,66.66667
2017,Turkmenistan,OIL,50
2017,Turkmenistan,IND,63.39434
2017,Turkmenistan,TEX,38.04878
2017,Turkmenistan,ALP,55.61545
2017,Turkmenistan,CLO,25.83333
2017,Turkmenistan,AGR,69.18919
2018,Turkmenistan,AGR,69.94536
2018,Turkmenistan,ALP,56.16562
2018,Turkmenistan,TEX,39.23445
2018,Turkmenistan,IND,63.66667
2018,Turkmenistan,OIL,50
2018,Turkmenistan,CLO,26.49573
2019,Turkmenistan,CLO,58.75
2016,Ireland,ALP,60.33823
2017,Ireland,AGR,57.79779
2017,Ireland,ARM,84.61538
2017,Ireland,ALP,63.53006
2017,Ireland,TEX,62.32214
2017,Ireland,CLO,66.26609
2017,Ireland,IND,64.26902
2017,Ireland,OIL,100
2018,Ireland,IND,64.91043
2018,Ireland,CLO,67.74476
2018,Ireland,TEX,62.95662
2018,Ireland,ALP,64.16831
2018,Ireland,ARM,84.61538
2019,Turkmenistan,ARM,0
2019,Turkmenistan,OIL,80
2019,Turkmenistan,IND,67.86156
2019,Turkmenistan,TEX,53.90335
2019,Turkmenistan,ALP,65.41667
2019,Turkmenistan,AGR,71.89781
2020,Turkmenistan,AGR,64.28571
2020,Turkmenistan,ALP,60.45455
2020,Turkmenistan,TEX,50
2020,Turkmenistan,IND,64.92958
2020,Turkmenistan,OIL,71.42857
2020,Turkmenistan,ARM,0
2020,Turkmenistan,CLO,49.13793
2018,Ireland,AGR,58.18524
2018,Ireland,OIL,100
2019,Ireland,AGR,58.98551
2019,Ireland,ARM,92
2019,Ireland,ALP,63.60791
2019,Ireland,TEX,61.735
2019,Ireland,CLO,66.99923
2019,Ireland,OIL,100
2019,Ireland,IND,64.19958
2020,Ireland,AGR,60.29021
2020,Ireland,IND,65.83627
2020,Ireland,OIL,100
2020,Ireland,CLO,62.5
2021,Turkmenistan,CLO,45.06173
2021,Turkmenistan,IND,57.51479
2021,Turkmenistan,TEX,48.62385
2021,Turkmenistan,ALP,55.8933
2021,Turkmenistan,AGR,65.56777
2021,Turkmenistan,OIL,80
2005,Ukraine,IND,65.9226
2005,Ukraine,OIL,100
2005,Ukraine,TEX,44.54023
2005,Ukraine,CLO,14.99395
2005,Ukraine,AGR,69.22374
2005,Ukraine,ALP,62.72286
2005,Ukraine,ARM,40.90909
2010,Ukraine,IND,67.76254
2010,Ukraine,ARM,50
2010,Ukraine,ALP,64.60428
2010,Ukraine,AGR,70.57433
2010,Ukraine,CLO,24.7501
2010,Ukraine,TEX,56.38767
2010,Ukraine,OIL,100
2015,Ukraine,OIL,100
2015,Ukraine,TEX,79.65616
2015,Ukraine,IND,72.93743
2015,Ukraine,AGR,71.39324
2015,Ukraine,ALP,70.22992
2015,Ukraine,ARM,55.17241
2020,Ireland,TEX,63.40111
2020,Ireland,ALP,64.97127
2020,Ireland,ARM,92.85714
2021,Ireland,AGR,67.86858
2021,Ireland,ARM,93.10345
2021,Ireland,ALP,68.59874
2021,Ireland,TEX,68.19338
2021,Ireland,CLO,66.68484
2021,Ireland,OIL,66.66667
2021,Ireland,IND,68.81509
2005,Italy,IND,38.52492
2005,Italy,CLO,25.24527
2005,Italy,ALP,36.51928
2015,Ukraine,CLO,43.77641
2016,Ukraine,IND,72.71723
2016,Ukraine,TEX,78.63014
2016,Ukraine,OIL,100
2016,Ukraine,CLO,43.74406
2016,Ukraine,ARM,60
2016,Ukraine,ALP,69.43238
2016,Ukraine,AGR,68.12715
2017,Ukraine,OIL,66.66667
2017,Ukraine,ARM,67.56757
2017,Ukraine,IND,70.36278
2017,Ukraine,TEX,77.22696
2017,Ukraine,AGR,65.19047
2017,Ukraine,ALP,67.67537
2017,Ukraine,CLO,48.28951
2018,Ukraine,CLO,49.39759
2018,Ukraine,ALP,68.39987
2018,Ukraine,AGR,65.71537
2018,Ukraine,ARM,67.56757
2018,Ukraine,IND,71.05939
2018,Ukraine,TEX,77.70062
2018,Ukraine,OIL,66.66667
2019,Ukraine,OIL,0
2019,Ukraine,AGR,61.74814
2019,Ukraine,ALP,67.73307
2019,Ukraine,CLO,49.19921
2005,Italy,AGR,26.37642
2005,Italy,OIL,100
2005,Italy,TEX,33.84576
2005,Italy,ARM,37.07094
2010,Italy,CLO,28.39124
2010,Italy,IND,43.02652
2010,Italy,ARM,44.0404
2010,Italy,TEX,39.05975
2010,Italy,OIL,40
2010,Italy,AGR,34.34236
2010,Italy,ALP,41.18098
2015,Italy,AGR,39.24875
2015,Italy,OIL,62.5
2019,Ukraine,ARM,58.13953
2019,Ukraine,TEX,76.06534
2019,Ukraine,IND,70.93895
2020,Ukraine,ARM,61.53846
2020,Ukraine,CLO,47.85029
2020,Ukraine,ALP,68.11181
2020,Ukraine,OIL,100
2020,Ukraine,IND,71.62318
2020,Ukraine,TEX,74.28775
2020,Ukraine,AGR,61.16555
2021,Ukraine,AGR,60.49714
2021,Ukraine,TEX,72.61227
2021,Ukraine,IND,70.93379
2015,Italy,TEX,48.56737
2015,Italy,ARM,45.74468
2015,Italy,ALP,48.70784
2015,Italy,CLO,37.7955
2015,Italy,IND,50.58017
2016,Italy,ARM,46.69604
2016,Italy,TEX,48.59746
2016,Italy,OIL,71.42857
2016,Italy,AGR,39.49998
2016,Italy,CLO,37.13457
2016,Italy,ALP,49.52945
2016,Italy,IND,51.73509
2017,Italy,AGR,43.35571
2021,Ukraine,OIL,50
2021,Ukraine,ALP,67.6332
2021,Ukraine,CLO,49.93296
2021,Ukraine,ARM,54.16667
2005,North Macedonia,AGR,74.92378
2005,North Macedonia,ARM,100
2005,North Macedonia,ALP,83.42255
2005,North Macedonia,CLO,59.51595
2005,North Macedonia,TEX,91.85022
2005,North Macedonia,IND,91.74075
2010,North Macedonia,IND,90.36232
2010,North Macedonia,TEX,87.16667
2010,North Macedonia,CLO,42.37191
2017,Italy,OIL,77.77778
2017,Italy,IND,54.58278
2017,Italy,TEX,52.74275
2017,Italy,ARM,51.47929
2017,Italy,ALP,52.91351
2017,Italy,CLO,46.12422
2018,Italy,CLO,47.64904
2018,Italy,ALP,53.49171
2018,Italy,ARM,52.19124
2018,Italy,TEX,52.52602
2018,Italy,IND,55.23269
2018,Italy,OIL,75
2018,Italy,AGR,43.52099
2019,Italy,IND,55.45172
2019,Italy,TEX,53.30012
2019,Italy,OIL,90
2019,Italy,ALP,53.71598
2019,Italy,ARM,56.58436
2019,Italy,CLO,47.46475
2019,Italy,AGR,44.08101
2020,Italy,CLO,50.62981
2020,Italy,ALP,55.70434
2020,Italy,ARM,59.1224
2020,Italy,TEX,56.50599
2020,Italy,IND,57.25907
2020,Italy,OIL,66.66667
2010,North Macedonia,ALP,76.56935
2010,North Macedonia,ARM,33.33333
2010,North Macedonia,AGR,73.9507
2015,North Macedonia,AGR,70.60553
2015,North Macedonia,ALP,70.98678
2015,North Macedonia,ARM,100
2015,North Macedonia,CLO,39.86284
2015,North Macedonia,TEX,83.80503
2015,North Macedonia,IND,85.51339
2016,North Macedonia,IND,86.9291
2016,North Macedonia,ARM,100
2016,North Macedonia,TEX,84.37026
2016,North Macedonia,CLO,41.37785
2016,North Macedonia,ALP,72.31711
2016,North Macedonia,AGR,71.15727
2017,North Macedonia,AGR,71.80143
2017,North Macedonia,ALP,73.20934
2017,North Macedonia,TEX,86.84604
2017,North Macedonia,CLO,42.71552
2017,North Macedonia,ARM,50
2017,North Macedonia,IND,85.72814
2018,North Macedonia,IND,85.68925
2018,North Macedonia,ARM,50
2018,North Macedonia,CLO,43.57858
2018,North Macedonia,ALP,73.48055
2018,North Macedonia,AGR,72.02473
2018,North Macedonia,TEX,86.88525
2019,North Macedonia,TEX,86.7284
2019,North Macedonia,AGR,71.77194
2019,North Macedonia,ALP,72.16232
2019,North Macedonia,CLO,43.07692
2019,North Macedonia,ARM,100
2019,North Macedonia,IND,82.61345
2020,North Macedonia,IND,83.03087
2020,North Macedonia,CLO,47.60257
2020,North Macedonia,ARM,80
2020,North Macedonia,ALP,73.74529
2020,North Macedonia,AGR,71.25878
2020,North Macedonia,TEX,86.81135
2020,Italy,AGR,46.0285
2021,Italy,CLO,60.77841
2021,Italy,AGR,55.64931
2021,Italy,OIL,66.66667
2021,Italy,IND,65.00447
2021,Italy,TEX,65.0597
2021,Italy,ALP,63.82636
2021,Italy,ARM,62.05788
2005,Kazakhstan,OIL,72.72727
2005,Kazakhstan,IND,77.97232
2005,Kazakhstan,TEX,63.75839
2005,Kazakhstan,ALP,76.68371
2005,Kazakhstan,CLO,42.17687
2005,Kazakhstan,ARM,50
2005,Kazakhstan,AGR,80.68006
2010,Kazakhstan,ARM,33.33333
2010,Kazakhstan,CLO,63.56589
2010,Kazakhstan,ALP,77.39152
2010,Kazakhstan,OIL,90
2010,Kazakhstan,TEX,48.18182
2010,Kazakhstan,IND,78.97106
2010,Kazakhstan,AGR,77.5475
2015,Kazakhstan,IND,75.73099
2015,Kazakhstan,TEX,70.16129
2015,Kazakhstan,OIL,92.30769
2015,Kazakhstan,ALP,76.15773
2015,Kazakhstan,CLO,65.625
2015,Kazakhstan,AGR,83.40147
2016,Kazakhstan,CLO,66.4794
2016,Kazakhstan,ALP,75.68857
2016,Kazakhstan,OIL,93.33333
2016,Kazakhstan,AGR,77.07763
2016,Kazakhstan,TEX,69.54887
2016,Kazakhstan,IND,76.56711
2017,Kazakhstan,IND,79.71734
2017,Kazakhstan,TEX,80.12048
2017,Kazakhstan,OIL,93.75
2017,Kazakhstan,AGR,76.77054
2017,Kazakhstan,ALP,78.64713
2017,Kazakhstan,CLO,67.39606
2017,Kazakhstan,ARM,50
2018,Kazakhstan,ARM,50
2018,Kazakhstan,ALP,78.8274
2018,Kazakhstan,AGR,76.98925
2018,Kazakhstan,OIL,93.75
2018,Kazakhstan,CLO,67.39606
2018,Kazakhstan,TEX,80
2018,Kazakhstan,IND,79.9184
2019,Kazakhstan,IND,83.44941
2019,Kazakhstan,CLO,65.23973
2019,Kazakhstan,OIL,82.35294
2019,Kazakhstan,AGR,81.91549
2019,Kazakhstan,ALP,82.01311
2019,Kazakhstan,ARM,50
2019,Kazakhstan,TEX,78.90819
2020,Kazakhstan,TEX,82.64463
2020,Kazakhstan,ARM,25
2020,Kazakhstan,ALP,83.45014
2020,Kazakhstan,AGR,80.36876
2020,Kazakhstan,OIL,76.47059
2020,Kazakhstan,CLO,64.08318
2020,Kazakhstan,IND,85.53625
2021,Kazakhstan,IND,86.14897
2021,Kazakhstan,CLO,61.52717
2021,Kazakhstan,OIL,64.28571
2021,North Macedonia,CLO,48.76543
2021,North Macedonia,IND,82.48344
2021,North Macedonia,TEX,86.00311
2021,North Macedonia,AGR,68.33246
2021,North Macedonia,ALP,73.53464
2021,North Macedonia,ARM,71.42857
2005,Uzbekistan,AGR,73.58185
2005,Uzbekistan,ALP,69.73258
2005,Uzbekistan,TEX,36.63664
2005,Uzbekistan,CLO,46.45161
2005,Uzbekistan,IND,78.7234
2010,Uzbekistan,IND,77.25041
2010,Uzbekistan,CLO,74.63415
2010,Uzbekistan,OIL,0
2010,Uzbekistan,TEX,57.06522
2010,Uzbekistan,ALP,74.3951
2010,Uzbekistan,AGR,75.75758
2015,Uzbekistan,AGR,76.92308
2015,Uzbekistan,ARM,0
2015,Uzbekistan,ALP,79.0095
2015,Uzbekistan,TEX,62.19512
2015,Uzbekistan,IND,84.228
2015,Uzbekistan,CLO,82.12928
2016,Uzbekistan,CLO,81.69014
2016,Uzbekistan,IND,83.17972
2016,Uzbekistan,TEX,62.96296
2021,Kazakhstan,AGR,82.65985
2021,Kazakhstan,ARM,0
2021,Kazakhstan,ALP,83.89984
2021,Kazakhstan,TEX,81.61926
2005,Kyrgyzstan,AGR,79.05138
2005,Kyrgyzstan,ARM,50
2005,Kyrgyzstan,IND,73.86594
2005,Kyrgyzstan,CLO,42.08333
2005,Kyrgyzstan,ALP,71.78406
2005,Kyrgyzstan,TEX,74.65753
2010,Kyrgyzstan,TEX,72.61905
2010,Kyrgyzstan,ALP,82.02429
2010,Kyrgyzstan,CLO,83.27402
2016,Uzbekistan,ARM,0
2016,Uzbekistan,ALP,77.65428
2016,Uzbekistan,AGR,74.12429
2017,Uzbekistan,AGR,73.50993
2017,Uzbekistan,ARM,100
2017,Uzbekistan,ALP,77.66842
2017,Uzbekistan,TEX,69.20474
2017,Uzbekistan,IND,82.85068
2017,Uzbekistan,CLO,75.6691
2018,Uzbekistan,CLO,75.6691
2018,Uzbekistan,IND,82.93127
2018,Uzbekistan,TEX,69.43973
2018,Uzbekistan,ALP,77.8193
2018,Uzbekistan,ARM,100
2018,Uzbekistan,AGR,73.79719
2019,Uzbekistan,AGR,73.69085
2019,Uzbekistan,ARM,100
2019,Uzbekistan,ALP,75.66708
2019,Uzbekistan,TEX,66.37931
2019,Uzbekistan,CLO,62.27462
2019,Uzbekistan,IND,82.89375
2020,Uzbekistan,CLO,69.53955
2020,Uzbekistan,TEX,71.69811
2020,Uzbekistan,OIL,0
2020,Uzbekistan,IND,84.96141
2020,Uzbekistan,ALP,77.63809
2010,Kyrgyzstan,AGR,83.36222
2010,Kyrgyzstan,IND,82.32848
2010,Kyrgyzstan,OIL,100
2015,Kyrgyzstan,IND,80.25114
2015,Kyrgyzstan,AGR,71.32353
2015,Kyrgyzstan,CLO,77.98742
2015,Kyrgyzstan,ALP,76.08555
2015,Kyrgyzstan,TEX,56
2016,Kyrgyzstan,ALP,80.8563
2016,Kyrgyzstan,CLO,85.38813
2016,Kyrgyzstan,IND,83.6214
2016,Kyrgyzstan,AGR,72.86652
2016,Kyrgyzstan,TEX,75.88652
2017,Kyrgyzstan,ARM,0
2017,Kyrgyzstan,AGR,75.47529
2017,Kyrgyzstan,IND,85.12556
2017,Kyrgyzstan,OIL,100
2017,Kyrgyzstan,CLO,87.67677
2017,Kyrgyzstan,ALP,82.94181
2017,Kyrgyzstan,TEX,73.82199
2018,Kyrgyzstan,TEX,75.39267
2018,Kyrgyzstan,ALP,83.3939
2018,Kyrgyzstan,CLO,88.23529
2018,Kyrgyzstan,OIL,100
2018,Kyrgyzstan,IND,85.52888
2018,Kyrgyzstan,ARM,0
2018,Kyrgyzstan,AGR,75.61905
2019,Kyrgyzstan,AGR,74.86979
2019,Kyrgyzstan,IND,91.16694
2019,Kyrgyzstan,OIL,100
2019,Kyrgyzstan,CLO,90.44944
2019,Kyrgyzstan,ARM,0
2019,Kyrgyzstan,ALP,87.09759
2019,Kyrgyzstan,TEX,75.74257
2020,Kyrgyzstan,TEX,78.15534
2020,Kyrgyzstan,ALP,88.39331
2020,Kyrgyzstan,AGR,79.34322
2020,Kyrgyzstan,ARM,33.33333
2020,Kyrgyzstan,CLO,89.34783
2020,Kyrgyzstan,OIL,100
2020,Kyrgyzstan,IND,92.81411
2021,Kyrgyzstan,OIL,100
2021,Kyrgyzstan,IND,92.2499
2021,Kyrgyzstan,ALP,88.15395
2021,Kyrgyzstan,CLO,83.62069
2021,Kyrgyzstan,ARM,0
2021,Kyrgyzstan,AGR,81.71369
2021,Kyrgyzstan,TEX,82.50951
2005,Latvia,AGR,16.27409
2005,Latvia,ALP,34.89166
2005,Latvia,TEX,30.01949
2005,Latvia,ARM,0
2005,Latvia,CLO,33.53511
2005,Latvia,IND,37.39607
2010,Latvia,IND,64.90691
2010,Latvia,CLO,48.23529
2010,Latvia,ARM,87.5
2010,Latvia,OIL,100
2010,Latvia,TEX,61.7
2010,Latvia,ALP,63.88522
2010,Latvia,AGR,70.18846
2015,Latvia,AGR,67.05513
2015,Latvia,ALP,65.75145
2015,Latvia,TEX,64.94096
2015,Latvia,ARM,90.90909
2015,Latvia,CLO,56.33626
2015,Latvia,IND,66.62302
2015,Latvia,OIL,100
2016,Latvia,IND,68.48588
2016,Latvia,OIL,100
2016,Latvia,CLO,54.02161
2016,Latvia,ARM,91.66667
2016,Latvia,TEX,62.90036
2016,Latvia,ALP,66.90748
2016,Latvia,AGR,68.83295
2017,Latvia,CLO,60.63269
2017,Latvia,OIL,100
2017,Latvia,IND,71.54693
2017,Latvia,AGR,72.87873
2017,Latvia,ALP,70.67652
2017,Latvia,TEX,67.98803
2017,Latvia,ARM,95.83333
2018,Latvia,IND,71.78421
2018,Latvia,OIL,100
2018,Latvia,ARM,95.83333
2018,Latvia,CLO,61.25222
2018,Latvia,TEX,68.36582
2018,Latvia,ALP,70.90287
2018,Latvia,AGR,72.74525
2019,Latvia,AGR,69.3646
2019,Latvia,ALP,68.13292
2019,Latvia,TEX,68.1924
2019,Latvia,ARM,100
2019,Latvia,OIL,100
2019,Latvia,IND,68.6761
2019,Latvia,CLO,60.46777
2020,Latvia,OIL,100
2020,Latvia,TEX,70.86559
2020,Latvia,ARM,94.44444
2020,Latvia,ALP,72.24589
2020,Latvia,AGR,71.90731
2020,Latvia,IND,73.52335
2020,Latvia,CLO,60.44905
2021,Latvia,AGR,73.79287
2021,Latvia,ALP,72.21512
2021,Latvia,ARM,100
2021,Latvia,IND,73.0131
2021,Latvia,TEX,69.57364
2021,Latvia,OIL,100
2021,Latvia,CLO,63.55932
2016,Liechtenstein,IND,0
2016,Liechtenstein,ALP,0
2017,Liechtenstein,ALP,62.12121
2017,Liechtenstein,IND,62.20472
2017,Liechtenstein,CLO,0
2017,Liechtenstein,TEX,100
2017,Liechtenstein,AGR,0
2018,Liechtenstein,TEX,100
2018,Liechtenstein,CLO,0
2018,Liechtenstein,IND,62.20472
2018,Liechtenstein,AGR,0
2018,Liechtenstein,ALP,62.12121
2019,Liechtenstein,AGR,100
2019,Liechtenstein,ALP,51.72414
2019,Liechtenstein,IND,50.58824
2019,Liechtenstein,TEX,100
2020,Liechtenstein,IND,3.33333
2020,Liechtenstein,ALP,3.33333
2021,Liechtenstein,ALP,2.85714
2021,Liechtenstein,IND,2.85714
2005,Lithuania,AGR,13.56421
2005,Lithuania,ALP,36.58559
2005,Lithuania,ARM,33.33333
2005,Lithuania,CLO,30.84975
2005,Lithuania,IND,39.8052
2005,Lithuania,TEX,36.75214
2010,Lithuania,TEX,56.46707
2010,Lithuania,CLO,42.05202
2010,Lithuania,IND,59.98996
2010,Lithuania,OIL,100
2010,Lithuania,ALP,58.271
2010,Lithuania,AGR,61.8705
2010,Lithuania,ARM,100
2015,Lithuania,ARM,86.95652
2015,Lithuania,AGR,61.76567
2015,Lithuania,ALP,59.67222
2015,Lithuania,OIL,100
2015,Lithuania,IND,61.69319
2015,Lithuania,CLO,44.67425
2015,Lithuania,TEX,56.52605
2016,Lithuania,TEX,57.65054
2016,Lithuania,CLO,44.79918
2016,Lithuania,IND,64.98087
2016,Lithuania,OIL,100
2016,Lithuania,AGR,61.88312
2016,Lithuania,ARM,86.95652
2016,Lithuania,ALP,61.96267
2017,Lithuania,ARM,95.65217
2017,Lithuania,AGR,63.45609
2017,Lithuania,ALP,65.47579
2017,Lithuania,OIL,100
2017,Lithuania,CLO,53.91221
2017,Lithuania,IND,67.44118
2017,Lithuania,TEX,63.82536
2018,Lithuania,TEX,64.17848
2018,Lithuania,CLO,54.63083
2018,Lithuania,OIL,100
2018,Lithuania,IND,67.50942
2018,Lithuania,ALP,65.60103
2018,Lithuania,AGR,63.14121
2018,Lithuania,ARM,95.65217
2019,Lithuania,ARM,96.15385
2019,Lithuania,AGR,62.39933
2019,Lithuania,ALP,62.97858
2019,Lithuania,IND,64.04468
2019,Lithuania,OIL,100
2019,Lithuania,CLO,55.57252
2019,Lithuania,TEX,62.13311
2020,Lithuania,TEX,65.11254
2020,Lithuania,CLO,58.01478
2020,Lithuania,OIL,100
2020,Lithuania,IND,67.92558
2020,Lithuania,ALP,66.3034
2020,Lithuania,ARM,86.2069
2020,Lithuania,AGR,62.40713
2021,Lithuania,AGR,66.05964
2021,Lithuania,ALP,67.73268
2021,Lithuania,IND,68.87212
2021,Lithuania,OIL,100
2021,Lithuania,CLO,60.9147
2021,Lithuania,TEX,66.66667
2021,Lithuania,ARM,93.10345
2005,Luxembourg,ALP,47.16252
2005,Luxembourg,AGR,21.35922
2005,Luxembourg,ARM,60
2005,Luxembourg,TEX,35.75949
2005,Luxembourg,CLO,38.0597
2005,Luxembourg,IND,48.47689
2010,Luxembourg,CLO,85.80122
2010,Luxembourg,IND,63.68296
2010,Luxembourg,OIL,100
2010,Luxembourg,TEX,68.45329
2010,Luxembourg,ARM,84.61538
2010,Luxembourg,ALP,66.43492
2010,Luxembourg,AGR,85.50388
2015,Luxembourg,AGR,77.77778
2015,Luxembourg,ALP,69.0087
2015,Luxembourg,ARM,59.09091
2015,Luxembourg,TEX,69.30091
2015,Luxembourg,OIL,100
2015,Luxembourg,IND,67.5781
2015,Luxembourg,CLO,87.78947
2016,Luxembourg,CLO,87.20472
2016,Luxembourg,IND,67.65041
2016,Luxembourg,OIL,100
2016,Luxembourg,TEX,69.09091
2016,Luxembourg,ALP,69.11403
2016,Luxembourg,AGR,76.82584
2016,Luxembourg,ARM,93.75
2017,Luxembourg,ARM,100
2017,Luxembourg,AGR,66.42032
2017,Luxembourg,ALP,69.94962
2017,Luxembourg,TEX,74.13174
2017,Luxembourg,IND,69.63279
2017,Luxembourg,CLO,87.94926
2017,Luxembourg,OIL,100
2018,Luxembourg,OIL,100
2018,Luxembourg,ARM,100
2018,Luxembourg,TEX,74.06963
2018,Luxembourg,CLO,88.55932
2018,Luxembourg,IND,70.14784
2018,Luxembourg,ALP,70.30715
2018,Luxembourg,AGR,65.62795
2019,Luxembourg,AGR,70.42781
2019,Luxembourg,ALP,66.70209
2019,Luxembourg,IND,65.52036
2019,Luxembourg,OIL,100
2019,Luxembourg,CLO,83.63309
2019,Luxembourg,ARM,100
2019,Luxembourg,TEX,69.93197
2020,Luxembourg,TEX,71.27223
2020,Luxembourg,ARM,95
2020,Luxembourg,OIL,100
2020,Luxembourg,CLO,82.1875
2020,Luxembourg,IND,66.39149
2020,Luxembourg,ALP,68.19771
2020,Luxembourg,AGR,77.81532
2021,Luxembourg,AGR,77.3639
2021,Luxembourg,ALP,68.84266
2021,Luxembourg,IND,67.24634
2021,Luxembourg,CLO,79.77778
2021,Luxembourg,ARM,100
2021,Luxembourg,TEX,72.1519
2005,Malta,IND,52.83678
2005,Malta,CLO,30.04115
2005,Malta,TEX,34.54545
2005,Malta,AGR,17.23238
2005,Malta,ALP,47.75941
2010,Malta,AGR,47.22222
2010,Malta,ALP,59.6
2010,Malta,TEX,54.43787
2010,Malta,ARM,100
2010,Malta,CLO,60.25
2010,Malta,IND,61.06792
2015,Malta,CLO,51.03359
2015,Malta,ARM,64.28571
2015,Malta,ALP,68.12057
2015,Malta,AGR,53.11526
2015,Malta,OIL,100
2015,Malta,TEX,62.7907
2015,Malta,IND,71.64661
2016,Malta,ALP,66.10265
2016,Malta,OIL,50
2016,Malta,AGR,56.03604
2016,Malta,ARM,100
2016,Malta,TEX,65.42056
2016,Malta,CLO,45.47945
2016,Malta,IND,69.7995
2017,Malta,ALP,73.38163
2017,Malta,OIL,100
2017,Malta,IND,73.78489
2017,Malta,CLO,67.55556
2017,Malta,TEX,77.33333
2017,Malta,ARM,88.88889
2017,Malta,AGR,71.77914
2018,Malta,ALP,74.01016
2018,Malta,AGR,71.73913
2018,Malta,OIL,100
2018,Malta,IND,74.46748
2018,Malta,ARM,88.88889
2018,Malta,TEX,78.57143
2018,Malta,CLO,68.15145
2019,Malta,CLO,71.83463
2019,Malta,OIL,50
2019,Malta,TEX,73.11321
2019,Malta,ARM,31.25
2019,Malta,IND,71.35569
2019,Malta,AGR,69.72586
2019,Malta,ALP,71.17605
2020,Malta,TEX,60.78431
2020,Malta,OIL,50
2020,Malta,CLO,66.89038
2020,Malta,AGR,66.03563
2020,Malta,ARM,100
2020,Malta,IND,65.69566
2020,Malta,ALP,65.66081
2021,Malta,CLO,66.46059
2021,Malta,OIL,0
2021,Malta,TEX,66.78201
2021,Malta,ALP,68.00636
2021,Malta,IND,68.45016
2021,Malta,ARM,57.14286
2021,Malta,AGR,65.2602
2005,Republic of Moldova,IND,92.95455
2005,Republic of Moldova,CLO,51.87406
2005,Republic of Moldova,TEX,88.95522
2005,Republic of Moldova,AGR,80.84507
2005,Republic of Moldova,ALP,82.07473
2010,Republic of Moldova,ARM,100
2010,Republic of Moldova,IND,89.39041
2010,Republic of Moldova,ALP,72.77628
2010,Republic of Moldova,AGR,83.13253
2010,Republic of Moldova,TEX,79.95169
2010,Republic of Moldova,CLO,42.77846
2015,Republic of Moldova,CLO,36.52947
2015,Republic of Moldova,TEX,72.39915
2015,Republic of Moldova,IND,83.1422
2015,Republic of Moldova,ARM,100
2015,Republic of Moldova,AGR,83.11688
2015,Republic of Moldova,ALP,66.72935
2016,Republic of Moldova,ALP,64.88002
2016,Republic of Moldova,AGR,79.85866
2016,Republic of Moldova,ARM,100
2016,Republic of Moldova,CLO,33.19347
2016,Republic of Moldova,TEX,69.10891
2016,Republic of Moldova,IND,83.41556
2017,Republic of Moldova,AGR,76.97959
2017,Republic of Moldova,IND,83.6518
2017,Republic of Moldova,TEX,70.58824
2017,Republic of Moldova,CLO,40.13799
2017,Republic of Moldova,ALP,66.31891
2018,Republic of Moldova,AGR,77.26524
2018,Republic of Moldova,ALP,67.05128
2018,Republic of Moldova,CLO,41.29353
2018,Republic of Moldova,IND,83.70028
2018,Republic of Moldova,TEX,71.97232
2019,Republic of Moldova,TEX,71.15385
2019,Republic of Moldova,IND,84.12273
2019,Republic of Moldova,OIL,100
2019,Republic of Moldova,CLO,41.46434
2019,Republic of Moldova,ALP,67.95342
2019,Republic of Moldova,AGR,78.48792
2020,Republic of Moldova,AGR,77.27273
2020,Republic of Moldova,ALP,69.65033
2020,Republic of Moldova,CLO,43.59743
2020,Republic of Moldova,OIL,100
2020,Republic of Moldova,IND,85.03912
2020,Republic of Moldova,TEX,72.48201
2021,Republic of Moldova,TEX,70.1278
2021,Republic of Moldova,IND,81.43906
2021,Republic of Moldova,OIL,100
2021,Republic of Moldova,CLO,42.41324
2021,Republic of Moldova,ALP,66.87939
2021,Republic of Moldova,AGR,73.66038
2010,Montenegro,ARM,100
2010,Montenegro,AGR,92.02658
2010,Montenegro,ALP,89.04261
2010,Montenegro,IND,89.34123
2010,Montenegro,CLO,75.86207
2010,Montenegro,TEX,94.28571
2015,Montenegro,AGR,86.07595
2015,Montenegro,ARM,80
2015,Montenegro,IND,89.37876
2015,Montenegro,CLO,83.07692
2015,Montenegro,TEX,88.88889
2015,Montenegro,ALP,88.58781
2016,Montenegro,ALP,90.0161
2016,Montenegro,AGR,88.23529
2016,Montenegro,TEX,86.48649
2016,Montenegro,ARM,80
2016,Montenegro,CLO,79.71014
2016,Montenegro,IND,90.97744
2017,Montenegro,IND,87.45571
2017,Montenegro,CLO,82.35294
2017,Montenegro,ARM,50
2017,Montenegro,TEX,69.04762
2017,Montenegro,ALP,86.87534
2017,Montenegro,AGR,87.91946
2018,Montenegro,ALP,87.19076
2018,Montenegro,AGR,88.21549
2018,Montenegro,TEX,69.76744
2018,Montenegro,ARM,50
2018,Montenegro,IND,87.79276
2018,Montenegro,CLO,82.35294
2019,Montenegro,CLO,77.51938
2019,Montenegro,IND,84.8537
2019,Montenegro,ARM,83.33333
2019,Montenegro,AGR,81.17647
2019,Montenegro,TEX,79.10448
2019,Montenegro,ALP,83.71991
2020,Montenegro,ALP,85.24955
2020,Montenegro,AGR,77.74725
2020,Montenegro,ARM,42.85714
2020,Montenegro,CLO,73.21429
2020,Montenegro,IND,88.23174
2020,Montenegro,TEX,87.5
2021,Montenegro,TEX,70.58824
2021,Montenegro,IND,84.17306
2021,Montenegro,CLO,69.64286
2021,Montenegro,ARM,45.45455
2021,Montenegro,AGR,80.6366
2021,Montenegro,ALP,82.08163
2021,Greece,ALP,69.97861
2021,Greece,ARM,81.25
2021,Greece,AGR,62.73063
2021,Greece,OIL,100
2021,Greece,TEX,71.69675
2021,Greece,CLO,61.96399
2021,Greece,IND,72.29039
2020,Uzbekistan,ARM,50
2020,Uzbekistan,AGR,69.98022
2021,Uzbekistan,AGR,72.31909
2021,Uzbekistan,ARM,75
2021,Uzbekistan,ALP,77.7437
2021,Uzbekistan,OIL,0
2021,Uzbekistan,IND,85.05818
2021,Uzbekistan,CLO,62.97539
2021,Uzbekistan,TEX,68.081
2019,Slovenia,CLO,60.69674
2019,Slovenia,IND,69.99005
2019,Slovenia,TEX,77.70942
2019,Slovenia,TEX,77.70942