Year,GeoAreaName,Type of renewable technology,Value
2000,Albania,BIOENERGY,0
2000,Albania,GEOTHERMAL,0
2000,Albania,WIND,0
2000,Albania,HYDROPOWER,0.16
2000,Albania,ALL,0.16
2000,Albania,MARINE,0
2000,Albania,MULTIPLE,0
2000,Albania,SOLAR,0
2001,Albania,BIOENERGY,0
2001,Albania,MULTIPLE,0
2001,Albania,WIND,0
2001,Albania,GEOTHERMAL,0
2001,Albania,SOLAR,0
2001,Albania,HYDROPOWER,331.85
2001,Albania,MARINE,0
2001,Albania,ALL,331.85
2002,Albania,MARINE,0
2002,Albania,MULTIPLE,0
2002,Albania,GEOTHERMAL,0
2002,Albania,BIOENERGY,0
2002,Albania,ALL,3.74
2002,Albania,WIND,0
2002,Albania,HYDROPOWER,3.74
2002,Albania,SOLAR,0
2003,Albania,WIND,0
2003,Albania,GEOTHERMAL,0
2003,Albania,SOLAR,0
2003,Albania,HYDROPOWER,0.19
2003,Albania,ALL,0.19
2003,Albania,MULTIPLE,0
2010,Azerbaijan,GEOTHERMAL,0
2010,Azerbaijan,ALL,192.19
2010,Azerbaijan,WIND,0
2010,Azerbaijan,HYDROPOWER,0
2010,Azerbaijan,SOLAR,0
2000,Armenia,MULTIPLE,0
2000,Armenia,HYDROPOWER,0
2000,Armenia,SOLAR,0
2000,Armenia,WIND,0
2000,Armenia,BIOENERGY,0
2000,Azerbaijan,WIND,0
2000,Azerbaijan,SOLAR,0
2000,Azerbaijan,MARINE,0
2000,Azerbaijan,MULTIPLE,4.94
2000,Azerbaijan,HYDROPOWER,0
2000,Armenia,GEOTHERMAL,0
2000,Armenia,ALL,0
2000,Armenia,MARINE,0
2001,Armenia,BIOENERGY,0
2001,Armenia,HYDROPOWER,7.96
2003,Albania,BIOENERGY,0
2003,Albania,MARINE,0
2004,Albania,ALL,0
2004,Albania,HYDROPOWER,0
2004,Albania,SOLAR,0
2001,Armenia,SOLAR,0
2001,Armenia,GEOTHERMAL,0
2001,Armenia,WIND,0
2001,Armenia,MULTIPLE,0
2001,Armenia,MARINE,0
2010,Azerbaijan,MULTIPLE,192.19
2010,Azerbaijan,MARINE,0
2010,Azerbaijan,BIOENERGY,0
2011,Azerbaijan,HYDROPOWER,0
2011,Azerbaijan,WIND,0
2004,Albania,MARINE,0
2004,Albania,BIOENERGY,0
2004,Albania,MULTIPLE,0
2004,Albania,GEOTHERMAL,0
2004,Albania,WIND,0
2001,Armenia,ALL,7.96
2002,Armenia,GEOTHERMAL,0
2002,Armenia,ALL,0.05
2002,Armenia,MARINE,0
2002,Armenia,MULTIPLE,0.05
2011,Azerbaijan,MULTIPLE,0.02
2011,Azerbaijan,ALL,0.02
2011,Azerbaijan,GEOTHERMAL,0
2011,Azerbaijan,MARINE,0
2011,Azerbaijan,SOLAR,0
2002,Armenia,SOLAR,0
2002,Armenia,HYDROPOWER,0
2002,Armenia,WIND,0
2002,Armenia,BIOENERGY,0
2003,Armenia,GEOTHERMAL,0
2011,Azerbaijan,BIOENERGY,0
2012,Azerbaijan,BIOENERGY,0
2012,Azerbaijan,SOLAR,0
2012,Azerbaijan,MARINE,0
2012,Azerbaijan,GEOTHERMAL,0
2003,Armenia,HYDROPOWER,0
2003,Armenia,MARINE,0
2003,Armenia,ALL,2.82
2003,Armenia,BIOENERGY,0.2
2003,Armenia,MULTIPLE,2.62
2012,Azerbaijan,ALL,0
2012,Azerbaijan,MULTIPLE,0
2012,Azerbaijan,WIND,0
2012,Azerbaijan,HYDROPOWER,0
2013,Azerbaijan,MARINE,0
2003,Armenia,WIND,0
2003,Armenia,SOLAR,0
2004,Armenia,WIND,0
2004,Armenia,HYDROPOWER,0
2004,Armenia,GEOTHERMAL,0
2013,Azerbaijan,SOLAR,0
2013,Azerbaijan,GEOTHERMAL,0
2013,Azerbaijan,BIOENERGY,0
2013,Azerbaijan,ALL,0
2013,Azerbaijan,HYDROPOWER,0
2004,Armenia,ALL,10.7
2004,Armenia,SOLAR,0
2004,Armenia,MARINE,0
2004,Armenia,MULTIPLE,10.7
2004,Armenia,BIOENERGY,0
2013,Azerbaijan,WIND,0
2013,Azerbaijan,MULTIPLE,0
2014,Azerbaijan,HYDROPOWER,0
2014,Azerbaijan,SOLAR,0
2014,Azerbaijan,GEOTHERMAL,0
2005,Armenia,MULTIPLE,2.55
2005,Armenia,ALL,3.03
2005,Armenia,BIOENERGY,0.48
2005,Armenia,MARINE,0
2005,Armenia,WIND,0
2005,Albania,SOLAR,0.45
2005,Albania,HYDROPOWER,20.13
2005,Albania,ALL,20.57
2005,Albania,BIOENERGY,0
2005,Albania,MARINE,0
2014,Azerbaijan,MARINE,0
2014,Azerbaijan,MULTIPLE,0.02
2014,Azerbaijan,ALL,0.02
2014,Azerbaijan,BIOENERGY,0
2014,Azerbaijan,WIND,0
2000,Azerbaijan,GEOTHERMAL,0
2000,Azerbaijan,ALL,4.94
2000,Azerbaijan,BIOENERGY,0
2001,Azerbaijan,GEOTHERMAL,0
2001,Azerbaijan,BIOENERGY,0
2005,Armenia,GEOTHERMAL,0
2005,Armenia,HYDROPOWER,0
2005,Armenia,SOLAR,0
2006,Armenia,WIND,0
2006,Armenia,MARINE,0
2015,Azerbaijan,MULTIPLE,0.01
2015,Azerbaijan,MARINE,0
2015,Azerbaijan,SOLAR,0
2015,Azerbaijan,BIOENERGY,0
2015,Azerbaijan,ALL,79.71
2005,Albania,WIND,0
2005,Albania,GEOTHERMAL,0
2005,Albania,MULTIPLE,0
2006,Albania,GEOTHERMAL,0
2006,Albania,WIND,0
2006,Armenia,BIOENERGY,0.44
2006,Armenia,SOLAR,0
2006,Armenia,HYDROPOWER,7.77
2006,Armenia,GEOTHERMAL,0
2006,Armenia,ALL,13.77
2015,Azerbaijan,GEOTHERMAL,0
2015,Azerbaijan,HYDROPOWER,79.71
2015,Azerbaijan,WIND,0
2016,Azerbaijan,BIOENERGY,0
2016,Azerbaijan,WIND,0
2006,Armenia,MULTIPLE,5.55
2007,Armenia,BIOENERGY,1.55
2007,Armenia,MULTIPLE,0
2007,Armenia,WIND,0
2007,Armenia,SOLAR,0
2016,Azerbaijan,GEOTHERMAL,0
2016,Azerbaijan,ALL,0.01
2016,Azerbaijan,HYDROPOWER,0
2016,Azerbaijan,SOLAR,0
2016,Azerbaijan,MULTIPLE,0.01
2006,Albania,ALL,0
2006,Albania,HYDROPOWER,0
2006,Albania,SOLAR,0
2006,Albania,MARINE,0
2006,Albania,BIOENERGY,0
2007,Armenia,HYDROPOWER,0
2007,Armenia,MARINE,0
2007,Armenia,ALL,1.55
2007,Armenia,GEOTHERMAL,0
2008,Armenia,MARINE,0
2008,Armenia,MULTIPLE,0
2008,Armenia,WIND,0
2008,Armenia,BIOENERGY,0
2008,Armenia,SOLAR,0
2008,Armenia,HYDROPOWER,0.09
2016,Azerbaijan,MARINE,0
2017,Azerbaijan,WIND,0
2017,Azerbaijan,HYDROPOWER,0
2017,Azerbaijan,MULTIPLE,0.02
2017,Azerbaijan,SOLAR,0
2006,Albania,MULTIPLE,0
2007,Albania,BIOENERGY,0
2007,Albania,MARINE,0
2007,Albania,GEOTHERMAL,0
2007,Albania,MULTIPLE,1.59
2008,Armenia,GEOTHERMAL,0
2008,Armenia,ALL,0.09
2009,Armenia,GEOTHERMAL,0
2009,Armenia,HYDROPOWER,0.24
2009,Armenia,MULTIPLE,0
2009,Armenia,ALL,0.41
2009,Armenia,SOLAR,0
2009,Armenia,BIOENERGY,0.17
2009,Armenia,MARINE,0
2009,Armenia,WIND,0
2017,Azerbaijan,MARINE,0
2017,Azerbaijan,BIOENERGY,0
2017,Azerbaijan,ALL,0.02
2017,Azerbaijan,GEOTHERMAL,0
2018,Azerbaijan,GEOTHERMAL,0
2010,Armenia,HYDROPOWER,24.24
2010,Armenia,GEOTHERMAL,0
2010,Armenia,ALL,95.91
2010,Armenia,MULTIPLE,71.67
2010,Armenia,WIND,0
2018,Azerbaijan,BIOENERGY,0
2018,Azerbaijan,MARINE,0
2018,Azerbaijan,ALL,0
2018,Azerbaijan,HYDROPOWER,0
2018,Azerbaijan,WIND,0
2018,Azerbaijan,SOLAR,0
2018,Azerbaijan,MULTIPLE,0
2019,Azerbaijan,MULTIPLE,0.01
2019,Azerbaijan,SOLAR,0
2019,Azerbaijan,MARINE,0
2007,Albania,SOLAR,0
2007,Albania,HYDROPOWER,0
2007,Albania,WIND,0
2007,Albania,ALL,1.59
2008,Albania,BIOENERGY,0
2019,Azerbaijan,GEOTHERMAL,0
2019,Azerbaijan,ALL,0.01
2019,Azerbaijan,WIND,0
2019,Azerbaijan,HYDROPOWER,0
2019,Azerbaijan,BIOENERGY,0
2010,Armenia,SOLAR,0
2010,Armenia,MARINE,0
2010,Armenia,BIOENERGY,0
2011,Armenia,ALL,0.87
2011,Armenia,GEOTHERMAL,0
2020,Azerbaijan,SOLAR,0
2020,Azerbaijan,MULTIPLE,0.01
2020,Azerbaijan,ALL,0.01
2020,Azerbaijan,GEOTHERMAL,0
2020,Azerbaijan,MARINE,0
2008,Albania,MULTIPLE,0
2008,Albania,GEOTHERMAL,0
2008,Albania,WIND,0
2008,Albania,ALL,0
2008,Albania,MARINE,0
2011,Armenia,MARINE,0
2011,Armenia,MULTIPLE,0
2011,Armenia,BIOENERGY,0.1
2011,Armenia,HYDROPOWER,0.77
2011,Armenia,WIND,0
2020,Azerbaijan,BIOENERGY,0
2020,Azerbaijan,HYDROPOWER,0
2020,Azerbaijan,WIND,0
2021,Azerbaijan,MARINE,0
2021,Azerbaijan,GEOTHERMAL,0
2011,Armenia,SOLAR,0
2012,Armenia,SOLAR,0
2012,Armenia,WIND,0
2012,Armenia,BIOENERGY,0
2012,Armenia,HYDROPOWER,24.22
2001,Azerbaijan,SOLAR,0
2001,Azerbaijan,ALL,0
2001,Azerbaijan,HYDROPOWER,0
2001,Azerbaijan,MULTIPLE,0
2001,Azerbaijan,WIND,0
2012,Armenia,GEOTHERMAL,0
2012,Armenia,ALL,76.67
2012,Armenia,MULTIPLE,52.44
2012,Armenia,MARINE,0
2013,Armenia,MARINE,0
2013,Armenia,MULTIPLE,0
2013,Armenia,BIOENERGY,0
2013,Armenia,WIND,0
2013,Armenia,SOLAR,0
2013,Armenia,ALL,26.6
2021,Azerbaijan,ALL,0.01
2021,Azerbaijan,HYDROPOWER,0
2021,Azerbaijan,BIOENERGY,0
2021,Azerbaijan,MULTIPLE,0.01
2021,Azerbaijan,SOLAR,0
2013,Armenia,GEOTHERMAL,0
2013,Armenia,HYDROPOWER,26.6
2014,Armenia,MULTIPLE,0.01
2014,Armenia,MARINE,0
2014,Armenia,SOLAR,0
2014,Armenia,WIND,0
2014,Armenia,BIOENERGY,0
2014,Armenia,HYDROPOWER,9.58
2014,Armenia,GEOTHERMAL,0
2014,Armenia,ALL,9.59
2008,Albania,HYDROPOWER,0
2008,Albania,SOLAR,0
2009,Albania,GEOTHERMAL,0
2009,Albania,MULTIPLE,0.11
2009,Albania,SOLAR,0
2015,Armenia,BIOENERGY,0
2015,Armenia,WIND,0
2015,Armenia,SOLAR,0
2015,Armenia,GEOTHERMAL,9.42
2015,Armenia,HYDROPOWER,14.36
2009,Albania,WIND,0
2009,Albania,HYDROPOWER,0.04
2009,Albania,BIOENERGY,0
2009,Albania,MARINE,0
2009,Albania,ALL,0.15
2001,Azerbaijan,MARINE,0
2002,Azerbaijan,BIOENERGY,0
2002,Azerbaijan,ALL,0
2002,Azerbaijan,SOLAR,0
2002,Azerbaijan,WIND,0
2015,Armenia,MARINE,0
2015,Armenia,MULTIPLE,0.1
2015,Armenia,ALL,23.88
2016,Armenia,GEOTHERMAL,0
2016,Armenia,ALL,124.76
2016,Armenia,MULTIPLE,3.29
2016,Armenia,MARINE,0
2016,Armenia,SOLAR,48.25
2016,Armenia,WIND,0
2016,Armenia,HYDROPOWER,73.22
2010,Albania,ALL,6.96
2010,Albania,MARINE,0
2010,Albania,HYDROPOWER,0.08
2010,Albania,BIOENERGY,0
2010,Albania,MULTIPLE,6.88
2021,Azerbaijan,WIND,0
2000,Bosnia and Herzegovina,WIND,0
2000,Bosnia and Herzegovina,ALL,0
2000,Bosnia and Herzegovina,SOLAR,0
2000,Bosnia and Herzegovina,MULTIPLE,0
2016,Armenia,BIOENERGY,0
2017,Armenia,GEOTHERMAL,0
2017,Armenia,HYDROPOWER,1.45
2017,Armenia,MULTIPLE,0.08
2017,Armenia,ALL,1.61
2010,Albania,GEOTHERMAL,0
2010,Albania,WIND,0
2010,Albania,SOLAR,0
2011,Albania,HYDROPOWER,0.3
2011,Albania,WIND,0
2017,Armenia,BIOENERGY,0.08
2017,Armenia,MARINE,0
2017,Armenia,WIND,0
2017,Armenia,SOLAR,0
2018,Armenia,WIND,0
2000,Bosnia and Herzegovina,BIOENERGY,0
2000,Bosnia and Herzegovina,GEOTHERMAL,0
2000,Bosnia and Herzegovina,MARINE,0
2000,Bosnia and Herzegovina,HYDROPOWER,0
2001,Bosnia and Herzegovina,HYDROPOWER,3.03
2018,Armenia,HYDROPOWER,0
2018,Armenia,GEOTHERMAL,0
2018,Armenia,ALL,28.45
2018,Armenia,SOLAR,28.4
2018,Armenia,MULTIPLE,0.05
2018,Armenia,MARINE,0
2018,Armenia,BIOENERGY,0
2019,Armenia,ALL,56.97
2019,Armenia,MULTIPLE,56.93
2019,Armenia,BIOENERGY,0
2011,Albania,SOLAR,0
2011,Albania,MARINE,0
2011,Albania,ALL,0.3
2011,Albania,GEOTHERMAL,0
2011,Albania,MULTIPLE,0
2011,Albania,BIOENERGY,0
2012,Albania,WIND,0
2012,Albania,HYDROPOWER,24.2
2012,Albania,ALL,24.25
2012,Albania,MARINE,0
2001,Bosnia and Herzegovina,ALL,6.73
2001,Bosnia and Herzegovina,WIND,0
2001,Bosnia and Herzegovina,MULTIPLE,3.7
2001,Bosnia and Herzegovina,SOLAR,0
2001,Bosnia and Herzegovina,BIOENERGY,0
2001,Bosnia and Herzegovina,MARINE,0
2001,Bosnia and Herzegovina,GEOTHERMAL,0
2002,Bosnia and Herzegovina,BIOENERGY,0
2002,Bosnia and Herzegovina,SOLAR,0
2002,Bosnia and Herzegovina,HYDROPOWER,0
2019,Armenia,MARINE,0
2019,Armenia,SOLAR,0.04
2019,Armenia,GEOTHERMAL,0
2019,Armenia,HYDROPOWER,0
2019,Armenia,WIND,0
2020,Armenia,SOLAR,9.79
2020,Armenia,MARINE,0
2020,Armenia,ALL,26.31
2020,Armenia,WIND,0
2020,Armenia,HYDROPOWER,0
2002,Bosnia and Herzegovina,MULTIPLE,0.31
2002,Bosnia and Herzegovina,WIND,0
2002,Bosnia and Herzegovina,ALL,0.31
2002,Bosnia and Herzegovina,GEOTHERMAL,0
2002,Bosnia and Herzegovina,MARINE,0
2012,Albania,SOLAR,0
2012,Albania,BIOENERGY,0
2012,Albania,MULTIPLE,0.05
2012,Albania,GEOTHERMAL,0
2013,Albania,SOLAR,0
2020,Armenia,GEOTHERMAL,0
2020,Armenia,BIOENERGY,0
2020,Armenia,MULTIPLE,16.51
2021,Armenia,ALL,49.4
2021,Armenia,GEOTHERMAL,0
2003,Bosnia and Herzegovina,MARINE,0
2003,Bosnia and Herzegovina,GEOTHERMAL,0
2003,Bosnia and Herzegovina,ALL,0
2003,Bosnia and Herzegovina,WIND,0
2003,Bosnia and Herzegovina,MULTIPLE,0
2003,Bosnia and Herzegovina,HYDROPOWER,0
2003,Bosnia and Herzegovina,SOLAR,0
2003,Bosnia and Herzegovina,BIOENERGY,0
2004,Bosnia and Herzegovina,GEOTHERMAL,0
2004,Bosnia and Herzegovina,MARINE,0
2021,Armenia,SOLAR,0.13
2021,Armenia,HYDROPOWER,0
2021,Armenia,WIND,0
2021,Armenia,MARINE,0
2021,Armenia,MULTIPLE,49.27
2004,Bosnia and Herzegovina,BIOENERGY,0
2004,Bosnia and Herzegovina,SOLAR,0
2004,Bosnia and Herzegovina,MULTIPLE,0
2004,Bosnia and Herzegovina,WIND,0
2004,Bosnia and Herzegovina,ALL,7.3
2004,Bosnia and Herzegovina,HYDROPOWER,7.3
2005,Bosnia and Herzegovina,HYDROPOWER,0
2005,Bosnia and Herzegovina,MARINE,0
2005,Bosnia and Herzegovina,GEOTHERMAL,0
2005,Bosnia and Herzegovina,ALL,0
2013,Albania,MARINE,0
2013,Albania,ALL,69.83
2013,Albania,MULTIPLE,0
2013,Albania,BIOENERGY,0.94
2013,Albania,HYDROPOWER,68.89
2002,Azerbaijan,MARINE,0
2002,Azerbaijan,GEOTHERMAL,0
2002,Azerbaijan,MULTIPLE,0
2002,Azerbaijan,HYDROPOWER,0
2003,Azerbaijan,SOLAR,0
2013,Albania,WIND,0
2013,Albania,GEOTHERMAL,0
2014,Albania,BIOENERGY,0
2014,Albania,GEOTHERMAL,0
2014,Albania,WIND,0
2005,Bosnia and Herzegovina,SOLAR,0
2005,Bosnia and Herzegovina,BIOENERGY,0
2005,Bosnia and Herzegovina,WIND,0
2005,Bosnia and Herzegovina,MULTIPLE,0
2006,Bosnia and Herzegovina,MARINE,0
2014,Albania,HYDROPOWER,0
2014,Albania,ALL,0.01
2014,Albania,MARINE,0
2014,Albania,MULTIPLE,0.01
2014,Albania,SOLAR,0
2006,Bosnia and Herzegovina,WIND,0.29
2006,Bosnia and Herzegovina,BIOENERGY,0
2006,Bosnia and Herzegovina,SOLAR,0.19
2006,Bosnia and Herzegovina,MULTIPLE,12
2006,Bosnia and Herzegovina,ALL,12.48
2006,Bosnia and Herzegovina,GEOTHERMAL,0
2006,Bosnia and Herzegovina,HYDROPOWER,0
2007,Bosnia and Herzegovina,BIOENERGY,0.29
2007,Bosnia and Herzegovina,GEOTHERMAL,0
2007,Bosnia and Herzegovina,MULTIPLE,0
2015,Albania,GEOTHERMAL,0
2015,Albania,MULTIPLE,0
2015,Albania,WIND,0
2015,Albania,BIOENERGY,0
2015,Albania,SOLAR,0
2007,Bosnia and Herzegovina,MARINE,0
2007,Bosnia and Herzegovina,SOLAR,0
2007,Bosnia and Herzegovina,ALL,0.29
2007,Bosnia and Herzegovina,WIND,0
2007,Bosnia and Herzegovina,HYDROPOWER,0
2015,Albania,HYDROPOWER,24.78
2015,Albania,ALL,24.78
2015,Albania,MARINE,0
2016,Albania,ALL,0
2016,Albania,MULTIPLE,0
2021,Armenia,BIOENERGY,0
2000,Belarus,ALL,0
2000,Belarus,BIOENERGY,0
2000,Belarus,WIND,0
2000,Belarus,MULTIPLE,0
2008,Bosnia and Herzegovina,HYDROPOWER,0
2008,Bosnia and Herzegovina,SOLAR,0
2008,Bosnia and Herzegovina,ALL,23.44
2008,Bosnia and Herzegovina,MARINE,0
2008,Bosnia and Herzegovina,MULTIPLE,23.44
2003,Azerbaijan,MARINE,0
2003,Azerbaijan,MULTIPLE,0
2003,Azerbaijan,WIND,0
2003,Azerbaijan,HYDROPOWER,0
2003,Azerbaijan,ALL,0
2008,Bosnia and Herzegovina,WIND,0
2008,Bosnia and Herzegovina,GEOTHERMAL,0
2008,Bosnia and Herzegovina,BIOENERGY,0
2009,Bosnia and Herzegovina,WIND,0
2009,Bosnia and Herzegovina,MULTIPLE,0.11
2000,Belarus,HYDROPOWER,0
2000,Belarus,GEOTHERMAL,0
2000,Belarus,MARINE,0
2000,Belarus,SOLAR,0
2001,Belarus,SOLAR,0
2009,Bosnia and Herzegovina,MARINE,0
2009,Bosnia and Herzegovina,SOLAR,0
2009,Bosnia and Herzegovina,HYDROPOWER,0
2009,Bosnia and Herzegovina,GEOTHERMAL,0
2009,Bosnia and Herzegovina,BIOENERGY,0
2016,Albania,MARINE,0
2016,Albania,BIOENERGY,0
2016,Albania,GEOTHERMAL,0
2016,Albania,WIND,0
2016,Albania,HYDROPOWER,0
2001,Belarus,MARINE,0
2001,Belarus,WIND,0
2001,Belarus,BIOENERGY,0
2001,Belarus,ALL,0
2001,Belarus,GEOTHERMAL,0
2009,Bosnia and Herzegovina,ALL,0.11
2010,Bosnia and Herzegovina,ALL,96.84
2010,Bosnia and Herzegovina,BIOENERGY,0
2010,Bosnia and Herzegovina,GEOTHERMAL,0
2010,Bosnia and Herzegovina,HYDROPOWER,0
2010,Bosnia and Herzegovina,SOLAR,0
2010,Bosnia and Herzegovina,MULTIPLE,0
2010,Bosnia and Herzegovina,MARINE,0
2010,Bosnia and Herzegovina,WIND,96.84
2011,Bosnia and Herzegovina,GEOTHERMAL,0
2001,Belarus,HYDROPOWER,0
2001,Belarus,MULTIPLE,0
2002,Belarus,MARINE,0
2002,Belarus,SOLAR,0
2002,Belarus,BIOENERGY,0
2016,Albania,SOLAR,0
2017,Albania,WIND,0
2017,Albania,MULTIPLE,0.01
2017,Albania,SOLAR,0.12
2017,Albania,HYDROPOWER,0
2011,Bosnia and Herzegovina,BIOENERGY,0.89
2011,Bosnia and Herzegovina,WIND,0
2011,Bosnia and Herzegovina,MARINE,0
2011,Bosnia and Herzegovina,SOLAR,0
2011,Bosnia and Herzegovina,MULTIPLE,66.53
2011,Bosnia and Herzegovina,HYDROPOWER,0
2011,Bosnia and Herzegovina,ALL,67.42
2012,Bosnia and Herzegovina,WIND,0
2012,Bosnia and Herzegovina,SOLAR,0.26
2012,Bosnia and Herzegovina,MULTIPLE,0
2002,Belarus,ALL,0
2002,Belarus,WIND,0
2002,Belarus,MULTIPLE,0
2002,Belarus,HYDROPOWER,0
2002,Belarus,GEOTHERMAL,0
2003,Belarus,WIND,0
2003,Belarus,BIOENERGY,0
2003,Belarus,ALL,0
2003,Belarus,HYDROPOWER,0
2003,Belarus,MULTIPLE,0
2012,Bosnia and Herzegovina,ALL,0.95
2012,Bosnia and Herzegovina,HYDROPOWER,0
2012,Bosnia and Herzegovina,MARINE,0
2012,Bosnia and Herzegovina,BIOENERGY,0.69
2012,Bosnia and Herzegovina,GEOTHERMAL,0
2003,Belarus,SOLAR,0
2003,Belarus,MARINE,0
2003,Belarus,GEOTHERMAL,0
2004,Belarus,GEOTHERMAL,0
2004,Belarus,BIOENERGY,0
2013,Bosnia and Herzegovina,GEOTHERMAL,0.17
2013,Bosnia and Herzegovina,BIOENERGY,0.76
2013,Bosnia and Herzegovina,SOLAR,0.01
2013,Bosnia and Herzegovina,HYDROPOWER,0
2013,Bosnia and Herzegovina,ALL,97.38
2004,Belarus,MARINE,0
2004,Belarus,SOLAR,0
2004,Belarus,ALL,0
2004,Belarus,MULTIPLE,0
2004,Belarus,HYDROPOWER,0
2017,Albania,GEOTHERMAL,0
2017,Albania,BIOENERGY,0
2017,Albania,MARINE,0
2017,Albania,ALL,0.12
2018,Albania,GEOTHERMAL,0
2013,Bosnia and Herzegovina,MULTIPLE,96.44
2013,Bosnia and Herzegovina,WIND,0
2013,Bosnia and Herzegovina,MARINE,0
2014,Bosnia and Herzegovina,HYDROPOWER,37.87
2014,Bosnia and Herzegovina,MARINE,0
2004,Belarus,WIND,0
2005,Belarus,GEOTHERMAL,0
2005,Belarus,HYDROPOWER,0
2005,Belarus,MARINE,0
2005,Belarus,BIOENERGY,0
2014,Bosnia and Herzegovina,MULTIPLE,126.37
2014,Bosnia and Herzegovina,ALL,164.58
2014,Bosnia and Herzegovina,WIND,0
2014,Bosnia and Herzegovina,SOLAR,0
2014,Bosnia and Herzegovina,BIOENERGY,0.08
2014,Bosnia and Herzegovina,GEOTHERMAL,0.26
2015,Bosnia and Herzegovina,GEOTHERMAL,0.46
2015,Bosnia and Herzegovina,WIND,0
2015,Bosnia and Herzegovina,MARINE,0
2015,Bosnia and Herzegovina,HYDROPOWER,0
2005,Belarus,WIND,0
2005,Belarus,SOLAR,0
2005,Belarus,MULTIPLE,0
2005,Belarus,ALL,0
2006,Belarus,MULTIPLE,0
2006,Belarus,BIOENERGY,0
2006,Belarus,HYDROPOWER,0
2006,Belarus,MARINE,0
2006,Belarus,ALL,0
2006,Belarus,GEOTHERMAL,0
2015,Bosnia and Herzegovina,ALL,6.52
2015,Bosnia and Herzegovina,MULTIPLE,4.98
2015,Bosnia and Herzegovina,BIOENERGY,1.09
2015,Bosnia and Herzegovina,SOLAR,0
2016,Bosnia and Herzegovina,MULTIPLE,0.15
2018,Albania,SOLAR,0
2018,Albania,HYDROPOWER,0
2018,Albania,ALL,0
2018,Albania,MARINE,0
2018,Albania,BIOENERGY,0
2006,Belarus,SOLAR,0
2006,Belarus,WIND,0
2007,Belarus,GEOTHERMAL,0
2007,Belarus,HYDROPOWER,0
2007,Belarus,SOLAR,0
2016,Bosnia and Herzegovina,ALL,3.72
2016,Bosnia and Herzegovina,GEOTHERMAL,0.1
2016,Bosnia and Herzegovina,MARINE,0
2016,Bosnia and Herzegovina,WIND,0
2016,Bosnia and Herzegovina,HYDROPOWER,0.03
2018,Albania,WIND,0
2018,Albania,MULTIPLE,0
2019,Albania,HYDROPOWER,0
2019,Albania,MULTIPLE,3.75
2019,Albania,GEOTHERMAL,0
2007,Belarus,WIND,0
2007,Belarus,ALL,0.27
2007,Belarus,BIOENERGY,0.27
2007,Belarus,MARINE,0
2007,Belarus,MULTIPLE,0
2019,Albania,MARINE,0
2019,Albania,ALL,3.75
2019,Albania,SOLAR,0
2019,Albania,WIND,0
2019,Albania,BIOENERGY,0
2020,Albania,SOLAR,0
2020,Albania,WIND,0
2020,Albania,GEOTHERMAL,0
2020,Albania,MULTIPLE,0
2020,Albania,HYDROPOWER,0
2016,Bosnia and Herzegovina,SOLAR,3.27
2016,Bosnia and Herzegovina,BIOENERGY,0.18
2017,Bosnia and Herzegovina,BIOENERGY,10.31
2017,Bosnia and Herzegovina,SOLAR,0.23
2017,Bosnia and Herzegovina,WIND,72.29
2017,Bosnia and Herzegovina,MARINE,0
2017,Bosnia and Herzegovina,MULTIPLE,0.03
2017,Bosnia and Herzegovina,GEOTHERMAL,0.34
2017,Bosnia and Herzegovina,HYDROPOWER,0.01
2017,Bosnia and Herzegovina,ALL,83.19
2008,Belarus,ALL,0.06
2008,Belarus,WIND,0
2008,Belarus,SOLAR,0
2008,Belarus,MULTIPLE,0
2008,Belarus,BIOENERGY,0.06
2020,Albania,ALL,0
2020,Albania,MARINE,0
2020,Albania,BIOENERGY,0
2021,Albania,MARINE,0
2021,Albania,ALL,54.31
2018,Bosnia and Herzegovina,BIOENERGY,0
2018,Bosnia and Herzegovina,ALL,1.34
2018,Bosnia and Herzegovina,HYDROPOWER,0
2018,Bosnia and Herzegovina,MARINE,0
2018,Bosnia and Herzegovina,SOLAR,0.34
2008,Belarus,HYDROPOWER,0
2008,Belarus,MARINE,0
2008,Belarus,GEOTHERMAL,0
2009,Belarus,SOLAR,0
2009,Belarus,WIND,0
2009,Belarus,ALL,0.18
2009,Belarus,MULTIPLE,0
2009,Belarus,MARINE,0
2009,Belarus,GEOTHERMAL,0
2009,Belarus,HYDROPOWER,0.02
2018,Bosnia and Herzegovina,WIND,0
2018,Bosnia and Herzegovina,GEOTHERMAL,0
2018,Bosnia and Herzegovina,MULTIPLE,1
2019,Bosnia and Herzegovina,MULTIPLE,2.93
2019,Bosnia and Herzegovina,BIOENERGY,0
2009,Belarus,BIOENERGY,0.16
2010,Belarus,GEOTHERMAL,0
2010,Belarus,BIOENERGY,0.05
2010,Belarus,ALL,0.13
2010,Belarus,WIND,0
2019,Bosnia and Herzegovina,GEOTHERMAL,0
2019,Bosnia and Herzegovina,SOLAR,0.45
2019,Bosnia and Herzegovina,HYDROPOWER,17.39
2019,Bosnia and Herzegovina,ALL,20.76
2019,Bosnia and Herzegovina,WIND,0
2021,Albania,SOLAR,10.07
2021,Albania,BIOENERGY,0
2021,Albania,HYDROPOWER,44.24
2021,Albania,MULTIPLE,0
2021,Albania,WIND,0
2010,Belarus,SOLAR,0
2010,Belarus,MARINE,0
2010,Belarus,HYDROPOWER,0
2010,Belarus,MULTIPLE,0.09
2011,Belarus,MULTIPLE,0.02
2011,Belarus,MARINE,0
2011,Belarus,GEOTHERMAL,0
2011,Belarus,HYDROPOWER,204.61
2011,Belarus,SOLAR,0
2011,Belarus,WIND,0
2019,Bosnia and Herzegovina,MARINE,0
2020,Bosnia and Herzegovina,WIND,0
2020,Bosnia and Herzegovina,SOLAR,0.02
2020,Bosnia and Herzegovina,ALL,3.72
2020,Bosnia and Herzegovina,HYDROPOWER,0
2011,Belarus,BIOENERGY,0
2011,Belarus,ALL,204.63
2012,Belarus,MULTIPLE,0
2012,Belarus,GEOTHERMAL,0
2012,Belarus,BIOENERGY,0
2012,Belarus,WIND,3.03
2012,Belarus,ALL,3.03
2012,Belarus,MARINE,0
2012,Belarus,SOLAR,0
2012,Belarus,HYDROPOWER,0
2020,Bosnia and Herzegovina,MARINE,0
2020,Bosnia and Herzegovina,GEOTHERMAL,0
2020,Bosnia and Herzegovina,BIOENERGY,0
2020,Bosnia and Herzegovina,MULTIPLE,3.7
2021,Bosnia and Herzegovina,BIOENERGY,0.05
2003,Azerbaijan,GEOTHERMAL,0
2003,Azerbaijan,BIOENERGY,0
2004,Azerbaijan,BIOENERGY,0
2004,Azerbaijan,GEOTHERMAL,0
2004,Azerbaijan,MULTIPLE,0
2021,Bosnia and Herzegovina,GEOTHERMAL,0
2021,Bosnia and Herzegovina,SOLAR,0.06
2021,Bosnia and Herzegovina,MARINE,0
2021,Bosnia and Herzegovina,MULTIPLE,0.33
2021,Bosnia and Herzegovina,HYDROPOWER,0
2004,Azerbaijan,ALL,0
2004,Azerbaijan,SOLAR,0
2004,Azerbaijan,WIND,0
2004,Azerbaijan,MARINE,0
2004,Azerbaijan,HYDROPOWER,0
2005,Azerbaijan,MARINE,0
2005,Azerbaijan,HYDROPOWER,0.5
2005,Azerbaijan,WIND,0
2005,Azerbaijan,SOLAR,0
2005,Azerbaijan,ALL,2.22
2005,Azerbaijan,MULTIPLE,1.72
2005,Azerbaijan,GEOTHERMAL,0
2005,Azerbaijan,BIOENERGY,0
2006,Azerbaijan,WIND,0
2006,Azerbaijan,MARINE,0
2006,Azerbaijan,BIOENERGY,0
2006,Azerbaijan,GEOTHERMAL,0
2006,Azerbaijan,ALL,0.43
2006,Azerbaijan,HYDROPOWER,0.43
2006,Azerbaijan,SOLAR,0
2006,Azerbaijan,MULTIPLE,0
2007,Azerbaijan,MULTIPLE,0
2007,Azerbaijan,GEOTHERMAL,0
2007,Azerbaijan,BIOENERGY,0
2007,Azerbaijan,WIND,0
2007,Azerbaijan,ALL,0
2007,Azerbaijan,MARINE,0
2007,Azerbaijan,SOLAR,0
2007,Azerbaijan,HYDROPOWER,0
2008,Azerbaijan,WIND,0
2008,Azerbaijan,HYDROPOWER,0
2008,Azerbaijan,SOLAR,0
2008,Azerbaijan,MARINE,0
2008,Azerbaijan,BIOENERGY,0
2008,Azerbaijan,GEOTHERMAL,0
2008,Azerbaijan,ALL,0
2008,Azerbaijan,MULTIPLE,0
2009,Azerbaijan,MARINE,0
2009,Azerbaijan,ALL,0.17
2009,Azerbaijan,HYDROPOWER,0
2009,Azerbaijan,WIND,0
2009,Azerbaijan,MULTIPLE,0.17
2009,Azerbaijan,SOLAR,0
2009,Azerbaijan,GEOTHERMAL,0
2009,Azerbaijan,BIOENERGY,0
2021,Albania,GEOTHERMAL,0
2000,Georgia,SOLAR,0
2000,Georgia,GEOTHERMAL,0
2000,Georgia,MARINE,0
2000,Georgia,MULTIPLE,0
2000,Georgia,HYDROPOWER,0
2000,Georgia,WIND,0
2000,Georgia,ALL,0
2000,Georgia,BIOENERGY,0
2001,Georgia,WIND,0
2001,Georgia,MARINE,0
2001,Georgia,BIOENERGY,0
2001,Georgia,ALL,18.95
2001,Georgia,HYDROPOWER,18.95
2001,Georgia,GEOTHERMAL,0
2001,Georgia,MULTIPLE,0
2001,Georgia,SOLAR,0
2002,Georgia,HYDROPOWER,0
2002,Georgia,BIOENERGY,0
2002,Georgia,ALL,0
2002,Georgia,SOLAR,0
2002,Georgia,GEOTHERMAL,0
2002,Georgia,MULTIPLE,0
2002,Georgia,MARINE,0
2002,Georgia,WIND,0
2021,Bosnia and Herzegovina,ALL,0.44
2021,Bosnia and Herzegovina,WIND,0
2000,Kazakhstan,ALL,0
2000,Kazakhstan,MULTIPLE,0
2000,Kazakhstan,SOLAR,0
2003,Georgia,ALL,1.91
2003,Georgia,BIOENERGY,0
2003,Georgia,MULTIPLE,1.91
2003,Georgia,SOLAR,0
2003,Georgia,HYDROPOWER,0
2000,Kazakhstan,HYDROPOWER,0
2000,Kazakhstan,MARINE,0
2000,Kazakhstan,BIOENERGY,0
2000,Kazakhstan,GEOTHERMAL,0
2000,Kazakhstan,WIND,0
2001,Kazakhstan,SOLAR,0
2001,Kazakhstan,GEOTHERMAL,0
2001,Kazakhstan,WIND,0
2001,Kazakhstan,MARINE,0
2001,Kazakhstan,ALL,0
2013,Belarus,BIOENERGY,0
2013,Belarus,GEOTHERMAL,0
2013,Belarus,SOLAR,0
2013,Belarus,WIND,0
2013,Belarus,HYDROPOWER,0
2003,Georgia,WIND,0
2003,Georgia,MARINE,0
2003,Georgia,GEOTHERMAL,0
2004,Georgia,MARINE,0
2004,Georgia,WIND,0
2001,Kazakhstan,BIOENERGY,0
2001,Kazakhstan,HYDROPOWER,0
2001,Kazakhstan,MULTIPLE,0
2002,Kazakhstan,MARINE,0
2002,Kazakhstan,SOLAR,0
2013,Belarus,MULTIPLE,0.27
2013,Belarus,MARINE,0
2013,Belarus,ALL,0.27
2014,Belarus,ALL,62.92
2014,Belarus,MARINE,0
2014,Belarus,HYDROPOWER,0
2014,Belarus,MULTIPLE,0
2014,Belarus,GEOTHERMAL,0
2014,Belarus,BIOENERGY,62.92
2014,Belarus,WIND,0
2002,Kazakhstan,ALL,0
2002,Kazakhstan,MULTIPLE,0
2002,Kazakhstan,WIND,0
2002,Kazakhstan,HYDROPOWER,0
2002,Kazakhstan,GEOTHERMAL,0
2004,Georgia,HYDROPOWER,2.85
2004,Georgia,BIOENERGY,0
2004,Georgia,ALL,3.56
2004,Georgia,SOLAR,0
2004,Georgia,MULTIPLE,0.7
2004,Georgia,GEOTHERMAL,0
2005,Georgia,MULTIPLE,9.22
2005,Georgia,HYDROPOWER,0.6
2005,Georgia,MARINE,0
2005,Georgia,GEOTHERMAL,0
2002,Kazakhstan,BIOENERGY,0
2003,Kazakhstan,WIND,0
2003,Kazakhstan,MULTIPLE,0
2003,Kazakhstan,ALL,0
2003,Kazakhstan,BIOENERGY,0
2005,Georgia,ALL,9.82
2005,Georgia,BIOENERGY,0
2005,Georgia,WIND,0
2005,Georgia,SOLAR,0
2006,Georgia,MULTIPLE,2.22
2003,Kazakhstan,GEOTHERMAL,0
2003,Kazakhstan,SOLAR,0
2003,Kazakhstan,HYDROPOWER,0
2003,Kazakhstan,MARINE,0
2004,Kazakhstan,BIOENERGY,0
2006,Georgia,GEOTHERMAL,0
2006,Georgia,MARINE,0
2006,Georgia,WIND,0
2006,Georgia,SOLAR,0
2006,Georgia,HYDROPOWER,0.37
2004,Kazakhstan,MARINE,0
2004,Kazakhstan,SOLAR,0
2004,Kazakhstan,HYDROPOWER,0
2004,Kazakhstan,ALL,0
2004,Kazakhstan,MULTIPLE,0
2014,Belarus,SOLAR,0
2015,Belarus,WIND,0
2015,Belarus,SOLAR,0
2015,Belarus,HYDROPOWER,0
2015,Belarus,MARINE,0
2006,Georgia,BIOENERGY,0
2006,Georgia,ALL,2.59
2007,Georgia,WIND,0
2007,Georgia,MARINE,0
2007,Georgia,BIOENERGY,0
2004,Kazakhstan,GEOTHERMAL,0
2004,Kazakhstan,WIND,0
2005,Kazakhstan,BIOENERGY,0
2005,Kazakhstan,GEOTHERMAL,0
2005,Kazakhstan,MULTIPLE,0
2007,Georgia,SOLAR,0
2007,Georgia,ALL,0
2007,Georgia,GEOTHERMAL,0
2007,Georgia,MULTIPLE,0
2007,Georgia,HYDROPOWER,0
2008,Georgia,HYDROPOWER,0
2008,Georgia,MULTIPLE,0
2008,Georgia,ALL,0
2008,Georgia,GEOTHERMAL,0
2008,Georgia,MARINE,0
2005,Kazakhstan,ALL,0
2005,Kazakhstan,HYDROPOWER,0
2005,Kazakhstan,MARINE,0
2005,Kazakhstan,WIND,0
2005,Kazakhstan,SOLAR,0
2015,Belarus,ALL,0.02
2015,Belarus,GEOTHERMAL,0
2015,Belarus,MULTIPLE,0.02
2015,Belarus,BIOENERGY,0
2016,Belarus,GEOTHERMAL,0
2006,Kazakhstan,MULTIPLE,0
2006,Kazakhstan,GEOTHERMAL,0
2006,Kazakhstan,ALL,357.5
2006,Kazakhstan,BIOENERGY,0
2006,Kazakhstan,MARINE,0
2006,Kazakhstan,HYDROPOWER,357.5
2006,Kazakhstan,WIND,0
2006,Kazakhstan,SOLAR,0
2007,Kazakhstan,WIND,0
2007,Kazakhstan,MARINE,0
2016,Belarus,SOLAR,0
2016,Belarus,ALL,0.14
2016,Belarus,MARINE,0
2016,Belarus,HYDROPOWER,0
2016,Belarus,BIOENERGY,0.04
2007,Kazakhstan,SOLAR,0
2007,Kazakhstan,HYDROPOWER,59.82
2007,Kazakhstan,ALL,59.82
2007,Kazakhstan,BIOENERGY,0
2007,Kazakhstan,GEOTHERMAL,0
2016,Belarus,MULTIPLE,0.1
2016,Belarus,WIND,0
2017,Belarus,HYDROPOWER,0
2017,Belarus,MARINE,0
2017,Belarus,ALL,0.13
2017,Belarus,MULTIPLE,0.13
2017,Belarus,BIOENERGY,0
2017,Belarus,SOLAR,0
2017,Belarus,GEOTHERMAL,0
2017,Belarus,WIND,0
2018,Belarus,MULTIPLE,16.03
2018,Belarus,WIND,0
2018,Belarus,GEOTHERMAL,0
2018,Belarus,SOLAR,0
2018,Belarus,ALL,16.03
2007,Kazakhstan,MULTIPLE,0
2008,Kazakhstan,ALL,2.77
2008,Kazakhstan,HYDROPOWER,0
2008,Kazakhstan,SOLAR,0
2008,Kazakhstan,GEOTHERMAL,0
2008,Georgia,WIND,0
2008,Georgia,SOLAR,0
2008,Georgia,BIOENERGY,0
2009,Georgia,BIOENERGY,0
2009,Georgia,SOLAR,0
2018,Belarus,MARINE,0
2018,Belarus,BIOENERGY,0
2018,Belarus,HYDROPOWER,0
2019,Belarus,MULTIPLE,11.89
2019,Belarus,BIOENERGY,148.58
2000,Kosovo,SOLAR,0
2000,Kosovo,WIND,0
2000,Kosovo,GEOTHERMAL,0
2000,Kosovo,MULTIPLE,0
2000,Kosovo,HYDROPOWER,0
2019,Belarus,GEOTHERMAL,0
2019,Belarus,WIND,0
2019,Belarus,HYDROPOWER,0
2019,Belarus,SOLAR,0
2019,Belarus,MARINE,0
2000,Kosovo,MARINE,0
2000,Kosovo,ALL,0
2000,Kosovo,BIOENERGY,0
2001,Kosovo,ALL,0
2001,Kosovo,MARINE,0
2019,Belarus,ALL,160.47
2020,Belarus,MARINE,0
2020,Belarus,BIOENERGY,0.13
2020,Belarus,MULTIPLE,0
2020,Belarus,WIND,0
2020,Belarus,ALL,0.36
2020,Belarus,GEOTHERMAL,0
2020,Belarus,SOLAR,0.23
2020,Belarus,HYDROPOWER,0
2021,Belarus,GEOTHERMAL,0
2021,Belarus,WIND,0
2021,Belarus,HYDROPOWER,0
2021,Belarus,SOLAR,0
2021,Belarus,ALL,0
2021,Belarus,MULTIPLE,0
2001,Kosovo,SOLAR,0
2001,Kosovo,BIOENERGY,0
2001,Kosovo,HYDROPOWER,0
2001,Kosovo,WIND,0
2001,Kosovo,MULTIPLE,0
2001,Kosovo,GEOTHERMAL,0
2002,Kosovo,ALL,0
2002,Kosovo,BIOENERGY,0
2002,Kosovo,SOLAR,0
2002,Kosovo,WIND,0
2008,Kazakhstan,BIOENERGY,0
2008,Kazakhstan,MULTIPLE,2.77
2008,Kazakhstan,MARINE,0
2008,Kazakhstan,WIND,0
2009,Kazakhstan,SOLAR,0
2002,Kosovo,GEOTHERMAL,0
2002,Kosovo,MARINE,0
2002,Kosovo,MULTIPLE,0
2002,Kosovo,HYDROPOWER,0
2003,Kosovo,SOLAR,0
2021,Belarus,BIOENERGY,0
2021,Belarus,MARINE,0
2017,Kyrgyzstan,MARINE,0
2017,Kyrgyzstan,SOLAR,0.07
2017,Kyrgyzstan,WIND,0
2009,Kazakhstan,HYDROPOWER,0
2009,Kazakhstan,ALL,0
2009,Kazakhstan,BIOENERGY,0
2009,Kazakhstan,MULTIPLE,0
2009,Kazakhstan,WIND,0
2017,Kyrgyzstan,BIOENERGY,0
2018,Kyrgyzstan,BIOENERGY,0
2018,Kyrgyzstan,WIND,0
2018,Kyrgyzstan,SOLAR,0.01
2018,Kyrgyzstan,MARINE,0
2009,Kazakhstan,MARINE,0
2009,Kazakhstan,GEOTHERMAL,0
2010,Kazakhstan,MARINE,0
2010,Kazakhstan,WIND,0
2010,Kazakhstan,ALL,1.4
2003,Kosovo,BIOENERGY,0
2003,Kosovo,MULTIPLE,0
2003,Kosovo,WIND,0
2003,Kosovo,HYDROPOWER,0
2003,Kosovo,ALL,0
2009,Georgia,ALL,0.93
2009,Georgia,HYDROPOWER,0.82
2009,Georgia,MULTIPLE,0.11
2009,Georgia,WIND,0
2009,Georgia,MARINE,0
2010,Kazakhstan,MULTIPLE,0.63
2010,Kazakhstan,BIOENERGY,0
2010,Kazakhstan,GEOTHERMAL,0
2010,Kazakhstan,SOLAR,0.77
2010,Kazakhstan,HYDROPOWER,0
2018,Kyrgyzstan,ALL,0.08
2018,Kyrgyzstan,GEOTHERMAL,0
2018,Kyrgyzstan,HYDROPOWER,0
2018,Kyrgyzstan,MULTIPLE,0.06
2019,Kyrgyzstan,SOLAR,0
2019,Kyrgyzstan,WIND,0
2019,Kyrgyzstan,MULTIPLE,0.01
2019,Kyrgyzstan,HYDROPOWER,88.59
2019,Kyrgyzstan,GEOTHERMAL,0
2019,Kyrgyzstan,ALL,88.6
2011,Kazakhstan,SOLAR,0.43
2011,Kazakhstan,WIND,0
2011,Kazakhstan,HYDROPOWER,0
2011,Kazakhstan,MULTIPLE,1.33
2011,Kazakhstan,MARINE,0
2019,Kyrgyzstan,MARINE,0
2019,Kyrgyzstan,BIOENERGY,0
2020,Kyrgyzstan,HYDROPOWER,0.06
2020,Kyrgyzstan,MULTIPLE,0
2020,Kyrgyzstan,ALL,0.06
2011,Kazakhstan,ALL,1.76
2011,Kazakhstan,GEOTHERMAL,0
2011,Kazakhstan,BIOENERGY,0
2012,Kazakhstan,MULTIPLE,28.19
2012,Kazakhstan,BIOENERGY,0
2009,Georgia,GEOTHERMAL,0
2010,Georgia,SOLAR,4.63
2010,Georgia,BIOENERGY,1
2010,Georgia,MULTIPLE,0
2010,Georgia,GEOTHERMAL,0
2010,Georgia,ALL,8.58
2010,Georgia,HYDROPOWER,2.95
2010,Georgia,MARINE,0
2010,Georgia,WIND,0
2011,Georgia,ALL,142.08
2003,Kosovo,MARINE,0
2003,Kosovo,GEOTHERMAL,0
2004,Kosovo,GEOTHERMAL,0
2004,Kosovo,MARINE,0
2004,Kosovo,HYDROPOWER,0
2012,Kazakhstan,ALL,28.19
2012,Kazakhstan,MARINE,0
2012,Kazakhstan,GEOTHERMAL,0
2012,Kazakhstan,HYDROPOWER,0
2012,Kazakhstan,WIND,0
2020,Kyrgyzstan,BIOENERGY,0
2020,Kyrgyzstan,MARINE,0
2020,Kyrgyzstan,GEOTHERMAL,0
2020,Kyrgyzstan,WIND,0
2020,Kyrgyzstan,SOLAR,0
2021,Kyrgyzstan,BIOENERGY,0
2021,Kyrgyzstan,ALL,0
2021,Kyrgyzstan,HYDROPOWER,0
2021,Kyrgyzstan,GEOTHERMAL,0
2021,Kyrgyzstan,MARINE,0
2012,Kazakhstan,SOLAR,0
2013,Kazakhstan,GEOTHERMAL,0
2013,Kazakhstan,BIOENERGY,0
2013,Kazakhstan,MULTIPLE,0.02
2013,Kazakhstan,MARINE,0
2013,Kazakhstan,ALL,0.02
2013,Kazakhstan,WIND,0
2013,Kazakhstan,HYDROPOWER,0
2013,Kazakhstan,SOLAR,0
2014,Kazakhstan,ALL,38.36
2011,Georgia,HYDROPOWER,142.01
2011,Georgia,MULTIPLE,0
2011,Georgia,MARINE,0
2011,Georgia,GEOTHERMAL,0
2011,Georgia,BIOENERGY,0
2014,Kazakhstan,MARINE,0
2014,Kazakhstan,SOLAR,0
2014,Kazakhstan,MULTIPLE,14.99
2014,Kazakhstan,GEOTHERMAL,0
2014,Kazakhstan,BIOENERGY,0
2011,Georgia,SOLAR,0.08
2011,Georgia,WIND,0
2012,Georgia,MARINE,0
2012,Georgia,WIND,0
2012,Georgia,SOLAR,0.13
2014,Kazakhstan,HYDROPOWER,0
2014,Kazakhstan,WIND,23.37
2015,Kazakhstan,HYDROPOWER,0
2015,Kazakhstan,WIND,0
2015,Kazakhstan,SOLAR,0
2015,Kazakhstan,MULTIPLE,49.76
2015,Kazakhstan,ALL,49.76
2015,Kazakhstan,BIOENERGY,0
2015,Kazakhstan,GEOTHERMAL,0
2015,Kazakhstan,MARINE,0
2016,Kazakhstan,WIND,0
2016,Kazakhstan,SOLAR,47.11
2016,Kazakhstan,ALL,47.12
2016,Kazakhstan,MULTIPLE,0.01
2016,Kazakhstan,MARINE,0
2012,Georgia,BIOENERGY,0
2012,Georgia,MULTIPLE,33.76
2012,Georgia,HYDROPOWER,4.54
2012,Georgia,GEOTHERMAL,0
2012,Georgia,ALL,38.43
2004,Kosovo,ALL,0
2004,Kosovo,BIOENERGY,0
2004,Kosovo,SOLAR,0
2004,Kosovo,WIND,0
2004,Kosovo,MULTIPLE,0
2005,Kosovo,WIND,0
2005,Kosovo,MULTIPLE,0
2005,Kosovo,HYDROPOWER,0
2005,Kosovo,MARINE,0
2005,Kosovo,GEOTHERMAL,0
2013,Georgia,GEOTHERMAL,0.03
2013,Georgia,HYDROPOWER,8.27
2013,Georgia,WIND,0
2013,Georgia,SOLAR,0.05
2013,Georgia,ALL,9.86
2016,Kazakhstan,BIOENERGY,0
2016,Kazakhstan,GEOTHERMAL,0
2016,Kazakhstan,HYDROPOWER,0
2017,Kazakhstan,SOLAR,0
2017,Kazakhstan,MARINE,0
2005,Kosovo,SOLAR,0
2005,Kosovo,ALL,0
2005,Kosovo,BIOENERGY,0
2006,Kosovo,WIND,0
2006,Kosovo,MULTIPLE,0
2017,Kazakhstan,ALL,154.3
2017,Kazakhstan,BIOENERGY,0
2017,Kazakhstan,MULTIPLE,154.3
2017,Kazakhstan,WIND,0
2017,Kazakhstan,HYDROPOWER,0
2013,Georgia,BIOENERGY,0
2013,Georgia,MARINE,0
2013,Georgia,MULTIPLE,1.51
2014,Georgia,MARINE,0
2014,Georgia,HYDROPOWER,201.45
2014,Georgia,GEOTHERMAL,0
2014,Georgia,SOLAR,0
2014,Georgia,MULTIPLE,0.04
2014,Georgia,WIND,0
2014,Georgia,BIOENERGY,0.05
2014,Georgia,ALL,201.54
2015,Georgia,WIND,0
2015,Georgia,SOLAR,0
2015,Georgia,ALL,7.05
2015,Georgia,BIOENERGY,0.06
2015,Georgia,MULTIPLE,0.05
2015,Georgia,GEOTHERMAL,0
2015,Georgia,MARINE,0
2015,Georgia,HYDROPOWER,6.94
2016,Georgia,MULTIPLE,17.51
2016,Georgia,BIOENERGY,0
2016,Georgia,ALL,92.98
2016,Georgia,HYDROPOWER,0.53
2016,Georgia,MARINE,0
2016,Georgia,GEOTHERMAL,0
2016,Georgia,SOLAR,74.94
2016,Georgia,WIND,0
2017,Georgia,ALL,30.73
2017,Georgia,BIOENERGY,0
2017,Georgia,MULTIPLE,3.55
2017,Georgia,MARINE,0
2017,Georgia,HYDROPOWER,26.99
2017,Georgia,WIND,0
2017,Georgia,SOLAR,0.2
2017,Georgia,GEOTHERMAL,0
2018,Georgia,SOLAR,0.02
2018,Georgia,WIND,0.06
2018,Georgia,MULTIPLE,37.03
2018,Georgia,BIOENERGY,0
2018,Georgia,ALL,47.66
2018,Georgia,HYDROPOWER,10.55
2018,Georgia,MARINE,0
2018,Georgia,GEOTHERMAL,0
2019,Georgia,MARINE,0
2019,Georgia,HYDROPOWER,0.03
2019,Georgia,SOLAR,12.11
2019,Georgia,GEOTHERMAL,0.23
2019,Georgia,ALL,24.68
2019,Georgia,BIOENERGY,0
2019,Georgia,WIND,0.1
2019,Georgia,MULTIPLE,12.22
2020,Georgia,BIOENERGY,0
2020,Georgia,MARINE,0
2020,Georgia,GEOTHERMAL,0
2020,Georgia,SOLAR,0.59
2020,Georgia,MULTIPLE,0
2020,Georgia,HYDROPOWER,0
2020,Georgia,WIND,0.05
2020,Georgia,ALL,0.64
2021,Georgia,GEOTHERMAL,0
2017,Kazakhstan,GEOTHERMAL,0
2018,Kazakhstan,BIOENERGY,0
2018,Kazakhstan,GEOTHERMAL,0.08
2018,Kazakhstan,ALL,257.25
2018,Kazakhstan,MARINE,0
2006,Kosovo,GEOTHERMAL,0
2006,Kosovo,MARINE,0
2006,Kosovo,HYDROPOWER,0
2006,Kosovo,ALL,0
2006,Kosovo,BIOENERGY,0
2021,Kyrgyzstan,SOLAR,0
2021,Kyrgyzstan,WIND,0
2021,Kyrgyzstan,MULTIPLE,0
2000,Republic of Moldova,WIND,0
2000,Republic of Moldova,MULTIPLE,0
2000,Republic of Moldova,HYDROPOWER,0
2000,Republic of Moldova,ALL,0
2000,Republic of Moldova,MARINE,0
2000,Republic of Moldova,GEOTHERMAL,0
2000,Republic of Moldova,SOLAR,0
2018,Kazakhstan,MULTIPLE,144.48
2018,Kazakhstan,HYDROPOWER,0
2018,Kazakhstan,WIND,0
2018,Kazakhstan,SOLAR,112.69
2019,Kazakhstan,WIND,47.99
2021,Georgia,MARINE,0
2021,Georgia,WIND,0
2021,Georgia,SOLAR,0.89
2021,Georgia,ALL,4.86
2021,Georgia,BIOENERGY,0
2000,Republic of Moldova,BIOENERGY,0
2001,Republic of Moldova,BIOENERGY,0
2001,Republic of Moldova,MULTIPLE,0
2001,Republic of Moldova,MARINE,0
2001,Republic of Moldova,WIND,0
2019,Kazakhstan,HYDROPOWER,0
2019,Kazakhstan,BIOENERGY,0
2019,Kazakhstan,MULTIPLE,517.06
2019,Kazakhstan,MARINE,0
2019,Kazakhstan,ALL,607.48
2021,Georgia,HYDROPOWER,2.84
2021,Georgia,MULTIPLE,1.13
2011,Republic of Moldova,ALL,4.1
2011,Republic of Moldova,MULTIPLE,0
2011,Republic of Moldova,SOLAR,4.08
2019,Kazakhstan,SOLAR,42.39
2019,Kazakhstan,GEOTHERMAL,0.03
2020,Kazakhstan,MULTIPLE,28.04
2020,Kazakhstan,ALL,28.04
2020,Kazakhstan,MARINE,0
2001,Republic of Moldova,ALL,0
2001,Republic of Moldova,HYDROPOWER,0
2001,Republic of Moldova,SOLAR,0
2001,Republic of Moldova,GEOTHERMAL,0
2002,Republic of Moldova,SOLAR,0
2020,Kazakhstan,BIOENERGY,0
2020,Kazakhstan,GEOTHERMAL,0.01
2020,Kazakhstan,SOLAR,0
2020,Kazakhstan,HYDROPOWER,0
2020,Kazakhstan,WIND,0
2002,Republic of Moldova,WIND,0
2002,Republic of Moldova,HYDROPOWER,0
2002,Republic of Moldova,ALL,0
2002,Republic of Moldova,GEOTHERMAL,0
2002,Republic of Moldova,MULTIPLE,0
2002,Republic of Moldova,MARINE,0
2002,Republic of Moldova,BIOENERGY,0
2003,Republic of Moldova,BIOENERGY,0
2003,Republic of Moldova,MARINE,0
2003,Republic of Moldova,GEOTHERMAL,0
2003,Republic of Moldova,ALL,0
2003,Republic of Moldova,HYDROPOWER,0
2003,Republic of Moldova,MULTIPLE,0
2003,Republic of Moldova,WIND,0
2003,Republic of Moldova,SOLAR,0
2011,Republic of Moldova,MARINE,0
2012,Republic of Moldova,MULTIPLE,0.4
2012,Republic of Moldova,ALL,3.4
2012,Republic of Moldova,WIND,2.91
2012,Republic of Moldova,GEOTHERMAL,0
2021,Kazakhstan,SOLAR,0
2021,Kazakhstan,BIOENERGY,0
2021,Kazakhstan,ALL,42.58
2021,Kazakhstan,GEOTHERMAL,0.17
2021,Kazakhstan,MULTIPLE,0.05
2012,Republic of Moldova,HYDROPOWER,0
2012,Republic of Moldova,SOLAR,0
2012,Republic of Moldova,MARINE,0
2012,Republic of Moldova,BIOENERGY,0.1
2013,Republic of Moldova,BIOENERGY,23.8
2013,Republic of Moldova,SOLAR,0
2013,Republic of Moldova,HYDROPOWER,0
2013,Republic of Moldova,GEOTHERMAL,0
2013,Republic of Moldova,ALL,24.85
2013,Republic of Moldova,WIND,0
2004,Republic of Moldova,ALL,0
2004,Republic of Moldova,SOLAR,0
2004,Republic of Moldova,MULTIPLE,0
2004,Republic of Moldova,GEOTHERMAL,0
2004,Republic of Moldova,WIND,0
2013,Republic of Moldova,MULTIPLE,1.05
2013,Republic of Moldova,MARINE,0
2014,Republic of Moldova,MARINE,0
2014,Republic of Moldova,BIOENERGY,0.03
2014,Republic of Moldova,MULTIPLE,0.23
2004,Republic of Moldova,MARINE,0
2004,Republic of Moldova,HYDROPOWER,0
2004,Republic of Moldova,BIOENERGY,0
2005,Republic of Moldova,HYDROPOWER,0
2005,Republic of Moldova,WIND,0
2014,Republic of Moldova,ALL,0.28
2014,Republic of Moldova,GEOTHERMAL,0
2014,Republic of Moldova,HYDROPOWER,0
2014,Republic of Moldova,SOLAR,0.02
2014,Republic of Moldova,WIND,0
2005,Republic of Moldova,SOLAR,0
2005,Republic of Moldova,ALL,0
2005,Republic of Moldova,GEOTHERMAL,0
2005,Republic of Moldova,BIOENERGY,0
2005,Republic of Moldova,MARINE,0
2005,Republic of Moldova,MULTIPLE,0
2006,Republic of Moldova,MULTIPLE,0
2006,Republic of Moldova,MARINE,0
2006,Republic of Moldova,BIOENERGY,0
2006,Republic of Moldova,ALL,0
2015,Republic of Moldova,WIND,0
2015,Republic of Moldova,BIOENERGY,0.02
2015,Republic of Moldova,MARINE,0
2015,Republic of Moldova,SOLAR,0.08
2015,Republic of Moldova,ALL,0.52
2015,Republic of Moldova,MULTIPLE,0.43
2015,Republic of Moldova,HYDROPOWER,0
2015,Republic of Moldova,GEOTHERMAL,0
2016,Republic of Moldova,SOLAR,0.21
2016,Republic of Moldova,MARINE,0
2006,Republic of Moldova,GEOTHERMAL,0
2006,Republic of Moldova,HYDROPOWER,0
2006,Republic of Moldova,WIND,0
2006,Republic of Moldova,SOLAR,0
2007,Republic of Moldova,BIOENERGY,0
2007,Republic of Moldova,SOLAR,0
2007,Republic of Moldova,HYDROPOWER,0
2007,Republic of Moldova,GEOTHERMAL,0
2007,Republic of Moldova,ALL,0
2007,Republic of Moldova,WIND,0
2016,Republic of Moldova,ALL,0.23
2016,Republic of Moldova,GEOTHERMAL,0
2016,Republic of Moldova,HYDROPOWER,0
2016,Republic of Moldova,MULTIPLE,0.02
2016,Republic of Moldova,BIOENERGY,0
2016,Republic of Moldova,WIND,0
2017,Republic of Moldova,WIND,0
2017,Republic of Moldova,BIOENERGY,0
2017,Republic of Moldova,HYDROPOWER,0
2017,Republic of Moldova,SOLAR,0.04
2017,Republic of Moldova,GEOTHERMAL,0
2017,Republic of Moldova,ALL,0.23
2017,Republic of Moldova,MULTIPLE,0.18
2017,Republic of Moldova,MARINE,0
2018,Republic of Moldova,GEOTHERMAL,0
2006,Kosovo,SOLAR,0
2007,Kosovo,HYDROPOWER,0
2007,Kosovo,MARINE,0
2007,Kosovo,GEOTHERMAL,0
2007,Kosovo,ALL,0
2007,Republic of Moldova,MULTIPLE,0
2007,Republic of Moldova,MARINE,0
2008,Republic of Moldova,HYDROPOWER,0
2008,Republic of Moldova,MARINE,0
2008,Republic of Moldova,MULTIPLE,0
2018,Republic of Moldova,SOLAR,0.09
2018,Republic of Moldova,ALL,0.1
2018,Republic of Moldova,HYDROPOWER,0
2018,Republic of Moldova,MARINE,0
2018,Republic of Moldova,MULTIPLE,0
2008,Republic of Moldova,ALL,0
2008,Republic of Moldova,GEOTHERMAL,0
2008,Republic of Moldova,BIOENERGY,0
2008,Republic of Moldova,SOLAR,0
2008,Republic of Moldova,WIND,0
2018,Republic of Moldova,BIOENERGY,0
2018,Republic of Moldova,WIND,0
2019,Republic of Moldova,MULTIPLE,0.12
2019,Republic of Moldova,MARINE,0
2019,Republic of Moldova,HYDROPOWER,0
2009,Republic of Moldova,WIND,0
2009,Republic of Moldova,SOLAR,0
2009,Republic of Moldova,MARINE,0
2009,Republic of Moldova,GEOTHERMAL,0
2009,Republic of Moldova,ALL,0.11
2019,Republic of Moldova,SOLAR,0.06
2019,Republic of Moldova,GEOTHERMAL,0
2019,Republic of Moldova,WIND,0.06
2019,Republic of Moldova,BIOENERGY,0
2019,Republic of Moldova,ALL,0.24
2009,Republic of Moldova,MULTIPLE,0.11
2009,Republic of Moldova,HYDROPOWER,0
2009,Republic of Moldova,BIOENERGY,0
2010,Republic of Moldova,GEOTHERMAL,0
2010,Republic of Moldova,BIOENERGY,19.09
2020,Republic of Moldova,GEOTHERMAL,0
2020,Republic of Moldova,BIOENERGY,0
2020,Republic of Moldova,WIND,0
2020,Republic of Moldova,ALL,0.09
2020,Republic of Moldova,SOLAR,0.03
2020,Republic of Moldova,HYDROPOWER,0
2020,Republic of Moldova,MULTIPLE,0.05
2020,Republic of Moldova,MARINE,0
2021,Republic of Moldova,WIND,0
2021,Republic of Moldova,BIOENERGY,0
2021,Republic of Moldova,MARINE,0
2021,Republic of Moldova,HYDROPOWER,0
2021,Republic of Moldova,SOLAR,0.28
2021,Republic of Moldova,ALL,0.33
2021,Republic of Moldova,GEOTHERMAL,0
2021,Republic of Moldova,MULTIPLE,0.06
2000,Montenegro,SOLAR,0
2000,Montenegro,WIND,0
2000,Montenegro,GEOTHERMAL,0
2000,Montenegro,MULTIPLE,0
2010,Republic of Moldova,MULTIPLE,0
2010,Republic of Moldova,ALL,19.09
2010,Republic of Moldova,HYDROPOWER,0
2010,Republic of Moldova,MARINE,0
2010,Republic of Moldova,SOLAR,0
2010,Republic of Moldova,WIND,0
2011,Republic of Moldova,WIND,0
2011,Republic of Moldova,HYDROPOWER,0
2011,Republic of Moldova,BIOENERGY,0.02
2011,Republic of Moldova,GEOTHERMAL,0
2000,Montenegro,HYDROPOWER,0
2000,Montenegro,MARINE,0
2000,Montenegro,ALL,0
2000,Montenegro,BIOENERGY,0
2001,Montenegro,BIOENERGY,0
2007,Kosovo,BIOENERGY,0
2007,Kosovo,MULTIPLE,0
2007,Kosovo,WIND,0
2007,Kosovo,SOLAR,0
2008,Kosovo,ALL,0
2001,Montenegro,MARINE,0
2001,Montenegro,SOLAR,0
2001,Montenegro,ALL,0
2001,Montenegro,HYDROPOWER,0
2001,Montenegro,MULTIPLE,0
2008,Kosovo,SOLAR,0
2008,Kosovo,WIND,0
2008,Kosovo,MULTIPLE,0
2008,Kosovo,MARINE,0
2008,Kosovo,GEOTHERMAL,0
2001,Montenegro,WIND,0
2001,Montenegro,GEOTHERMAL,0
2002,Montenegro,GEOTHERMAL,0
2002,Montenegro,ALL,0
2002,Montenegro,SOLAR,0
2002,Montenegro,WIND,0
2002,Montenegro,MARINE,0
2002,Montenegro,BIOENERGY,0
2002,Montenegro,MULTIPLE,0
2002,Montenegro,HYDROPOWER,0
2003,Montenegro,SOLAR,0
2003,Montenegro,ALL,0
2003,Montenegro,MULTIPLE,0
2003,Montenegro,WIND,0
2003,Montenegro,HYDROPOWER,0
2003,Montenegro,BIOENERGY,0
2003,Montenegro,MARINE,0
2003,Montenegro,GEOTHERMAL,0
2004,Montenegro,GEOTHERMAL,0
2004,Montenegro,MARINE,0
2004,Montenegro,HYDROPOWER,0
2004,Montenegro,BIOENERGY,0
2004,Montenegro,ALL,0
2004,Montenegro,SOLAR,0
2004,Montenegro,WIND,0
2004,Montenegro,MULTIPLE,0
2005,Montenegro,MULTIPLE,0
2005,Montenegro,WIND,0
2005,Montenegro,HYDROPOWER,0
2005,Montenegro,MARINE,0
2005,Montenegro,GEOTHERMAL,0
2005,Montenegro,SOLAR,0
2005,Montenegro,BIOENERGY,0
2005,Montenegro,ALL,0
2006,Montenegro,WIND,0
2006,Montenegro,MULTIPLE,0
2006,Montenegro,GEOTHERMAL,0
2006,Montenegro,MARINE,0
2006,Montenegro,HYDROPOWER,0
2006,Montenegro,ALL,0
2006,Montenegro,SOLAR,0
2006,Montenegro,BIOENERGY,0
2007,Montenegro,HYDROPOWER,1.66
2007,Montenegro,MARINE,0
2007,Montenegro,GEOTHERMAL,0
2007,Montenegro,ALL,1.66
2007,Montenegro,BIOENERGY,0
2007,Montenegro,MULTIPLE,0
2007,Montenegro,WIND,0
2007,Montenegro,SOLAR,0
2008,Montenegro,ALL,0.13
2008,Montenegro,WIND,0
2008,Montenegro,MULTIPLE,0.13
2008,Montenegro,SOLAR,0
2008,Montenegro,GEOTHERMAL,0
2008,Montenegro,MARINE,0
2008,Montenegro,BIOENERGY,0
2008,Montenegro,HYDROPOWER,0
2009,Montenegro,BIOENERGY,0
2009,Montenegro,ALL,0.15
2009,Montenegro,MULTIPLE,0.15
2009,Montenegro,WIND,0
2009,Montenegro,HYDROPOWER,0
2009,Montenegro,SOLAR,0
2009,Montenegro,MARINE,0
2009,Montenegro,GEOTHERMAL,0
2010,Montenegro,MARINE,0
2010,Montenegro,BIOENERGY,0
2010,Montenegro,ALL,0.2
2010,Montenegro,MULTIPLE,0.14
2008,Kosovo,BIOENERGY,0
2008,Kosovo,HYDROPOWER,0
2009,Kosovo,ALL,0
2009,Kosovo,MARINE,0
2009,Kosovo,WIND,0
2009,Kosovo,SOLAR,0
2009,Kosovo,HYDROPOWER,0
2009,Kosovo,MULTIPLE,0
2009,Kosovo,GEOTHERMAL,0
2009,Kosovo,BIOENERGY,0
2010,Montenegro,SOLAR,0
2010,Montenegro,WIND,0
2010,Montenegro,HYDROPOWER,0.06
2010,Montenegro,GEOTHERMAL,0
2011,Montenegro,MULTIPLE,6.53
2011,Montenegro,SOLAR,0
2011,Montenegro,BIOENERGY,0.02
2011,Montenegro,ALL,6.54
2011,Montenegro,MARINE,0
2011,Montenegro,HYDROPOWER,0
2010,Kosovo,GEOTHERMAL,0
2010,Kosovo,ALL,0
2010,Kosovo,MARINE,0
2010,Kosovo,SOLAR,0
2010,Kosovo,BIOENERGY,0
2011,Montenegro,WIND,0
2011,Montenegro,GEOTHERMAL,0
2012,Montenegro,MARINE,0
2012,Montenegro,WIND,0
2012,Montenegro,HYDROPOWER,0
2012,Montenegro,BIOENERGY,0
2012,Montenegro,GEOTHERMAL,0
2012,Montenegro,SOLAR,0
2012,Montenegro,ALL,0
2012,Montenegro,MULTIPLE,0
2013,Montenegro,HYDROPOWER,0
2013,Montenegro,WIND,0
2013,Montenegro,BIOENERGY,0
2013,Montenegro,GEOTHERMAL,0
2013,Montenegro,MARINE,0
2013,Montenegro,MULTIPLE,0
2013,Montenegro,ALL,0
2013,Montenegro,SOLAR,0
2014,Montenegro,MARINE,0
2014,Montenegro,MULTIPLE,27.91
2010,Kosovo,WIND,0
2010,Kosovo,MULTIPLE,0
2010,Kosovo,HYDROPOWER,0
2011,Kosovo,WIND,0
2011,Kosovo,SOLAR,0
2014,Montenegro,GEOTHERMAL,0
2014,Montenegro,BIOENERGY,0.24
2014,Montenegro,SOLAR,0
2014,Montenegro,ALL,28.15
2014,Montenegro,WIND,0
2014,Montenegro,HYDROPOWER,0
2015,Montenegro,HYDROPOWER,0
2015,Montenegro,WIND,20.56
2015,Montenegro,MULTIPLE,65.77
2015,Montenegro,SOLAR,0
2015,Montenegro,BIOENERGY,0
2015,Montenegro,ALL,86.33
2015,Montenegro,MARINE,0
2015,Montenegro,GEOTHERMAL,0
2016,Montenegro,SOLAR,4.77
2000,Serbia,WIND,0
2000,Serbia,MULTIPLE,0
2000,Serbia,ALL,0
2000,Serbia,HYDROPOWER,0
2000,Serbia,SOLAR,0
2016,Montenegro,MARINE,0
2016,Montenegro,ALL,4.82
2016,Montenegro,MULTIPLE,0.05
2016,Montenegro,WIND,0
2016,Montenegro,HYDROPOWER,0
2016,Montenegro,GEOTHERMAL,0
2016,Montenegro,BIOENERGY,0
2017,Montenegro,HYDROPOWER,0
2017,Montenegro,WIND,0
2017,Montenegro,ALL,0.01
2017,Montenegro,MULTIPLE,0.01
2017,Montenegro,MARINE,0
2017,Montenegro,SOLAR,0
2017,Montenegro,BIOENERGY,0
2017,Montenegro,GEOTHERMAL,0
2000,Serbia,MARINE,0
2000,Serbia,GEOTHERMAL,0
2000,Serbia,BIOENERGY,0
2001,Serbia,GEOTHERMAL,0
2001,Serbia,MARINE,0
2018,Montenegro,GEOTHERMAL,0
2018,Montenegro,BIOENERGY,0
2018,Montenegro,MULTIPLE,0
2018,Montenegro,SOLAR,0
2018,Montenegro,ALL,0
2018,Montenegro,WIND,0
2018,Montenegro,MARINE,0
2018,Montenegro,HYDROPOWER,0
2019,Montenegro,MULTIPLE,90.3
2019,Montenegro,WIND,0
2019,Montenegro,HYDROPOWER,0
2019,Montenegro,ALL,90.3
2019,Montenegro,SOLAR,0
2019,Montenegro,MARINE,0
2019,Montenegro,BIOENERGY,0
2001,Serbia,WIND,0
2001,Serbia,BIOENERGY,0
2001,Serbia,SOLAR,0
2001,Serbia,HYDROPOWER,0
2001,Serbia,MULTIPLE,0
2019,Montenegro,GEOTHERMAL,0
2020,Montenegro,WIND,0
2020,Montenegro,MULTIPLE,0.26
2020,Montenegro,GEOTHERMAL,0
2020,Montenegro,BIOENERGY,0
2001,Serbia,ALL,0
2002,Serbia,GEOTHERMAL,0
2002,Serbia,BIOENERGY,0
2002,Serbia,WIND,0
2002,Serbia,MULTIPLE,10.1
2020,Montenegro,ALL,17.35
2020,Montenegro,SOLAR,0
2020,Montenegro,HYDROPOWER,17.09
2020,Montenegro,MARINE,0
2021,Montenegro,MARINE,0
2002,Serbia,ALL,16.25
2002,Serbia,MARINE,0
2002,Serbia,HYDROPOWER,6.15
2002,Serbia,SOLAR,0
2003,Serbia,WIND,0
2003,Serbia,BIOENERGY,0
2003,Serbia,HYDROPOWER,5.78
2003,Serbia,MULTIPLE,1.85
2003,Serbia,SOLAR,0
2003,Serbia,GEOTHERMAL,0
2021,Montenegro,BIOENERGY,0.04
2021,Montenegro,GEOTHERMAL,0
2021,Montenegro,SOLAR,0
2021,Montenegro,ALL,0.04
2021,Montenegro,MULTIPLE,0
2003,Serbia,MARINE,0
2003,Serbia,ALL,7.63
2004,Serbia,ALL,7.27
2004,Serbia,MARINE,0
2004,Serbia,SOLAR,0
2011,Kosovo,HYDROPOWER,0
2011,Kosovo,MULTIPLE,0
2011,Kosovo,BIOENERGY,0
2011,Kosovo,MARINE,0
2011,Kosovo,ALL,0
2004,Serbia,GEOTHERMAL,0
2004,Serbia,BIOENERGY,0
2004,Serbia,WIND,0
2004,Serbia,MULTIPLE,1.39
2004,Serbia,HYDROPOWER,5.88
2011,Kosovo,GEOTHERMAL,0
2012,Kosovo,BIOENERGY,0
2012,Kosovo,HYDROPOWER,0
2012,Kosovo,MULTIPLE,0
2012,Kosovo,GEOTHERMAL,0
2021,Kazakhstan,WIND,42.37
2021,Kazakhstan,HYDROPOWER,0
2021,Kazakhstan,MARINE,0
2000,Tajikistan,ALL,0
2000,Tajikistan,BIOENERGY,0
2005,Serbia,SOLAR,0
2005,Serbia,MULTIPLE,0
2005,Serbia,HYDROPOWER,42.64
2005,Serbia,MARINE,0
2005,Serbia,ALL,42.64
2000,Tajikistan,SOLAR,0
2000,Tajikistan,WIND,0
2000,Tajikistan,MULTIPLE,0
2000,Tajikistan,HYDROPOWER,0
2000,Tajikistan,GEOTHERMAL,0
2005,Serbia,WIND,0
2005,Serbia,BIOENERGY,0
2005,Serbia,GEOTHERMAL,0
2006,Serbia,MULTIPLE,20.88
2006,Serbia,HYDROPOWER,0
2006,Serbia,ALL,20.88
2006,Serbia,MARINE,0
2006,Serbia,SOLAR,0
2006,Serbia,BIOENERGY,0
2006,Serbia,GEOTHERMAL,0
2000,Tajikistan,MARINE,0
2001,Tajikistan,MULTIPLE,0
2001,Tajikistan,BIOENERGY,0
2001,Tajikistan,GEOTHERMAL,0
2001,Tajikistan,HYDROPOWER,0
2006,Serbia,WIND,0
2007,Serbia,SOLAR,0
2007,Serbia,MARINE,0
2007,Serbia,ALL,42.82
2007,Serbia,GEOTHERMAL,0
2001,Tajikistan,MARINE,0
2001,Tajikistan,WIND,0
2001,Tajikistan,ALL,0
2001,Tajikistan,SOLAR,0
2002,Tajikistan,SOLAR,0
2002,Tajikistan,ALL,21.49
2002,Tajikistan,MARINE,0
2002,Tajikistan,WIND,0
2002,Tajikistan,BIOENERGY,0
2002,Tajikistan,MULTIPLE,0
2002,Tajikistan,HYDROPOWER,21.49
2002,Tajikistan,GEOTHERMAL,0
2003,Tajikistan,GEOTHERMAL,0
2003,Tajikistan,HYDROPOWER,0
2003,Tajikistan,MULTIPLE,21.88
2007,Serbia,BIOENERGY,0.29
2007,Serbia,HYDROPOWER,23.65
2007,Serbia,MULTIPLE,18.88
2007,Serbia,WIND,0
2008,Serbia,BIOENERGY,1.03
2008,Serbia,WIND,0.05
2008,Serbia,SOLAR,0.27
2008,Serbia,MULTIPLE,15.8
2008,Serbia,ALL,17.15
2008,Serbia,MARINE,0
2021,Montenegro,WIND,0
2021,Montenegro,HYDROPOWER,0
2000,Türkiye,MULTIPLE,134.7
2000,Türkiye,SOLAR,0
2000,Türkiye,ALL,134.7
2008,Serbia,GEOTHERMAL,0
2008,Serbia,HYDROPOWER,0
2009,Serbia,BIOENERGY,0.05
2009,Serbia,MARINE,0
2009,Serbia,WIND,0
2000,Türkiye,BIOENERGY,0
2000,Türkiye,HYDROPOWER,0
2000,Türkiye,WIND,0
2000,Türkiye,GEOTHERMAL,0
2000,Türkiye,MARINE,0
2003,Tajikistan,BIOENERGY,0
2003,Tajikistan,ALL,21.88
2003,Tajikistan,MARINE,0
2003,Tajikistan,WIND,0
2003,Tajikistan,SOLAR,0
2001,Türkiye,SOLAR,0
2001,Türkiye,BIOENERGY,0.01
2001,Türkiye,MARINE,0
2001,Türkiye,GEOTHERMAL,0
2001,Türkiye,HYDROPOWER,0
2004,Tajikistan,HYDROPOWER,0
2004,Tajikistan,MARINE,0
2004,Tajikistan,SOLAR,0
2004,Tajikistan,WIND,0
2004,Tajikistan,GEOTHERMAL,0
2009,Serbia,SOLAR,0
2009,Serbia,HYDROPOWER,0
2009,Serbia,MULTIPLE,0.11
2009,Serbia,GEOTHERMAL,0
2009,Serbia,ALL,0.16
2001,Türkiye,ALL,0.01
2001,Türkiye,WIND,0
2001,Türkiye,MULTIPLE,0
2002,Türkiye,HYDROPOWER,0
2002,Türkiye,GEOTHERMAL,0
2002,Türkiye,MARINE,0
2002,Türkiye,MULTIPLE,0
2002,Türkiye,WIND,0
2002,Türkiye,ALL,0
2002,Türkiye,BIOENERGY,0
2004,Tajikistan,ALL,0
2004,Tajikistan,BIOENERGY,0
2004,Tajikistan,MULTIPLE,0
2005,Tajikistan,MARINE,0
2005,Tajikistan,HYDROPOWER,0.58
2010,Serbia,MARINE,0
2010,Serbia,GEOTHERMAL,0
2010,Serbia,BIOENERGY,0
2010,Serbia,WIND,0
2010,Serbia,ALL,94.25
2002,Türkiye,SOLAR,0
2003,Türkiye,MARINE,0
2003,Türkiye,GEOTHERMAL,0
2003,Türkiye,HYDROPOWER,0
2003,Türkiye,WIND,0
2012,Kosovo,ALL,0
2012,Kosovo,SOLAR,0
2012,Kosovo,WIND,0
2012,Kosovo,MARINE,0
2013,Kosovo,MULTIPLE,0.01
2003,Türkiye,MULTIPLE,0
2003,Türkiye,SOLAR,0
2003,Türkiye,BIOENERGY,0
2003,Türkiye,ALL,0
2004,Türkiye,BIOENERGY,0
2013,Kosovo,MARINE,0
2013,Kosovo,GEOTHERMAL,0
2013,Kosovo,ALL,0.28
2013,Kosovo,BIOENERGY,0
2013,Kosovo,HYDROPOWER,0
2004,Türkiye,SOLAR,0
2004,Türkiye,HYDROPOWER,0.78
2004,Türkiye,GEOTHERMAL,0.35
2004,Türkiye,MARINE,0
2004,Türkiye,MULTIPLE,131.14
2004,Türkiye,WIND,0
2004,Türkiye,ALL,132.28
2005,Türkiye,WIND,0
2005,Türkiye,MULTIPLE,0.36
2005,Türkiye,BIOENERGY,0
2005,Tajikistan,GEOTHERMAL,0
2005,Tajikistan,MULTIPLE,0.01
2005,Tajikistan,WIND,0
2005,Tajikistan,SOLAR,0
2005,Tajikistan,BIOENERGY,0
2013,Kosovo,WIND,0
2013,Kosovo,SOLAR,0.28
2014,Kosovo,WIND,0
2014,Kosovo,HYDROPOWER,0
2014,Kosovo,GEOTHERMAL,0
2010,Serbia,SOLAR,0
2010,Serbia,MULTIPLE,94.25
2010,Serbia,HYDROPOWER,0
2011,Serbia,SOLAR,0
2011,Serbia,WIND,0
2014,Kosovo,MARINE,0
2014,Kosovo,MULTIPLE,27.33
2014,Kosovo,BIOENERGY,0
2014,Kosovo,ALL,27.33
2014,Kosovo,SOLAR,0
2005,Tajikistan,ALL,0.58
2006,Tajikistan,BIOENERGY,0
2006,Tajikistan,MULTIPLE,0.56
2006,Tajikistan,GEOTHERMAL,0
2006,Tajikistan,HYDROPOWER,0
2005,Türkiye,ALL,0.36
2005,Türkiye,MARINE,0
2005,Türkiye,GEOTHERMAL,0
2005,Türkiye,SOLAR,0
2005,Türkiye,HYDROPOWER,0
2006,Türkiye,WIND,0
2006,Türkiye,ALL,0.24
2006,Türkiye,BIOENERGY,0
2006,Türkiye,SOLAR,0
2006,Türkiye,HYDROPOWER,0
2011,Serbia,HYDROPOWER,59.31
2011,Serbia,MULTIPLE,59.04
2011,Serbia,ALL,118.38
2011,Serbia,BIOENERGY,0.02
2011,Serbia,GEOTHERMAL,0
2015,Kosovo,BIOENERGY,25.61
2015,Kosovo,GEOTHERMAL,0
2015,Kosovo,SOLAR,0
2015,Kosovo,ALL,25.64
2015,Kosovo,MARINE,0
2011,Serbia,MARINE,0
2012,Serbia,ALL,3
2012,Serbia,MARINE,0
2012,Serbia,HYDROPOWER,0
2012,Serbia,GEOTHERMAL,0
2006,Tajikistan,SOLAR,0
2006,Tajikistan,WIND,0
2006,Tajikistan,ALL,0.56
2006,Tajikistan,MARINE,0
2007,Tajikistan,BIOENERGY,0
2012,Serbia,BIOENERGY,2.97
2012,Serbia,WIND,0
2012,Serbia,SOLAR,0
2012,Serbia,MULTIPLE,0.03
2013,Serbia,HYDROPOWER,0
2007,Tajikistan,ALL,23.45
2007,Tajikistan,WIND,0
2007,Tajikistan,SOLAR,0
2007,Tajikistan,GEOTHERMAL,0
2007,Tajikistan,MULTIPLE,23.44
2006,Türkiye,MULTIPLE,0.24
2006,Türkiye,GEOTHERMAL,0
2006,Türkiye,MARINE,0
2007,Türkiye,BIOENERGY,0
2007,Türkiye,ALL,1.68
2013,Serbia,MARINE,0
2013,Serbia,ALL,38.24
2013,Serbia,BIOENERGY,10.45
2013,Serbia,GEOTHERMAL,0
2013,Serbia,MULTIPLE,3.28
2007,Türkiye,GEOTHERMAL,0
2007,Türkiye,SOLAR,0
2007,Türkiye,MARINE,0
2007,Türkiye,WIND,0
2007,Türkiye,MULTIPLE,0.22
2007,Tajikistan,MARINE,0
2007,Tajikistan,HYDROPOWER,0
2008,Tajikistan,SOLAR,0
2008,Tajikistan,ALL,36.15
2008,Tajikistan,WIND,0
2013,Serbia,SOLAR,0
2013,Serbia,WIND,24.51
2014,Serbia,SOLAR,0
2014,Serbia,MULTIPLE,0.06
2014,Serbia,ALL,3.49
2008,Tajikistan,BIOENERGY,0
2008,Tajikistan,MULTIPLE,0
2008,Tajikistan,GEOTHERMAL,0
2008,Tajikistan,HYDROPOWER,36.15
2008,Tajikistan,MARINE,0
2014,Serbia,MARINE,0
2014,Serbia,HYDROPOWER,0
2014,Serbia,GEOTHERMAL,0.05
2014,Serbia,BIOENERGY,0.03
2014,Serbia,WIND,3.35
2015,Serbia,BIOENERGY,0
2015,Serbia,GEOTHERMAL,0.85
2015,Serbia,SOLAR,0
2015,Serbia,WIND,0
2015,Serbia,HYDROPOWER,0
2007,Türkiye,HYDROPOWER,1.46
2008,Türkiye,HYDROPOWER,0
2008,Türkiye,MULTIPLE,69.21
2008,Türkiye,MARINE,0
2008,Türkiye,WIND,0
2009,Tajikistan,HYDROPOWER,0
2009,Tajikistan,MULTIPLE,0.14
2009,Tajikistan,BIOENERGY,0
2009,Tajikistan,ALL,0.14
2009,Tajikistan,WIND,0
2015,Serbia,MARINE,0
2015,Serbia,MULTIPLE,3.73
2015,Serbia,ALL,4.58
2016,Serbia,BIOENERGY,7.58
2016,Serbia,WIND,0
2008,Türkiye,ALL,69.21
2008,Türkiye,BIOENERGY,0
2008,Türkiye,SOLAR,0
2008,Türkiye,GEOTHERMAL,0
2009,Türkiye,GEOTHERMAL,0
2009,Tajikistan,MARINE,0
2009,Tajikistan,GEOTHERMAL,0
2009,Tajikistan,SOLAR,0
2010,Tajikistan,SOLAR,4.34
2010,Tajikistan,GEOTHERMAL,0
2016,Serbia,SOLAR,0
2016,Serbia,MULTIPLE,0.08
2016,Serbia,ALL,18.65
2016,Serbia,GEOTHERMAL,0.29
2016,Serbia,MARINE,0
2009,Türkiye,SOLAR,0.22
2009,Türkiye,MARINE,0
2009,Türkiye,HYDROPOWER,0
2009,Türkiye,MULTIPLE,506.7
2009,Türkiye,ALL,506.92
2016,Serbia,HYDROPOWER,10.71
2017,Serbia,WIND,203.19
2017,Serbia,SOLAR,0
2017,Serbia,MARINE,0
2017,Serbia,MULTIPLE,126.59
2017,Serbia,HYDROPOWER,0.01
2017,Serbia,BIOENERGY,30.24
2017,Serbia,GEOTHERMAL,0
2017,Serbia,ALL,360.03
2018,Serbia,ALL,100.91
2010,Tajikistan,MARINE,0
2010,Tajikistan,WIND,0
2010,Tajikistan,ALL,6.75
2010,Tajikistan,BIOENERGY,0
2010,Tajikistan,MULTIPLE,0.19
2009,Türkiye,BIOENERGY,0
2009,Türkiye,WIND,0
2010,Türkiye,SOLAR,0
2010,Türkiye,GEOTHERMAL,0
2010,Türkiye,HYDROPOWER,0
2010,Türkiye,WIND,14.55
2010,Türkiye,MARINE,0
2010,Türkiye,MULTIPLE,273.86
2010,Türkiye,BIOENERGY,3.44
2010,Türkiye,ALL,291.85
2011,Türkiye,MARINE,0
2011,Türkiye,WIND,0
2011,Türkiye,HYDROPOWER,0
2011,Türkiye,BIOENERGY,0
2011,Türkiye,MULTIPLE,825.34
2018,Serbia,GEOTHERMAL,0
2018,Serbia,HYDROPOWER,0
2018,Serbia,BIOENERGY,72.26
2018,Serbia,SOLAR,0
2018,Serbia,WIND,28.43
2018,Serbia,MULTIPLE,0.22
2018,Serbia,MARINE,0
2019,Serbia,MULTIPLE,1.13
2019,Serbia,MARINE,0
2019,Serbia,HYDROPOWER,0
2010,Tajikistan,HYDROPOWER,2.22
2011,Tajikistan,MARINE,0
2011,Tajikistan,GEOTHERMAL,0
2011,Tajikistan,SOLAR,0
2011,Tajikistan,ALL,0.8
2011,Türkiye,GEOTHERMAL,0.46
2011,Türkiye,SOLAR,0
2011,Türkiye,ALL,825.8
2012,Türkiye,BIOENERGY,0
2012,Türkiye,ALL,288.3
2019,Serbia,ALL,13.54
2019,Serbia,GEOTHERMAL,0
2019,Serbia,WIND,12.4
2019,Serbia,SOLAR,0
2019,Serbia,BIOENERGY,0.01
2020,Serbia,MARINE,0
2020,Serbia,MULTIPLE,0.25
2020,Serbia,GEOTHERMAL,0
2020,Serbia,ALL,10.85
2020,Serbia,HYDROPOWER,0
2011,Tajikistan,WIND,0
2011,Tajikistan,HYDROPOWER,0.8
2011,Tajikistan,MULTIPLE,0
2011,Tajikistan,BIOENERGY,0
2012,Tajikistan,MULTIPLE,0
2012,Türkiye,SOLAR,0
2012,Türkiye,GEOTHERMAL,0
2012,Türkiye,HYDROPOWER,0
2012,Türkiye,WIND,0
2012,Türkiye,MULTIPLE,288.3
2020,Serbia,BIOENERGY,0.01
2020,Serbia,SOLAR,10.59
2020,Serbia,WIND,0
2021,Serbia,HYDROPOWER,0
2021,Serbia,ALL,13.01
2012,Tajikistan,HYDROPOWER,3.62
2012,Tajikistan,SOLAR,0
2012,Tajikistan,GEOTHERMAL,0
2012,Tajikistan,MARINE,0
2012,Tajikistan,WIND,0
2021,Serbia,GEOTHERMAL,0
2021,Serbia,SOLAR,1.66
2021,Serbia,BIOENERGY,0.66
2021,Serbia,MARINE,0
2021,Serbia,MULTIPLE,8.22
2012,Tajikistan,ALL,3.62
2012,Tajikistan,BIOENERGY,0
2013,Tajikistan,MARINE,0
2013,Tajikistan,GEOTHERMAL,0
2013,Tajikistan,HYDROPOWER,131.25
2012,Türkiye,MARINE,0
2013,Türkiye,BIOENERGY,0
2013,Türkiye,MULTIPLE,613.16
2013,Türkiye,GEOTHERMAL,0.23
2013,Türkiye,SOLAR,0
2013,Türkiye,MARINE,0
2013,Türkiye,ALL,613.42
2013,Türkiye,WIND,0
2013,Türkiye,HYDROPOWER,0.03
2014,Türkiye,WIND,49.68
2013,Tajikistan,ALL,137.91
2013,Tajikistan,WIND,0
2013,Tajikistan,SOLAR,0
2013,Tajikistan,MULTIPLE,6.66
2013,Tajikistan,BIOENERGY,0
2014,Tajikistan,ALL,0.44
2014,Tajikistan,MULTIPLE,0.05
2014,Tajikistan,SOLAR,0
2014,Tajikistan,WIND,0
2014,Tajikistan,BIOENERGY,0
2014,Türkiye,MULTIPLE,495
2014,Türkiye,BIOENERGY,0.79
2014,Türkiye,SOLAR,3.72
2014,Türkiye,HYDROPOWER,0.73
2014,Türkiye,GEOTHERMAL,0.26
2014,Tajikistan,HYDROPOWER,0.39
2014,Tajikistan,GEOTHERMAL,0
2014,Tajikistan,MARINE,0
2015,Tajikistan,BIOENERGY,0
2015,Tajikistan,MULTIPLE,0
2021,Serbia,WIND,2.47
2000,Ukraine,MULTIPLE,0
2000,Ukraine,HYDROPOWER,0
2000,Ukraine,BIOENERGY,0
2000,Ukraine,GEOTHERMAL,0
2015,Tajikistan,GEOTHERMAL,0
2015,Tajikistan,HYDROPOWER,0.19
2015,Tajikistan,MARINE,0
2015,Tajikistan,ALL,0.19
2015,Tajikistan,WIND,0
2014,Türkiye,ALL,550.18
2014,Türkiye,MARINE,0
2015,Türkiye,GEOTHERMAL,69.58
2015,Türkiye,SOLAR,18.12
2015,Türkiye,MARINE,0
2000,Ukraine,MARINE,0
2000,Ukraine,WIND,0
2000,Ukraine,SOLAR,0
2000,Ukraine,ALL,0
2001,Ukraine,SOLAR,0
2015,Tajikistan,SOLAR,0
2016,Tajikistan,SOLAR,0
2016,Tajikistan,WIND,0
2016,Tajikistan,GEOTHERMAL,0
2016,Tajikistan,ALL,0.09
2015,Türkiye,ALL,443.02
2015,Türkiye,HYDROPOWER,0
2015,Türkiye,BIOENERGY,0
2015,Türkiye,MULTIPLE,355.32
2015,Türkiye,WIND,0
2001,Ukraine,WIND,0
2001,Ukraine,MULTIPLE,0
2001,Ukraine,ALL,0
2001,Ukraine,MARINE,0
2001,Ukraine,GEOTHERMAL,0
2016,Tajikistan,BIOENERGY,0
2016,Tajikistan,MULTIPLE,0.07
2016,Tajikistan,HYDROPOWER,0.02
2016,Tajikistan,MARINE,0
2017,Tajikistan,BIOENERGY,0
2016,Türkiye,HYDROPOWER,0.01
2016,Türkiye,GEOTHERMAL,0
2016,Türkiye,MARINE,0
2016,Türkiye,WIND,39.96
2016,Türkiye,MULTIPLE,456.51
2001,Ukraine,HYDROPOWER,0
2001,Ukraine,BIOENERGY,0
2002,Ukraine,ALL,0
2002,Ukraine,HYDROPOWER,0
2002,Ukraine,MULTIPLE,0
2017,Tajikistan,MARINE,0
2017,Tajikistan,MULTIPLE,3.09
2017,Tajikistan,HYDROPOWER,340.71
2017,Tajikistan,ALL,343.8
2017,Tajikistan,GEOTHERMAL,0
2002,Ukraine,GEOTHERMAL,0
2002,Ukraine,WIND,0
2002,Ukraine,SOLAR,0
2002,Ukraine,BIOENERGY,0
2002,Ukraine,MARINE,0
2017,Tajikistan,WIND,0
2017,Tajikistan,SOLAR,0
2018,Tajikistan,MARINE,0
2018,Tajikistan,BIOENERGY,0
2018,Tajikistan,SOLAR,0
2003,Ukraine,HYDROPOWER,0
2003,Ukraine,MULTIPLE,0
2003,Ukraine,BIOENERGY,0
2003,Ukraine,GEOTHERMAL,0
2003,Ukraine,MARINE,0
2016,Türkiye,BIOENERGY,0
2016,Türkiye,ALL,1505.35
2016,Türkiye,SOLAR,1008.87
2017,Türkiye,MARINE,0
2017,Türkiye,GEOTHERMAL,0
2017,Türkiye,HYDROPOWER,0
2017,Türkiye,MULTIPLE,370.13
2017,Türkiye,WIND,20.21
2017,Türkiye,SOLAR,25.26
2017,Türkiye,BIOENERGY,0
2018,Tajikistan,WIND,0
2018,Tajikistan,GEOTHERMAL,0
2018,Tajikistan,HYDROPOWER,0
2018,Tajikistan,ALL,0
2018,Tajikistan,MULTIPLE,0
2003,Ukraine,ALL,0
2003,Ukraine,SOLAR,0
2003,Ukraine,WIND,0
2004,Ukraine,WIND,0
2004,Ukraine,HYDROPOWER,0
2017,Türkiye,ALL,415.6
2018,Türkiye,SOLAR,71.22
2018,Türkiye,GEOTHERMAL,0
2018,Türkiye,HYDROPOWER,0
2018,Türkiye,MARINE,0
2018,Türkiye,BIOENERGY,0
2018,Türkiye,WIND,65.53
2018,Türkiye,MULTIPLE,993.76
2018,Türkiye,ALL,1130.5
2019,Türkiye,ALL,332.49
2019,Tajikistan,GEOTHERMAL,0
2019,Tajikistan,WIND,6.19
2019,Tajikistan,SOLAR,6.19
2019,Tajikistan,ALL,109.87
2019,Tajikistan,HYDROPOWER,87.57
2004,Ukraine,BIOENERGY,0
2004,Ukraine,SOLAR,0
2004,Ukraine,ALL,0
2004,Ukraine,MULTIPLE,0
2004,Ukraine,MARINE,0
2019,Türkiye,MULTIPLE,229.72
2019,Türkiye,MARINE,0
2019,Türkiye,WIND,0
2019,Türkiye,BIOENERGY,0
2019,Türkiye,GEOTHERMAL,102.77
2019,Türkiye,SOLAR,0
2019,Türkiye,HYDROPOWER,0
2020,Türkiye,MARINE,0
2020,Türkiye,ALL,368.42
2020,Türkiye,WIND,0
2019,Tajikistan,BIOENERGY,0
2019,Tajikistan,MULTIPLE,9.92
2019,Tajikistan,MARINE,0
2020,Tajikistan,ALL,46.21
2020,Tajikistan,MARINE,0
2004,Ukraine,GEOTHERMAL,0
2005,Ukraine,MULTIPLE,12.96
2005,Ukraine,GEOTHERMAL,0
2005,Ukraine,BIOENERGY,0
2005,Ukraine,SOLAR,0
2020,Tajikistan,WIND,0
2020,Tajikistan,SOLAR,3.78
2020,Tajikistan,HYDROPOWER,42.42
2020,Tajikistan,MULTIPLE,0.01
2020,Tajikistan,BIOENERGY,0
2005,Ukraine,WIND,0
2005,Ukraine,HYDROPOWER,119.05
2005,Ukraine,MARINE,0
2005,Ukraine,ALL,132.01
2006,Ukraine,GEOTHERMAL,0
2020,Tajikistan,GEOTHERMAL,0
2021,Tajikistan,ALL,56.03
2021,Tajikistan,SOLAR,1.86
2021,Tajikistan,HYDROPOWER,52.31
2021,Tajikistan,WIND,1.8
2020,Türkiye,SOLAR,0
2020,Türkiye,HYDROPOWER,9.01
2020,Türkiye,MULTIPLE,359.41
2020,Türkiye,GEOTHERMAL,0
2020,Türkiye,BIOENERGY,0
2006,Ukraine,MULTIPLE,0
2006,Ukraine,WIND,0
2006,Ukraine,HYDROPOWER,0
2006,Ukraine,BIOENERGY,0
2006,Ukraine,SOLAR,0
2021,Türkiye,SOLAR,6.21
2021,Türkiye,WIND,0
2021,Türkiye,GEOTHERMAL,0
2021,Türkiye,MARINE,0
2021,Türkiye,BIOENERGY,0
2006,Ukraine,ALL,0
2006,Ukraine,MARINE,0
2007,Ukraine,BIOENERGY,0
2007,Ukraine,HYDROPOWER,0
2007,Ukraine,WIND,0
2021,Türkiye,ALL,122.82
2021,Türkiye,MULTIPLE,116.61
2021,Türkiye,HYDROPOWER,0
2000,Turkmenistan,ALL,0
2000,Turkmenistan,SOLAR,0
2000,Turkmenistan,GEOTHERMAL,0
2000,Turkmenistan,WIND,0
2000,Turkmenistan,HYDROPOWER,0
2000,Turkmenistan,MARINE,0
2000,Turkmenistan,MULTIPLE,0
2007,Ukraine,ALL,0
2007,Ukraine,SOLAR,0
2007,Ukraine,MULTIPLE,0
2007,Ukraine,GEOTHERMAL,0
2007,Ukraine,MARINE,0
2021,Tajikistan,MULTIPLE,0.06
2021,Tajikistan,MARINE,0
2021,Tajikistan,GEOTHERMAL,0
2021,Tajikistan,BIOENERGY,0
2000,Uzbekistan,WIND,0
2008,Ukraine,ALL,0.25
2008,Ukraine,MARINE,0
2008,Ukraine,GEOTHERMAL,0
2008,Ukraine,MULTIPLE,0.01
2008,Ukraine,WIND,0
2000,Uzbekistan,HYDROPOWER,0
2000,Uzbekistan,MARINE,0
2000,Uzbekistan,MULTIPLE,0
2000,Uzbekistan,SOLAR,0
2000,Uzbekistan,GEOTHERMAL,0
2008,Ukraine,HYDROPOWER,0
2008,Ukraine,SOLAR,0
2008,Ukraine,BIOENERGY,0.24
2009,Ukraine,ALL,65.12
2009,Ukraine,SOLAR,0
2000,Uzbekistan,ALL,0
2000,Uzbekistan,BIOENERGY,0
2001,Uzbekistan,GEOTHERMAL,0
2001,Uzbekistan,MARINE,0
2001,Uzbekistan,BIOENERGY,0
2009,Ukraine,GEOTHERMAL,0
2009,Ukraine,MARINE,0
2009,Ukraine,BIOENERGY,0
2009,Ukraine,MULTIPLE,0.18
2009,Ukraine,HYDROPOWER,64.95
2000,Turkmenistan,BIOENERGY,0
2001,Turkmenistan,BIOENERGY,0
2001,Turkmenistan,MULTIPLE,0
2001,Turkmenistan,MARINE,0
2001,Turkmenistan,HYDROPOWER,0
2001,Uzbekistan,ALL,0
2001,Uzbekistan,SOLAR,0
2001,Uzbekistan,HYDROPOWER,0
2001,Uzbekistan,MULTIPLE,0
2001,Uzbekistan,WIND,0
2009,Ukraine,WIND,0
2010,Ukraine,HYDROPOWER,0
2010,Ukraine,SOLAR,0
2010,Ukraine,ALL,1.24
2010,Ukraine,MARINE,0
2010,Ukraine,WIND,0
2010,Ukraine,GEOTHERMAL,0
2010,Ukraine,MULTIPLE,1.24
2010,Ukraine,BIOENERGY,0
2011,Ukraine,GEOTHERMAL,0
2011,Ukraine,MARINE,0
2011,Ukraine,BIOENERGY,0
2011,Ukraine,MULTIPLE,4.04
2011,Ukraine,WIND,0
2011,Ukraine,ALL,30.41
2002,Uzbekistan,SOLAR,0
2002,Uzbekistan,ALL,0
2002,Uzbekistan,BIOENERGY,0
2002,Uzbekistan,HYDROPOWER,0
2002,Uzbekistan,MULTIPLE,0
2011,Ukraine,SOLAR,0
2011,Ukraine,HYDROPOWER,26.36
2012,Ukraine,WIND,19.65
2012,Ukraine,MULTIPLE,0
2012,Ukraine,BIOENERGY,0
2015,Kosovo,HYDROPOWER,0
2015,Kosovo,WIND,0
2015,Kosovo,MULTIPLE,0.03
2016,Kosovo,BIOENERGY,0
2016,Kosovo,ALL,0
2001,Turkmenistan,WIND,0
2001,Turkmenistan,GEOTHERMAL,0
2001,Turkmenistan,SOLAR,0
2001,Turkmenistan,ALL,0
2002,Turkmenistan,GEOTHERMAL,0
2012,Ukraine,HYDROPOWER,0
2012,Ukraine,SOLAR,0.51
2012,Ukraine,ALL,20.15
2012,Ukraine,MARINE,0
2012,Ukraine,GEOTHERMAL,0
2016,Kosovo,SOLAR,0
2016,Kosovo,WIND,0
2016,Kosovo,MULTIPLE,0
2016,Kosovo,GEOTHERMAL,0
2016,Kosovo,HYDROPOWER,0
2013,Ukraine,BIOENERGY,0.34
2013,Ukraine,MULTIPLE,47.96
2013,Ukraine,WIND,0
2013,Ukraine,SOLAR,0.05
2013,Ukraine,HYDROPOWER,0
2002,Uzbekistan,MARINE,0
2002,Uzbekistan,WIND,0
2002,Uzbekistan,GEOTHERMAL,0
2003,Uzbekistan,BIOENERGY,0
2003,Uzbekistan,ALL,0
2013,Ukraine,GEOTHERMAL,0
2013,Ukraine,MARINE,0
2013,Ukraine,ALL,48.36
2014,Ukraine,GEOTHERMAL,0.08
2014,Ukraine,WIND,0
2003,Uzbekistan,HYDROPOWER,0
2003,Uzbekistan,MULTIPLE,0
2003,Uzbekistan,WIND,0
2003,Uzbekistan,GEOTHERMAL,0
2003,Uzbekistan,MARINE,0
2014,Ukraine,HYDROPOWER,0
2014,Ukraine,MULTIPLE,83.99
2014,Ukraine,BIOENERGY,0
2014,Ukraine,SOLAR,0
2014,Ukraine,ALL,84.06
2003,Uzbekistan,SOLAR,0
2004,Uzbekistan,WIND,0
2004,Uzbekistan,GEOTHERMAL,0
2004,Uzbekistan,HYDROPOWER,0
2004,Uzbekistan,ALL,0.23
2014,Ukraine,MARINE,0
2015,Ukraine,ALL,11.47
2015,Ukraine,SOLAR,0
2015,Ukraine,GEOTHERMAL,0.05
2015,Ukraine,MARINE,0
2004,Uzbekistan,BIOENERGY,0
2004,Uzbekistan,MULTIPLE,0
2004,Uzbekistan,SOLAR,0.23
2004,Uzbekistan,MARINE,0
2005,Uzbekistan,SOLAR,0
2005,Uzbekistan,MULTIPLE,0
2005,Uzbekistan,WIND,0
2005,Uzbekistan,MARINE,0
2005,Uzbekistan,BIOENERGY,0
2005,Uzbekistan,ALL,0
2015,Ukraine,BIOENERGY,2.21
2015,Ukraine,MULTIPLE,9.2
2015,Ukraine,WIND,0
2015,Ukraine,HYDROPOWER,0
2016,Ukraine,ALL,252.89
2005,Uzbekistan,GEOTHERMAL,0
2005,Uzbekistan,HYDROPOWER,0
2006,Uzbekistan,SOLAR,0
2006,Uzbekistan,MARINE,0
2006,Uzbekistan,WIND,0
2016,Ukraine,MARINE,0
2016,Ukraine,MULTIPLE,11.06
2016,Ukraine,GEOTHERMAL,0
2016,Ukraine,HYDROPOWER,241.77
2016,Ukraine,SOLAR,0
2006,Uzbekistan,GEOTHERMAL,0
2006,Uzbekistan,HYDROPOWER,0
2006,Uzbekistan,MULTIPLE,0
2006,Uzbekistan,ALL,0
2006,Uzbekistan,BIOENERGY,0
2016,Ukraine,WIND,0
2016,Ukraine,BIOENERGY,0.07
2017,Ukraine,MARINE,0
2017,Ukraine,ALL,77.34
2017,Ukraine,GEOTHERMAL,0
2007,Uzbekistan,WIND,0
2007,Uzbekistan,MARINE,0
2007,Uzbekistan,SOLAR,0
2007,Uzbekistan,MULTIPLE,0
2007,Uzbekistan,HYDROPOWER,25.21
2017,Ukraine,MULTIPLE,20.74
2017,Ukraine,BIOENERGY,29.81
2017,Ukraine,SOLAR,0.37
2017,Ukraine,HYDROPOWER,26.41
2017,Ukraine,WIND,0
2007,Uzbekistan,ALL,25.21
2007,Uzbekistan,GEOTHERMAL,0
2007,Uzbekistan,BIOENERGY,0
2008,Uzbekistan,HYDROPOWER,0
2008,Uzbekistan,SOLAR,0
2018,Ukraine,HYDROPOWER,0
2018,Ukraine,SOLAR,32.33
2018,Ukraine,BIOENERGY,129.71
2018,Ukraine,ALL,688.17
2018,Ukraine,MARINE,0
2008,Uzbekistan,BIOENERGY,0
2008,Uzbekistan,MULTIPLE,0
2008,Uzbekistan,MARINE,0
2008,Uzbekistan,WIND,0
2008,Uzbekistan,GEOTHERMAL,0
2002,Turkmenistan,BIOENERGY,0
2002,Turkmenistan,ALL,0
2002,Turkmenistan,SOLAR,0
2002,Turkmenistan,HYDROPOWER,0
2002,Turkmenistan,MARINE,0
2018,Ukraine,MULTIPLE,371.61
2018,Ukraine,GEOTHERMAL,0
2018,Ukraine,WIND,154.52
2019,Ukraine,WIND,166.71
2019,Ukraine,GEOTHERMAL,0
2008,Uzbekistan,ALL,0
2009,Uzbekistan,ALL,0
2009,Uzbekistan,GEOTHERMAL,0
2009,Uzbekistan,BIOENERGY,0
2009,Uzbekistan,SOLAR,0
2009,Uzbekistan,HYDROPOWER,0
2009,Uzbekistan,WIND,0
2009,Uzbekistan,MARINE,0
2009,Uzbekistan,MULTIPLE,0
2010,Uzbekistan,GEOTHERMAL,0
2019,Ukraine,BIOENERGY,0
2019,Ukraine,SOLAR,37.37
2019,Ukraine,HYDROPOWER,0
2019,Ukraine,MULTIPLE,235.84
2019,Ukraine,MARINE,0
2010,Uzbekistan,ALL,0
2010,Uzbekistan,HYDROPOWER,0
2010,Uzbekistan,SOLAR,0
2010,Uzbekistan,BIOENERGY,0
2010,Uzbekistan,MULTIPLE,0
2019,Ukraine,ALL,439.92
2020,Ukraine,GEOTHERMAL,0
2020,Ukraine,WIND,0
2020,Ukraine,HYDROPOWER,0
2020,Ukraine,SOLAR,0
2010,Uzbekistan,MARINE,0
2010,Uzbekistan,WIND,0
2011,Uzbekistan,BIOENERGY,0
2011,Uzbekistan,SOLAR,0
2011,Uzbekistan,HYDROPOWER,0
2020,Ukraine,BIOENERGY,0.01
2020,Ukraine,ALL,41.03
2020,Ukraine,MARINE,0
2020,Ukraine,MULTIPLE,41.02
2021,Ukraine,BIOENERGY,0
2011,Uzbekistan,MARINE,0
2011,Uzbekistan,MULTIPLE,0
2011,Uzbekistan,ALL,0
2011,Uzbekistan,GEOTHERMAL,0
2011,Uzbekistan,WIND,0
2021,Ukraine,SOLAR,100.24
2021,Ukraine,HYDROPOWER,83.64
2021,Ukraine,MARINE,0
2021,Ukraine,ALL,268.98
2021,Ukraine,WIND,0
2012,Uzbekistan,MARINE,0
2012,Uzbekistan,WIND,0
2012,Uzbekistan,HYDROPOWER,96.89
2012,Uzbekistan,MULTIPLE,0
2012,Uzbekistan,SOLAR,0
2002,Turkmenistan,MULTIPLE,0
2002,Turkmenistan,WIND,0
2003,Turkmenistan,WIND,0
2003,Turkmenistan,BIOENERGY,0
2003,Turkmenistan,ALL,0
2021,Ukraine,GEOTHERMAL,0
2021,Ukraine,MULTIPLE,85.1
2000,North Macedonia,BIOENERGY,0
2000,North Macedonia,MULTIPLE,0
2000,North Macedonia,WIND,0
2003,Turkmenistan,GEOTHERMAL,0
2003,Turkmenistan,HYDROPOWER,0
2003,Turkmenistan,SOLAR,0
2003,Turkmenistan,MULTIPLE,0
2003,Turkmenistan,MARINE,0
2012,Uzbekistan,GEOTHERMAL,0
2012,Uzbekistan,ALL,96.89
2012,Uzbekistan,BIOENERGY,0
2013,Uzbekistan,BIOENERGY,0
2013,Uzbekistan,ALL,201.86
2000,North Macedonia,GEOTHERMAL,0
2000,North Macedonia,MARINE,0
2000,North Macedonia,SOLAR,0
2000,North Macedonia,ALL,0.36
2000,North Macedonia,HYDROPOWER,0.36
2013,Uzbekistan,MARINE,0
2013,Uzbekistan,MULTIPLE,0
2013,Uzbekistan,HYDROPOWER,96.12
2013,Uzbekistan,SOLAR,105.74
2013,Uzbekistan,GEOTHERMAL,0
2001,North Macedonia,HYDROPOWER,0
2001,North Macedonia,MULTIPLE,0
2001,North Macedonia,BIOENERGY,0
2001,North Macedonia,ALL,0
2001,North Macedonia,GEOTHERMAL,0
2013,Uzbekistan,WIND,0
2014,Uzbekistan,HYDROPOWER,0
2014,Uzbekistan,MULTIPLE,0
2014,Uzbekistan,SOLAR,0
2014,Uzbekistan,MARINE,0
2001,North Macedonia,WIND,0
2001,North Macedonia,SOLAR,0
2001,North Macedonia,MARINE,0
2002,North Macedonia,MARINE,0
2002,North Macedonia,ALL,0.04
2014,Uzbekistan,WIND,0
2014,Uzbekistan,ALL,0
2014,Uzbekistan,BIOENERGY,0
2014,Uzbekistan,GEOTHERMAL,0
2015,Uzbekistan,ALL,0.28
2002,North Macedonia,WIND,0
2002,North Macedonia,SOLAR,0
2002,North Macedonia,GEOTHERMAL,0
2002,North Macedonia,BIOENERGY,0
2002,North Macedonia,MULTIPLE,0
2015,Uzbekistan,WIND,0
2015,Uzbekistan,MARINE,0
2015,Uzbekistan,MULTIPLE,0.11
2015,Uzbekistan,HYDROPOWER,0
2015,Uzbekistan,GEOTHERMAL,0
2002,North Macedonia,HYDROPOWER,0.04
2003,North Macedonia,HYDROPOWER,0
2003,North Macedonia,MULTIPLE,0
2003,North Macedonia,MARINE,0
2003,North Macedonia,GEOTHERMAL,0
2004,Turkmenistan,MARINE,0
2004,Turkmenistan,ALL,0
2004,Turkmenistan,HYDROPOWER,0
2004,Turkmenistan,SOLAR,0
2004,Turkmenistan,GEOTHERMAL,0
2015,Uzbekistan,BIOENERGY,0
2015,Uzbekistan,SOLAR,0.17
2016,Uzbekistan,SOLAR,0
2016,Uzbekistan,BIOENERGY,0
2016,Uzbekistan,GEOTHERMAL,0
2016,Uzbekistan,HYDROPOWER,0.54
2016,Uzbekistan,MULTIPLE,0.17
2016,Uzbekistan,MARINE,0
2016,Uzbekistan,WIND,0
2016,Uzbekistan,ALL,0.71
2004,Turkmenistan,WIND,0
2004,Turkmenistan,MULTIPLE,0
2004,Turkmenistan,BIOENERGY,0
2005,Turkmenistan,BIOENERGY,0
2005,Turkmenistan,MULTIPLE,0
2003,North Macedonia,SOLAR,0
2003,North Macedonia,WIND,0
2003,North Macedonia,BIOENERGY,0
2003,North Macedonia,ALL,0
2004,North Macedonia,SOLAR,0
2004,North Macedonia,GEOTHERMAL,0
2004,North Macedonia,WIND,0.24
2004,North Macedonia,MARINE,0
2004,North Macedonia,ALL,0.24
2004,North Macedonia,BIOENERGY,0
2004,North Macedonia,MULTIPLE,0
2004,North Macedonia,HYDROPOWER,0
2005,North Macedonia,BIOENERGY,0
2005,North Macedonia,ALL,0.45
2005,North Macedonia,MARINE,0
2017,Uzbekistan,GEOTHERMAL,0
2017,Uzbekistan,BIOENERGY,0
2017,Uzbekistan,ALL,59.46
2017,Uzbekistan,WIND,0
2017,Uzbekistan,MARINE,0
2005,Turkmenistan,MARINE,0
2005,Turkmenistan,GEOTHERMAL,0
2005,Turkmenistan,SOLAR,0
2005,Turkmenistan,HYDROPOWER,0
2005,Turkmenistan,WIND,0
2005,North Macedonia,GEOTHERMAL,0
2005,North Macedonia,SOLAR,0.45
2005,North Macedonia,HYDROPOWER,0
2005,North Macedonia,MULTIPLE,0
2005,North Macedonia,WIND,0
2006,North Macedonia,WIND,0
2006,North Macedonia,BIOENERGY,0.32
2006,North Macedonia,HYDROPOWER,0
2006,North Macedonia,SOLAR,0
2006,North Macedonia,GEOTHERMAL,2.11
2017,Uzbekistan,HYDROPOWER,59.3
2017,Uzbekistan,MULTIPLE,0.16
2017,Uzbekistan,SOLAR,0
2018,Uzbekistan,WIND,0
2018,Uzbekistan,ALL,83.23
2005,Turkmenistan,ALL,0
2006,Turkmenistan,MULTIPLE,0
2006,Turkmenistan,WIND,0
2006,Turkmenistan,HYDROPOWER,0
2006,Turkmenistan,SOLAR,0
2006,North Macedonia,MARINE,0
2006,North Macedonia,ALL,2.42
2006,North Macedonia,MULTIPLE,0
2007,North Macedonia,HYDROPOWER,0
2007,North Macedonia,BIOENERGY,0
2006,Turkmenistan,GEOTHERMAL,0
2006,Turkmenistan,ALL,0
2006,Turkmenistan,BIOENERGY,0
2006,Turkmenistan,MARINE,0
2007,Turkmenistan,BIOENERGY,0
2018,Uzbekistan,HYDROPOWER,82.24
2018,Uzbekistan,SOLAR,0
2018,Uzbekistan,MULTIPLE,0.99
2018,Uzbekistan,MARINE,0
2018,Uzbekistan,BIOENERGY,0
2007,North Macedonia,MULTIPLE,0.08
2007,North Macedonia,ALL,0.08
2007,North Macedonia,MARINE,0
2007,North Macedonia,WIND,0
2007,North Macedonia,GEOTHERMAL,0
2007,North Macedonia,SOLAR,0
2008,North Macedonia,BIOENERGY,0
2008,North Macedonia,MULTIPLE,0
2008,North Macedonia,WIND,0
2008,North Macedonia,SOLAR,0
2007,Turkmenistan,GEOTHERMAL,0
2007,Turkmenistan,HYDROPOWER,0
2007,Turkmenistan,WIND,0
2007,Turkmenistan,MULTIPLE,0
2007,Turkmenistan,MARINE,0
2018,Uzbekistan,GEOTHERMAL,0
2019,Uzbekistan,GEOTHERMAL,0
2019,Uzbekistan,BIOENERGY,0
2019,Uzbekistan,ALL,65.22
2019,Uzbekistan,MULTIPLE,0
2007,Turkmenistan,ALL,0
2007,Turkmenistan,SOLAR,0
2008,Turkmenistan,MULTIPLE,0
2008,Turkmenistan,ALL,0
2008,Turkmenistan,MARINE,0
2008,Turkmenistan,WIND,0
2008,Turkmenistan,SOLAR,0
2008,Turkmenistan,HYDROPOWER,0
2008,Turkmenistan,GEOTHERMAL,0
2008,Turkmenistan,BIOENERGY,0
2019,Uzbekistan,SOLAR,0.02
2019,Uzbekistan,HYDROPOWER,65.2
2019,Uzbekistan,WIND,0
2019,Uzbekistan,MARINE,0
2020,Uzbekistan,MULTIPLE,55.71
2020,Uzbekistan,MARINE,0
2020,Uzbekistan,HYDROPOWER,123.89
2020,Uzbekistan,SOLAR,30.25
2020,Uzbekistan,WIND,0
2020,Uzbekistan,GEOTHERMAL,0
2008,North Macedonia,GEOTHERMAL,0
2008,North Macedonia,ALL,0
2008,North Macedonia,HYDROPOWER,0
2008,North Macedonia,MARINE,0
2009,North Macedonia,MARINE,0
2009,North Macedonia,HYDROPOWER,0
2009,North Macedonia,MULTIPLE,0.11
2009,North Macedonia,BIOENERGY,0
2009,North Macedonia,SOLAR,0
2009,North Macedonia,WIND,0
2009,Turkmenistan,MARINE,0
2009,Turkmenistan,ALL,0.03
2009,Turkmenistan,BIOENERGY,0
2009,Turkmenistan,GEOTHERMAL,0
2009,Turkmenistan,HYDROPOWER,0
2020,Uzbekistan,BIOENERGY,4.78
2020,Uzbekistan,ALL,214.63
2021,Uzbekistan,ALL,170.26
2021,Uzbekistan,WIND,0
2021,Uzbekistan,MULTIPLE,24.73
2009,North Macedonia,ALL,0.42
2009,North Macedonia,GEOTHERMAL,0.31
2010,North Macedonia,GEOTHERMAL,0
2010,North Macedonia,HYDROPOWER,0
2010,North Macedonia,WIND,0
2016,Kosovo,MARINE,0
2017,Kosovo,ALL,0.7
2017,Kosovo,BIOENERGY,0
2017,Kosovo,SOLAR,0
2017,Kosovo,HYDROPOWER,0.7
2010,North Macedonia,SOLAR,0
2010,North Macedonia,BIOENERGY,0.31
2010,North Macedonia,ALL,36.76
2010,North Macedonia,MARINE,0
2010,North Macedonia,MULTIPLE,36.45
2021,Uzbekistan,MARINE,0
2021,Uzbekistan,SOLAR,145.47
2021,Uzbekistan,HYDROPOWER,0.06
2021,Uzbekistan,BIOENERGY,0
2021,Uzbekistan,GEOTHERMAL,0
2011,North Macedonia,MULTIPLE,43.78
2011,North Macedonia,BIOENERGY,0
2011,North Macedonia,HYDROPOWER,0
2011,North Macedonia,GEOTHERMAL,0
2011,North Macedonia,WIND,0
2011,North Macedonia,SOLAR,0
2011,North Macedonia,MARINE,0
2011,North Macedonia,ALL,43.78
2012,North Macedonia,SOLAR,0
2012,North Macedonia,HYDROPOWER,0
2009,Turkmenistan,MULTIPLE,0.03
2009,Turkmenistan,WIND,0
2009,Turkmenistan,SOLAR,0
2010,Turkmenistan,GEOTHERMAL,0
2010,Turkmenistan,BIOENERGY,0
2012,North Macedonia,MULTIPLE,0
2012,North Macedonia,WIND,0
2012,North Macedonia,GEOTHERMAL,0
2012,North Macedonia,BIOENERGY,0
2012,North Macedonia,ALL,0
2017,Kosovo,MARINE,0
2017,Kosovo,GEOTHERMAL,0
2017,Kosovo,MULTIPLE,0.01
2017,Kosovo,WIND,0
2018,Kosovo,WIND,0
2012,North Macedonia,MARINE,0
2013,North Macedonia,MARINE,0
2013,North Macedonia,ALL,19.29
2013,North Macedonia,BIOENERGY,0
2013,North Macedonia,GEOTHERMAL,0
2013,North Macedonia,WIND,0
2013,North Macedonia,MULTIPLE,0
2013,North Macedonia,SOLAR,0
2013,North Macedonia,HYDROPOWER,19.29
2014,North Macedonia,ALL,0
2010,Turkmenistan,MULTIPLE,0
2010,Turkmenistan,SOLAR,0
2010,Turkmenistan,WIND,0
2010,Turkmenistan,HYDROPOWER,0
2010,Turkmenistan,ALL,0
2014,North Macedonia,MARINE,0
2014,North Macedonia,HYDROPOWER,0
2014,North Macedonia,SOLAR,0
2014,North Macedonia,WIND,0
2014,North Macedonia,GEOTHERMAL,0
2010,Turkmenistan,MARINE,0
2011,Turkmenistan,MARINE,0
2011,Turkmenistan,ALL,0
2011,Turkmenistan,BIOENERGY,0
2011,Turkmenistan,WIND,0
2014,North Macedonia,BIOENERGY,0
2014,North Macedonia,MULTIPLE,0
2015,North Macedonia,MULTIPLE,0
2015,North Macedonia,MARINE,0
2015,North Macedonia,ALL,0
2011,Turkmenistan,SOLAR,0
2011,Turkmenistan,MULTIPLE,0
2011,Turkmenistan,GEOTHERMAL,0
2011,Turkmenistan,HYDROPOWER,0
2012,Turkmenistan,WIND,0
2012,Turkmenistan,HYDROPOWER,0
2012,Turkmenistan,MULTIPLE,0
2012,Turkmenistan,SOLAR,0
2012,Turkmenistan,GEOTHERMAL,0
2012,Turkmenistan,BIOENERGY,0
2015,North Macedonia,BIOENERGY,0
2015,North Macedonia,SOLAR,0
2015,North Macedonia,HYDROPOWER,0
2015,North Macedonia,GEOTHERMAL,0
2015,North Macedonia,WIND,0
2016,North Macedonia,GEOTHERMAL,0
2016,North Macedonia,BIOENERGY,0
2016,North Macedonia,HYDROPOWER,0
2016,North Macedonia,SOLAR,0
2016,North Macedonia,WIND,0
2012,Turkmenistan,ALL,0
2012,Turkmenistan,MARINE,0
2013,Turkmenistan,MARINE,0
2013,Turkmenistan,GEOTHERMAL,0
2013,Turkmenistan,HYDROPOWER,0
2018,Kosovo,GEOTHERMAL,0
2018,Kosovo,MULTIPLE,0
2018,Kosovo,ALL,0.59
2018,Kosovo,BIOENERGY,0
2018,Kosovo,HYDROPOWER,0.57
2016,North Macedonia,ALL,0.01
2016,North Macedonia,MARINE,0
2016,North Macedonia,MULTIPLE,0.01
2017,North Macedonia,MULTIPLE,4.87
2017,North Macedonia,MARINE,0
2013,Turkmenistan,WIND,0
2013,Turkmenistan,SOLAR,0
2013,Turkmenistan,MULTIPLE,6.09
2013,Turkmenistan,ALL,6.09
2013,Turkmenistan,BIOENERGY,0
2017,North Macedonia,GEOTHERMAL,0
2017,North Macedonia,WIND,0
2017,North Macedonia,SOLAR,0
2017,North Macedonia,HYDROPOWER,0
2017,North Macedonia,ALL,4.87
2014,Turkmenistan,MULTIPLE,0.05
2014,Turkmenistan,SOLAR,0
2014,Turkmenistan,MARINE,0
2014,Turkmenistan,WIND,0
2014,Turkmenistan,HYDROPOWER,0
2017,North Macedonia,BIOENERGY,0
2018,North Macedonia,SOLAR,8.33
2018,North Macedonia,GEOTHERMAL,0
2018,North Macedonia,HYDROPOWER,0
2018,North Macedonia,WIND,0
2014,Turkmenistan,GEOTHERMAL,0
2014,Turkmenistan,BIOENERGY,0
2014,Turkmenistan,ALL,0.05
2015,Turkmenistan,ALL,0.12
2015,Turkmenistan,BIOENERGY,0
2018,North Macedonia,BIOENERGY,0
2018,North Macedonia,ALL,8.33
2018,North Macedonia,MARINE,0
2018,North Macedonia,MULTIPLE,0
2019,North Macedonia,ALL,0
2015,Turkmenistan,GEOTHERMAL,0
2015,Turkmenistan,HYDROPOWER,0
2015,Turkmenistan,WIND,0
2015,Turkmenistan,MARINE,0
2015,Turkmenistan,SOLAR,0.11
2018,Kosovo,SOLAR,0.02
2018,Kosovo,MARINE,0
2019,Kosovo,MARINE,0
2019,Kosovo,SOLAR,0.03
2019,Kosovo,MULTIPLE,87.93
2019,North Macedonia,BIOENERGY,0
2019,North Macedonia,WIND,0
2019,North Macedonia,GEOTHERMAL,0
2019,North Macedonia,SOLAR,0
2019,North Macedonia,MULTIPLE,0
2019,North Macedonia,MARINE,0
2019,North Macedonia,HYDROPOWER,0
2020,North Macedonia,HYDROPOWER,0
2020,North Macedonia,MULTIPLE,0
2020,North Macedonia,MARINE,0
2015,Turkmenistan,MULTIPLE,0.02
2016,Turkmenistan,BIOENERGY,0
2016,Turkmenistan,ALL,0.08
2016,Turkmenistan,MULTIPLE,0.06
2016,Turkmenistan,SOLAR,0.02
2019,Kosovo,GEOTHERMAL,0
2019,Kosovo,WIND,0
2019,Kosovo,HYDROPOWER,0
2019,Kosovo,BIOENERGY,0
2019,Kosovo,ALL,87.96
2020,North Macedonia,SOLAR,7.4
2020,North Macedonia,GEOTHERMAL,7.4
2020,North Macedonia,WIND,0
2020,North Macedonia,BIOENERGY,7.12
2020,North Macedonia,ALL,21.92
2021,North Macedonia,MULTIPLE,0.07
2021,North Macedonia,ALL,39.28
2021,North Macedonia,MARINE,0
2021,North Macedonia,BIOENERGY,0
2021,North Macedonia,GEOTHERMAL,0
2016,Turkmenistan,WIND,0
2016,Turkmenistan,HYDROPOWER,0
2016,Turkmenistan,GEOTHERMAL,0
2016,Turkmenistan,MARINE,0
2017,Turkmenistan,MARINE,0
2020,Kosovo,SOLAR,0.02
2020,Kosovo,MARINE,0
2020,Kosovo,WIND,0
2020,Kosovo,ALL,0.02
2020,Kosovo,MULTIPLE,0
2020,Kosovo,GEOTHERMAL,0
2020,Kosovo,BIOENERGY,0
2020,Kosovo,HYDROPOWER,0
2021,Kosovo,SOLAR,0.07
2021,Kosovo,WIND,0
2017,Turkmenistan,ALL,0.06
2017,Turkmenistan,BIOENERGY,0
2017,Turkmenistan,GEOTHERMAL,0
2017,Turkmenistan,SOLAR,0
2017,Turkmenistan,MULTIPLE,0.06
2017,Turkmenistan,HYDROPOWER,0
2017,Turkmenistan,WIND,0
2018,Turkmenistan,HYDROPOWER,0
2018,Turkmenistan,GEOTHERMAL,0
2018,Turkmenistan,MULTIPLE,0
2018,Turkmenistan,WIND,0
2018,Turkmenistan,SOLAR,0
2018,Turkmenistan,BIOENERGY,0
2018,Turkmenistan,ALL,0
2018,Turkmenistan,MARINE,0
2019,Turkmenistan,ALL,0.04
2019,Turkmenistan,BIOENERGY,0
2019,Turkmenistan,HYDROPOWER,0
2019,Turkmenistan,SOLAR,0
2019,Turkmenistan,WIND,0
2021,Kosovo,MULTIPLE,0
2021,Kosovo,BIOENERGY,0
2021,Kosovo,GEOTHERMAL,0
2021,Kosovo,MARINE,0
2021,Kosovo,HYDROPOWER,0
2019,Turkmenistan,MULTIPLE,0.04
2019,Turkmenistan,GEOTHERMAL,0
2019,Turkmenistan,MARINE,0
2020,Turkmenistan,WIND,0
2020,Turkmenistan,SOLAR,0
2021,Kosovo,ALL,0.07
2000,Kyrgyzstan,MARINE,0
2000,Kyrgyzstan,MULTIPLE,8.71
2000,Kyrgyzstan,GEOTHERMAL,0
2000,Kyrgyzstan,HYDROPOWER,0
2020,Turkmenistan,MULTIPLE,0
2020,Turkmenistan,HYDROPOWER,0
2020,Turkmenistan,MARINE,0
2020,Turkmenistan,GEOTHERMAL,0
2020,Turkmenistan,BIOENERGY,0
2000,Kyrgyzstan,WIND,0
2000,Kyrgyzstan,ALL,8.71
2000,Kyrgyzstan,BIOENERGY,0
2000,Kyrgyzstan,SOLAR,0
2001,Kyrgyzstan,GEOTHERMAL,0
2020,Turkmenistan,ALL,0
2021,Turkmenistan,GEOTHERMAL,0
2021,Turkmenistan,MARINE,0
2021,Turkmenistan,HYDROPOWER,0
2021,Turkmenistan,SOLAR,0
2001,Kyrgyzstan,BIOENERGY,0
2001,Kyrgyzstan,MULTIPLE,0
2001,Kyrgyzstan,MARINE,0
2001,Kyrgyzstan,SOLAR,0
2001,Kyrgyzstan,HYDROPOWER,0
2001,Kyrgyzstan,ALL,0
2001,Kyrgyzstan,WIND,0
2002,Kyrgyzstan,BIOENERGY,0
2002,Kyrgyzstan,ALL,0
2002,Kyrgyzstan,GEOTHERMAL,0
2002,Kyrgyzstan,MULTIPLE,0
2002,Kyrgyzstan,WIND,0
2002,Kyrgyzstan,MARINE,0
2002,Kyrgyzstan,HYDROPOWER,0
2002,Kyrgyzstan,SOLAR,0
2003,Kyrgyzstan,MARINE,0
2003,Kyrgyzstan,GEOTHERMAL,0
2003,Kyrgyzstan,SOLAR,0
2003,Kyrgyzstan,HYDROPOWER,0
2003,Kyrgyzstan,WIND,0
2003,Kyrgyzstan,MULTIPLE,0
2003,Kyrgyzstan,BIOENERGY,0
2003,Kyrgyzstan,ALL,0
2004,Kyrgyzstan,WIND,0
2004,Kyrgyzstan,SOLAR,0
2004,Kyrgyzstan,MULTIPLE,0.05
2004,Kyrgyzstan,ALL,0.05
2004,Kyrgyzstan,BIOENERGY,0
2004,Kyrgyzstan,GEOTHERMAL,0
2004,Kyrgyzstan,MARINE,0
2004,Kyrgyzstan,HYDROPOWER,0
2005,Kyrgyzstan,SOLAR,0
2005,Kyrgyzstan,HYDROPOWER,0
2005,Kyrgyzstan,WIND,0
2005,Kyrgyzstan,BIOENERGY,0
2005,Kyrgyzstan,ALL,0
2005,Kyrgyzstan,MULTIPLE,0
2005,Kyrgyzstan,MARINE,0
2005,Kyrgyzstan,GEOTHERMAL,0
2006,Kyrgyzstan,GEOTHERMAL,0
2006,Kyrgyzstan,MULTIPLE,0
2006,Kyrgyzstan,WIND,0
2006,Kyrgyzstan,SOLAR,0
2006,Kyrgyzstan,HYDROPOWER,0
2006,Kyrgyzstan,ALL,0
2006,Kyrgyzstan,BIOENERGY,0
2006,Kyrgyzstan,MARINE,0
2007,Kyrgyzstan,ALL,0
2007,Kyrgyzstan,MARINE,0
2007,Kyrgyzstan,GEOTHERMAL,0
2007,Kyrgyzstan,BIOENERGY,0
2007,Kyrgyzstan,HYDROPOWER,0
2007,Kyrgyzstan,MULTIPLE,0
2007,Kyrgyzstan,SOLAR,0
2007,Kyrgyzstan,WIND,0
2008,Kyrgyzstan,ALL,0.41
2008,Kyrgyzstan,GEOTHERMAL,0
2008,Kyrgyzstan,MARINE,0
2008,Kyrgyzstan,MULTIPLE,0.38
2008,Kyrgyzstan,SOLAR,0
2008,Kyrgyzstan,HYDROPOWER,0.03
2008,Kyrgyzstan,WIND,0
2008,Kyrgyzstan,BIOENERGY,0
2009,Kyrgyzstan,HYDROPOWER,0
2009,Kyrgyzstan,ALL,0.17
2009,Kyrgyzstan,GEOTHERMAL,0
2009,Kyrgyzstan,MULTIPLE,0.17
2009,Kyrgyzstan,MARINE,0
2009,Kyrgyzstan,BIOENERGY,0
2009,Kyrgyzstan,WIND,0
2009,Kyrgyzstan,SOLAR,0
2010,Kyrgyzstan,SOLAR,0
2010,Kyrgyzstan,BIOENERGY,0.03
2010,Kyrgyzstan,MULTIPLE,1.41
2010,Kyrgyzstan,GEOTHERMAL,0
2010,Kyrgyzstan,ALL,1.48
2010,Kyrgyzstan,MARINE,0
2010,Kyrgyzstan,HYDROPOWER,0.05
2010,Kyrgyzstan,WIND,0
2011,Kyrgyzstan,WIND,0
2011,Kyrgyzstan,HYDROPOWER,0.06
2011,Kyrgyzstan,MARINE,0
2011,Kyrgyzstan,GEOTHERMAL,0
2011,Kyrgyzstan,ALL,25.01
2011,Kyrgyzstan,MULTIPLE,24.95
2011,Kyrgyzstan,BIOENERGY,0
2011,Kyrgyzstan,SOLAR,0
2012,Kyrgyzstan,HYDROPOWER,0.62
2012,Kyrgyzstan,WIND,0
2012,Kyrgyzstan,SOLAR,0
2012,Kyrgyzstan,BIOENERGY,0
2012,Kyrgyzstan,MULTIPLE,0
2012,Kyrgyzstan,ALL,0.62
2012,Kyrgyzstan,MARINE,0
2012,Kyrgyzstan,GEOTHERMAL,0
2013,Kyrgyzstan,MULTIPLE,0.35
2013,Kyrgyzstan,SOLAR,0
2013,Kyrgyzstan,WIND,0
2013,Kyrgyzstan,HYDROPOWER,13.86
2013,Kyrgyzstan,ALL,14.2
2013,Kyrgyzstan,BIOENERGY,0
2013,Kyrgyzstan,GEOTHERMAL,0
2013,Kyrgyzstan,MARINE,0
2014,Kyrgyzstan,GEOTHERMAL,0
2014,Kyrgyzstan,HYDROPOWER,0
2014,Kyrgyzstan,MULTIPLE,0
2014,Kyrgyzstan,WIND,0
2014,Kyrgyzstan,BIOENERGY,0
2014,Kyrgyzstan,ALL,0
2014,Kyrgyzstan,MARINE,0
2014,Kyrgyzstan,SOLAR,0
2015,Kyrgyzstan,GEOTHERMAL,0
2015,Kyrgyzstan,ALL,0.02
2015,Kyrgyzstan,MULTIPLE,0
2015,Kyrgyzstan,HYDROPOWER,0.02
2015,Kyrgyzstan,SOLAR,0
2015,Kyrgyzstan,WIND,0
2015,Kyrgyzstan,MARINE,0
2015,Kyrgyzstan,BIOENERGY,0
2016,Kyrgyzstan,MARINE,0
2016,Kyrgyzstan,ALL,39.26
2016,Kyrgyzstan,GEOTHERMAL,0
2016,Kyrgyzstan,HYDROPOWER,39.26
2016,Kyrgyzstan,MULTIPLE,0.01
2016,Kyrgyzstan,WIND,0
2016,Kyrgyzstan,SOLAR,0
2016,Kyrgyzstan,BIOENERGY,0
2017,Kyrgyzstan,MULTIPLE,0.05
2017,Kyrgyzstan,HYDROPOWER,1.16
2017,Kyrgyzstan,GEOTHERMAL,0
2017,Kyrgyzstan,ALL,1.28
2021,Turkmenistan,WIND,0
2021,Turkmenistan,ALL,0.03
2021,Turkmenistan,BIOENERGY,0
2021,Turkmenistan,MULTIPLE,0.03
2021,North Macedonia,SOLAR,27.94
2021,North Macedonia,WIND,11.27
2021,North Macedonia,HYDROPOWER,0
2021,North Macedonia,HYDROPOWER,0