Year,GeoAreaName,Education level,Sex,Type of skill,Value
2011,Croatia,PRIMAR,MALE,SKILL_READ,98.57218
2011,Croatia,PRIMAR,BOTHSEX,SKILL_READ,98.99943
2011,Croatia,PRIMAR,FEMALE,SKILL_READ,99.43163
2011,Croatia,PRIMAR,BOTHSEX,SKILL_MATH,60.42025
2012,Croatia,LOWSEC,FEMALE,SKILL_READ,90.55
2012,Croatia,LOWSEC,MALE,SKILL_MATH,71.18
2012,Croatia,LOWSEC,MALE,SKILL_READ,72.41
2012,Croatia,LOWSEC,BOTHSEX,SKILL_MATH,70.13055
2012,Croatia,LOWSEC,BOTHSEX,SKILL_READ,81.30265
2012,Croatia,LOWSEC,FEMALE,SKILL_MATH,69.03
2015,Croatia,LOWSEC,MALE,SKILL_MATH,70.00217
2015,Croatia,PRIMAR,MALE,SKILL_MATH,70.12963
2015,Croatia,LOWSEC,MALE,SKILL_READ,75.04488
2015,Croatia,PRIMAR,BOTHSEX,SKILL_MATH,67.45963
2015,Croatia,LOWSEC,FEMALE,SKILL_READ,84.85115
2015,Croatia,LOWSEC,FEMALE,SKILL_MATH,66.06913
2015,Croatia,LOWSEC,BOTHSEX,SKILL_READ,80.13412
2015,Croatia,PRIMAR,FEMALE,SKILL_MATH,64.66322
2015,Croatia,LOWSEC,BOTHSEX,SKILL_MATH,67.96101
2018,Croatia,LOWSEC,MALE,SKILL_READ,71.77993
2018,Croatia,LOWSEC,BOTHSEX,SKILL_MATH,68.83926
2018,Croatia,LOWSEC,BOTHSEX,SKILL_READ,78.42116
2015,Lithuania,PRIMAR,BOTHSEX,SKILL_MATH,80.65363
2015,Lithuania,LOWSEC,MALE,SKILL_MATH,73.3412
2015,Lithuania,LOWSEC,FEMALE,SKILL_MATH,75.87877
2015,Lithuania,PRIMAR,FEMALE,SKILL_MATH,81.89937
2015,Lithuania,LOWSEC,BOTHSEX,SKILL_READ,74.89369
2015,Lithuania,LOWSEC,FEMALE,SKILL_READ,82.19042
2015,Lithuania,PRIMAR,MALE,SKILL_MATH,79.40758
2018,Croatia,LOWSEC,FEMALE,SKILL_MATH,68.12548
2018,Croatia,LOWSEC,FEMALE,SKILL_READ,84.97514
2018,Croatia,LOWSEC,MALE,SKILL_MATH,69.56254
2019,Croatia,PRIMAR,FEMALE,SKILL_MATH,67.43319
2019,Croatia,PRIMAR,BOTHSEX,SKILL_MATH,70.00589
2019,Croatia,PRIMAR,MALE,SKILL_MATH,72.68054
2001,Cyprus,PRIMAR,BOTHSEX,SKILL_READ,86.75684
2016,Lithuania,PRIMAR,BOTHSEX,SKILL_READ,97.26508
2016,Lithuania,PRIMAR,FEMALE,SKILL_READ,97.94287
2016,Lithuania,PRIMAR,MALE,SKILL_READ,96.64123
2018,Lithuania,LOWSEC,FEMALE,SKILL_MATH,76.21067
2018,Lithuania,LOWSEC,MALE,SKILL_READ,68.24674
2018,Lithuania,LOWSEC,MALE,SKILL_MATH,72.59561
2018,Lithuania,LOWSEC,BOTHSEX,SKILL_MATH,74.36356
2001,Cyprus,PRIMAR,MALE,SKILL_READ,83.5945
2001,Cyprus,PRIMAR,FEMALE,SKILL_READ,90.12563
2003,Cyprus,PRIMAR,BOTHSEX,SKILL_MATH,67.61257
2003,Cyprus,PRIMAR,MALE,SKILL_MATH,69.08512
2003,Cyprus,PRIMAR,FEMALE,SKILL_MATH,66.08614
2012,Cyprus,LOWSEC,BOTHSEX,SKILL_READ,67.24018
2012,Cyprus,LOWSEC,BOTHSEX,SKILL_MATH,57.97041
2015,Cyprus,LOWSEC,BOTHSEX,SKILL_MATH,57.40545
2000,Albania,LOWSEC,MALE,SKILL_READ,19.4
2000,Albania,LOWSEC,BOTHSEX,SKILL_MATH,36.61129
2000,Albania,LOWSEC,BOTHSEX,SKILL_READ,29.7
2000,Albania,LOWSEC,MALE,SKILL_MATH,32.79
2000,Albania,LOWSEC,FEMALE,SKILL_READ,39.56
2000,Albania,LOWSEC,FEMALE,SKILL_MATH,40.27
2009,Albania,LOWSEC,FEMALE,SKILL_MATH,33.67
2015,Switzerland,LOWSEC,MALE,SKILL_READ,75.57881
2018,Switzerland,LOWSEC,MALE,SKILL_MATH,83.74712
2018,Switzerland,LOWSEC,FEMALE,SKILL_READ,81.55817
2018,Switzerland,LOWSEC,MALE,SKILL_READ,71.69719
2018,Switzerland,LOWSEC,FEMALE,SKILL_MATH,82.53235
2018,Switzerland,LOWSEC,BOTHSEX,SKILL_MATH,83.17198
2018,Switzerland,LOWSEC,BOTHSEX,SKILL_READ,76.36594
2018,Lithuania,LOWSEC,FEMALE,SKILL_READ,83.35755
2018,Lithuania,LOWSEC,BOTHSEX,SKILL_READ,75.6367
2019,Lithuania,PRIMAR,BOTHSEX,SKILL_MATH,81.42223
2019,Lithuania,PRIMAR,MALE,SKILL_MATH,81.88493
2019,Lithuania,PRIMAR,FEMALE,SKILL_MATH,80.69737
2000,Luxembourg,LOWSEC,FEMALE,SKILL_MATH,61.27
2000,Luxembourg,LOWSEC,BOTHSEX,SKILL_MATH,63.29323
2009,Albania,LOWSEC,FEMALE,SKILL_READ,56.36
2009,Albania,LOWSEC,MALE,SKILL_MATH,30.93
2009,Albania,LOWSEC,BOTHSEX,SKILL_READ,43.33176
2009,Albania,LOWSEC,BOTHSEX,SKILL_MATH,32.26541
2009,Albania,LOWSEC,MALE,SKILL_READ,30.95
2012,Albania,LOWSEC,MALE,SKILL_MATH,38.99
2012,Albania,LOWSEC,FEMALE,SKILL_MATH,39.7
2000,Luxembourg,LOWSEC,MALE,SKILL_MATH,66.84
2000,Luxembourg,LOWSEC,MALE,SKILL_READ,59.88
2000,Luxembourg,LOWSEC,FEMALE,SKILL_READ,70.94
2000,Luxembourg,LOWSEC,BOTHSEX,SKILL_READ,65.0
2003,Luxembourg,LOWSEC,MALE,SKILL_MATH,80.0
2003,Luxembourg,LOWSEC,MALE,SKILL_READ,71.46
2003,Luxembourg,LOWSEC,BOTHSEX,SKILL_MATH,78.28699
2012,Albania,LOWSEC,MALE,SKILL_READ,44.8
2012,Albania,LOWSEC,BOTHSEX,SKILL_MATH,39.33503
2012,Albania,LOWSEC,BOTHSEX,SKILL_READ,47.66456
2012,Albania,LOWSEC,FEMALE,SKILL_READ,50.72
2015,Albania,LOWSEC,FEMALE,SKILL_MATH,48.80595
2015,Albania,LOWSEC,MALE,SKILL_MATH,44.61966
2015,Albania,LOWSEC,BOTHSEX,SKILL_READ,49.72273
2003,Luxembourg,LOWSEC,FEMALE,SKILL_MATH,76.63
2003,Luxembourg,LOWSEC,BOTHSEX,SKILL_READ,77.25525
2003,Luxembourg,LOWSEC,FEMALE,SKILL_READ,82.87
2006,Luxembourg,LOWSEC,MALE,SKILL_READ,71.8
2006,Luxembourg,LOWSEC,MALE,SKILL_MATH,78.88
2006,Luxembourg,LOWSEC,FEMALE,SKILL_READ,82.63
2006,Luxembourg,LOWSEC,BOTHSEX,SKILL_READ,77.14608
2015,Cyprus,PRIMAR,BOTHSEX,SKILL_MATH,73.75824
2015,Cyprus,LOWSEC,BOTHSEX,SKILL_READ,64.37147
2015,Cyprus,PRIMAR,FEMALE,SKILL_MATH,73.29376
2015,Cyprus,PRIMAR,MALE,SKILL_MATH,74.20765
2018,Cyprus,LOWSEC,BOTHSEX,SKILL_MATH,63.14465
2018,Cyprus,LOWSEC,MALE,SKILL_READ,45.73983
2018,Cyprus,LOWSEC,BOTHSEX,SKILL_READ,56.2921
2006,Luxembourg,LOWSEC,FEMALE,SKILL_MATH,75.49
2006,Luxembourg,PRIMAR,BOTHSEX,SKILL_READ,98.77215
2006,Luxembourg,PRIMAR,MALE,SKILL_READ,98.42614
2006,Luxembourg,PRIMAR,FEMALE,SKILL_READ,99.14536
2006,Luxembourg,LOWSEC,BOTHSEX,SKILL_MATH,77.20813
2009,Luxembourg,LOWSEC,FEMALE,SKILL_MATH,74.29
2009,Luxembourg,LOWSEC,BOTHSEX,SKILL_READ,73.9592
2015,Albania,LOWSEC,BOTHSEX,SKILL_MATH,46.71703
2018,Albania,LOWSEC,MALE,SKILL_MATH,55.90192
2018,Albania,LOWSEC,FEMALE,SKILL_READ,58.04195
2018,Albania,LOWSEC,FEMALE,SKILL_MATH,59.42498
2018,Albania,LOWSEC,BOTHSEX,SKILL_MATH,57.62715
2018,Albania,LOWSEC,BOTHSEX,SKILL_READ,47.76432
2018,Albania,LOWSEC,MALE,SKILL_READ,37.90172
2009,Luxembourg,LOWSEC,FEMALE,SKILL_READ,80.94
2009,Luxembourg,LOWSEC,MALE,SKILL_READ,67.16
2009,Luxembourg,LOWSEC,MALE,SKILL_MATH,77.81
2009,Luxembourg,LOWSEC,BOTHSEX,SKILL_MATH,76.07777
2012,Luxembourg,LOWSEC,FEMALE,SKILL_MATH,71.29
2012,Luxembourg,LOWSEC,BOTHSEX,SKILL_MATH,75.66862
2012,Luxembourg,LOWSEC,MALE,SKILL_MATH,79.92
2018,Cyprus,LOWSEC,FEMALE,SKILL_READ,67.25756
2019,Cyprus,PRIMAR,BOTHSEX,SKILL_MATH,76.9192
2019,Cyprus,PRIMAR,FEMALE,SKILL_MATH,73.74552
2019,Cyprus,PRIMAR,MALE,SKILL_MATH,80.39186
2000,Czechia,LOWSEC,MALE,SKILL_READ,76.44
2000,Czechia,LOWSEC,BOTHSEX,SKILL_MATH,76.87635
2000,Czechia,LOWSEC,MALE,SKILL_MATH,77.04
2012,Luxembourg,LOWSEC,MALE,SKILL_READ,73.38
2012,Luxembourg,LOWSEC,FEMALE,SKILL_READ,82.42
2012,Luxembourg,LOWSEC,BOTHSEX,SKILL_READ,77.83019
2015,Luxembourg,LOWSEC,BOTHSEX,SKILL_MATH,74.18055
2015,Luxembourg,LOWSEC,MALE,SKILL_MATH,75.09964
2015,Luxembourg,LOWSEC,MALE,SKILL_READ,70.68004
2015,Luxembourg,LOWSEC,FEMALE,SKILL_MATH,73.27398
2019,Albania,PRIMAR,FEMALE,SKILL_MATH,60.54636
2019,Albania,PRIMAR,MALE,SKILL_MATH,62.88525
2019,Albania,PRIMAR,BOTHSEX,SKILL_MATH,61.75176
2006,Azerbaijan,LOWSEC,BOTHSEX,SKILL_READ,20.58498
2006,Azerbaijan,LOWSEC,MALE,SKILL_READ,16.64
2006,Azerbaijan,LOWSEC,BOTHSEX,SKILL_MATH,89.4645
2006,Azerbaijan,LOWSEC,MALE,SKILL_MATH,89.15
2000,Czechia,LOWSEC,FEMALE,SKILL_MATH,77.0
2000,Czechia,LOWSEC,BOTHSEX,SKILL_READ,82.5
2000,Czechia,LOWSEC,FEMALE,SKILL_READ,88.48
2001,Czechia,PRIMAR,MALE,SKILL_READ,96.57943
2001,Czechia,PRIMAR,BOTHSEX,SKILL_READ,97.27002
2001,Czechia,PRIMAR,FEMALE,SKILL_READ,97.99281
2003,Czechia,LOWSEC,FEMALE,SKILL_MATH,81.95
2015,Luxembourg,LOWSEC,BOTHSEX,SKILL_READ,74.35827
2015,Luxembourg,LOWSEC,FEMALE,SKILL_READ,77.98638
2018,Luxembourg,LOWSEC,BOTHSEX,SKILL_READ,70.70858
2018,Luxembourg,LOWSEC,FEMALE,SKILL_MATH,71.83455
2018,Luxembourg,LOWSEC,MALE,SKILL_READ,65.73183
2018,Luxembourg,LOWSEC,MALE,SKILL_MATH,73.70429
2018,Luxembourg,LOWSEC,BOTHSEX,SKILL_MATH,72.78241
2018,Luxembourg,LOWSEC,FEMALE,SKILL_READ,75.82555
2009,Malta,LOWSEC,FEMALE,SKILL_READ,75.65
2009,Malta,LOWSEC,BOTHSEX,SKILL_READ,63.68741
2009,Malta,LOWSEC,MALE,SKILL_READ,51.55
2011,Malta,PRIMAR,BOTHSEX,SKILL_MATH,63.12836
2011,Malta,PRIMAR,MALE,SKILL_READ,75.36774
2011,Malta,PRIMAR,FEMALE,SKILL_READ,81.63849
2003,Czechia,LOWSEC,MALE,SKILL_MATH,84.88
2003,Czechia,LOWSEC,MALE,SKILL_READ,76.47
2003,Czechia,LOWSEC,BOTHSEX,SKILL_MATH,83.43299
2003,Czechia,LOWSEC,FEMALE,SKILL_READ,85.02
2003,Czechia,LOWSEC,BOTHSEX,SKILL_READ,80.68714
2006,Czechia,LOWSEC,MALE,SKILL_MATH,82.41
2006,Czechia,LOWSEC,FEMALE,SKILL_MATH,78.8
2006,Czechia,LOWSEC,BOTHSEX,SKILL_READ,75.22457
2006,Czechia,LOWSEC,FEMALE,SKILL_READ,83.1
2006,Czechia,LOWSEC,BOTHSEX,SKILL_MATH,80.839
2006,Czechia,LOWSEC,MALE,SKILL_READ,69.18
2007,Czechia,PRIMAR,FEMALE,SKILL_MATH,57.3394
2007,Czechia,PRIMAR,MALE,SKILL_MATH,59.73452
2007,Czechia,PRIMAR,BOTHSEX,SKILL_MATH,58.56877
2006,Azerbaijan,LOWSEC,FEMALE,SKILL_READ,24.88
2006,Azerbaijan,LOWSEC,FEMALE,SKILL_MATH,89.81
2009,Azerbaijan,LOWSEC,FEMALE,SKILL_MATH,51.39
2009,Azerbaijan,LOWSEC,FEMALE,SKILL_READ,32.16
2009,Azerbaijan,LOWSEC,MALE,SKILL_MATH,57.9
2009,Azerbaijan,LOWSEC,BOTHSEX,SKILL_MATH,54.72519
2009,Azerbaijan,LOWSEC,MALE,SKILL_READ,22.49
2009,Czechia,LOWSEC,MALE,SKILL_MATH,78.36
2009,Czechia,LOWSEC,BOTHSEX,SKILL_READ,76.94532
2009,Czechia,LOWSEC,FEMALE,SKILL_MATH,76.88
2009,Czechia,LOWSEC,FEMALE,SKILL_READ,85.72
2009,Czechia,LOWSEC,MALE,SKILL_READ,69.23
2009,Czechia,LOWSEC,BOTHSEX,SKILL_MATH,77.66716
2011,Czechia,PRIMAR,BOTHSEX,SKILL_READ,98.25079
2011,Malta,PRIMAR,FEMALE,SKILL_MATH,62.31324
2011,Malta,PRIMAR,BOTHSEX,SKILL_READ,78.2012
2011,Malta,PRIMAR,MALE,SKILL_MATH,63.90364
2015,Malta,LOWSEC,BOTHSEX,SKILL_READ,64.44506
2015,Malta,LOWSEC,FEMALE,SKILL_READ,72.14767
2015,Malta,LOWSEC,BOTHSEX,SKILL_MATH,70.86299
2015,Malta,LOWSEC,MALE,SKILL_READ,56.97728
2009,Azerbaijan,LOWSEC,BOTHSEX,SKILL_READ,27.21145
2011,Azerbaijan,PRIMAR,BOTHSEX,SKILL_MATH,46.41994
2011,Azerbaijan,PRIMAR,FEMALE,SKILL_READ,84.08594
2011,Azerbaijan,PRIMAR,BOTHSEX,SKILL_READ,81.85957
2011,Azerbaijan,PRIMAR,MALE,SKILL_READ,79.86656
2016,Azerbaijan,PRIMAR,MALE,SKILL_READ,78.49785
2016,Azerbaijan,PRIMAR,BOTHSEX,SKILL_READ,80.78633
2016,Azerbaijan,PRIMAR,FEMALE,SKILL_READ,83.53725
2011,Czechia,PRIMAR,BOTHSEX,SKILL_MATH,71.79266
2011,Czechia,PRIMAR,FEMALE,SKILL_READ,98.56715
2011,Czechia,PRIMAR,FEMALE,SKILL_MATH,69.28036
2011,Czechia,PRIMAR,MALE,SKILL_MATH,74.15403
2011,Czechia,PRIMAR,MALE,SKILL_READ,97.92711
2012,Czechia,LOWSEC,BOTHSEX,SKILL_MATH,79.03689
2012,Czechia,LOWSEC,MALE,SKILL_MATH,80.72
2012,Czechia,LOWSEC,BOTHSEX,SKILL_READ,83.13411
2016,Malta,PRIMAR,BOTHSEX,SKILL_READ,73.16581
2016,Malta,PRIMAR,FEMALE,SKILL_READ,77.80421
2016,Malta,PRIMAR,MALE,SKILL_READ,69.14823
2018,Malta,LOWSEC,FEMALE,SKILL_READ,73.98434
2018,Malta,LOWSEC,BOTHSEX,SKILL_READ,64.1141
2018,Malta,LOWSEC,BOTHSEX,SKILL_MATH,69.75253
2018,Malta,LOWSEC,MALE,SKILL_READ,55.05872
2019,Azerbaijan,PRIMAR,BOTHSEX,SKILL_MATH,71.74674
2019,Azerbaijan,PRIMAR,MALE,SKILL_MATH,72.52979
2019,Azerbaijan,PRIMAR,FEMALE,SKILL_MATH,74.16929
2000,Austria,LOWSEC,MALE,SKILL_MATH,87.17
2000,Austria,LOWSEC,FEMALE,SKILL_READ,88.91
2000,Austria,LOWSEC,FEMALE,SKILL_MATH,82.61
2000,Austria,LOWSEC,BOTHSEX,SKILL_READ,85.3
2012,Czechia,LOWSEC,FEMALE,SKILL_MATH,77.27
2012,Czechia,LOWSEC,FEMALE,SKILL_READ,89.39
2012,Czechia,LOWSEC,MALE,SKILL_READ,77.19
2015,Czechia,LOWSEC,BOTHSEX,SKILL_MATH,78.30897
2015,Czechia,LOWSEC,MALE,SKILL_READ,73.17524
2015,Czechia,PRIMAR,BOTHSEX,SKILL_MATH,78.41877
2015,Czechia,PRIMAR,MALE,SKILL_MATH,79.41916
2000,Austria,LOWSEC,MALE,SKILL_READ,82.22
2000,Austria,LOWSEC,BOTHSEX,SKILL_MATH,84.44446
2003,Austria,LOWSEC,BOTHSEX,SKILL_READ,79.29672
2003,Austria,LOWSEC,FEMALE,SKILL_MATH,81.63
2003,Austria,LOWSEC,FEMALE,SKILL_READ,86.86
2003,Austria,LOWSEC,MALE,SKILL_MATH,80.83
2003,Austria,LOWSEC,BOTHSEX,SKILL_MATH,81.23016
2019,Malta,PRIMAR,MALE,SKILL_MATH,70.06548
2019,Malta,PRIMAR,BOTHSEX,SKILL_MATH,69.07995
2019,Malta,PRIMAR,FEMALE,SKILL_MATH,68.02743
2001,Republic of Moldova,PRIMAR,BOTHSEX,SKILL_READ,88.49659
2001,Republic of Moldova,PRIMAR,MALE,SKILL_READ,84.33527
2001,Republic of Moldova,PRIMAR,FEMALE,SKILL_READ,92.66856
2003,Republic of Moldova,PRIMAR,BOTHSEX,SKILL_MATH,65.75611
2003,Republic of Moldova,PRIMAR,FEMALE,SKILL_MATH,67.92466
2003,Austria,LOWSEC,MALE,SKILL_READ,71.76
2006,Austria,LOWSEC,MALE,SKILL_READ,72.57
2006,Austria,PRIMAR,BOTHSEX,SKILL_READ,97.62326
2006,Austria,PRIMAR,MALE,SKILL_READ,96.86289
2006,Austria,LOWSEC,BOTHSEX,SKILL_MATH,80.00001
2006,Austria,LOWSEC,MALE,SKILL_MATH,82.63
2006,Austria,LOWSEC,FEMALE,SKILL_READ,84.63
2006,Austria,LOWSEC,FEMALE,SKILL_MATH,77.27
2006,Austria,LOWSEC,BOTHSEX,SKILL_READ,78.48328
2006,Austria,PRIMAR,FEMALE,SKILL_READ,98.39928
2007,Austria,PRIMAR,BOTHSEX,SKILL_MATH,68.89727
2009,Austria,LOWSEC,FEMALE,SKILL_READ,79.74
2009,Austria,LOWSEC,MALE,SKILL_MATH,78.65
2009,Austria,LOWSEC,BOTHSEX,SKILL_READ,72.42369
2015,Czechia,LOWSEC,FEMALE,SKILL_READ,83.04278
2015,Czechia,PRIMAR,FEMALE,SKILL_MATH,77.39211
2015,Czechia,LOWSEC,FEMALE,SKILL_MATH,78.72189
2015,Czechia,LOWSEC,BOTHSEX,SKILL_READ,77.97674
2015,Czechia,LOWSEC,MALE,SKILL_MATH,77.91761
2016,Czechia,PRIMAR,FEMALE,SKILL_READ,97.97584
2016,Czechia,PRIMAR,MALE,SKILL_READ,96.13597
2016,Czechia,PRIMAR,BOTHSEX,SKILL_READ,97.03947
2018,Czechia,LOWSEC,FEMALE,SKILL_READ,85.04798
2018,Czechia,LOWSEC,MALE,SKILL_READ,73.71976
2018,Czechia,LOWSEC,BOTHSEX,SKILL_MATH,79.61492
2018,Czechia,LOWSEC,MALE,SKILL_MATH,79.1995
2018,Czechia,LOWSEC,BOTHSEX,SKILL_READ,79.25952
2018,Czechia,LOWSEC,FEMALE,SKILL_MATH,80.04899
2003,Republic of Moldova,PRIMAR,MALE,SKILL_MATH,63.65184
2006,Republic of Moldova,PRIMAR,BOTHSEX,SKILL_READ,91.26234
2006,Republic of Moldova,PRIMAR,FEMALE,SKILL_READ,93.04891
2006,Republic of Moldova,PRIMAR,MALE,SKILL_READ,89.54619
2009,Republic of Moldova,LOWSEC,BOTHSEX,SKILL_MATH,39.33646
2009,Republic of Moldova,LOWSEC,MALE,SKILL_READ,33.36
2009,Republic of Moldova,LOWSEC,FEMALE,SKILL_READ,52.71
2019,Czechia,PRIMAR,MALE,SKILL_MATH,80.23538
2019,Czechia,PRIMAR,BOTHSEX,SKILL_MATH,78.42741
2019,Czechia,PRIMAR,FEMALE,SKILL_MATH,76.45569
2000,Denmark,LOWSEC,MALE,SKILL_MATH,87.16
2000,Denmark,LOWSEC,MALE,SKILL_READ,78.24
2000,Denmark,LOWSEC,BOTHSEX,SKILL_MATH,86.1676
2000,Denmark,LOWSEC,FEMALE,SKILL_MATH,85.48
2009,Republic of Moldova,LOWSEC,BOTHSEX,SKILL_READ,42.76967
2009,Republic of Moldova,LOWSEC,MALE,SKILL_MATH,40.54
2009,Republic of Moldova,LOWSEC,FEMALE,SKILL_MATH,38.07
2015,Republic of Moldova,LOWSEC,MALE,SKILL_MATH,49.13737
2015,Republic of Moldova,LOWSEC,BOTHSEX,SKILL_READ,54.21192
2015,Republic of Moldova,LOWSEC,FEMALE,SKILL_READ,65.07829
2015,Republic of Moldova,LOWSEC,MALE,SKILL_READ,43.44065
2009,Austria,LOWSEC,BOTHSEX,SKILL_MATH,76.7601
2009,Austria,LOWSEC,MALE,SKILL_READ,64.82
2009,Austria,LOWSEC,FEMALE,SKILL_MATH,74.94
2011,Austria,PRIMAR,BOTHSEX,SKILL_READ,97.10411
2011,Austria,PRIMAR,MALE,SKILL_READ,96.5088
2011,Austria,PRIMAR,FEMALE,SKILL_READ,97.72839
2011,Austria,PRIMAR,BOTHSEX,SKILL_MATH,70.43405
2012,Austria,LOWSEC,MALE,SKILL_MATH,83.89
2015,Republic of Moldova,LOWSEC,BOTHSEX,SKILL_MATH,49.73857
2015,Republic of Moldova,LOWSEC,FEMALE,SKILL_MATH,50.34488
2018,Republic of Moldova,LOWSEC,MALE,SKILL_MATH,49.29516
2018,Republic of Moldova,LOWSEC,FEMALE,SKILL_MATH,50.05962
2018,Republic of Moldova,LOWSEC,BOTHSEX,SKILL_MATH,49.66686
2018,Republic of Moldova,LOWSEC,MALE,SKILL_READ,48.62072
2018,Republic of Moldova,LOWSEC,FEMALE,SKILL_READ,65.85467
2012,Austria,LOWSEC,FEMALE,SKILL_READ,87.21
2012,Austria,LOWSEC,FEMALE,SKILL_MATH,78.81
2012,Austria,LOWSEC,BOTHSEX,SKILL_READ,80.50978
2012,Austria,LOWSEC,MALE,SKILL_READ,73.77
2012,Austria,LOWSEC,BOTHSEX,SKILL_MATH,81.34507
2015,Austria,LOWSEC,FEMALE,SKILL_MATH,75.23275
2015,Austria,LOWSEC,FEMALE,SKILL_READ,80.74735
2015,Austria,LOWSEC,MALE,SKILL_MATH,81.20835
2015,Austria,LOWSEC,BOTHSEX,SKILL_MATH,78.24862
2015,Austria,LOWSEC,MALE,SKILL_READ,74.23451
2015,Austria,LOWSEC,BOTHSEX,SKILL_READ,77.46034
2016,Austria,PRIMAR,FEMALE,SKILL_READ,98.08942
2016,Austria,PRIMAR,BOTHSEX,SKILL_READ,97.58574
2016,Austria,PRIMAR,MALE,SKILL_READ,97.10886
2000,Denmark,LOWSEC,BOTHSEX,SKILL_READ,82.1
2000,Denmark,LOWSEC,FEMALE,SKILL_READ,86.65
2003,Denmark,LOWSEC,BOTHSEX,SKILL_MATH,84.5929
2003,Denmark,LOWSEC,MALE,SKILL_READ,79.52
2003,Denmark,LOWSEC,MALE,SKILL_MATH,86.64
2003,Denmark,LOWSEC,FEMALE,SKILL_READ,87.3
2003,Denmark,LOWSEC,FEMALE,SKILL_MATH,82.62
2018,Austria,LOWSEC,MALE,SKILL_READ,71.22077
2018,Austria,LOWSEC,BOTHSEX,SKILL_MATH,78.92112
2018,Austria,LOWSEC,BOTHSEX,SKILL_READ,76.37674
2018,Austria,LOWSEC,MALE,SKILL_MATH,79.48838
2018,Austria,LOWSEC,FEMALE,SKILL_READ,81.69047
2018,Austria,LOWSEC,FEMALE,SKILL_MATH,78.33651
2019,Austria,PRIMAR,FEMALE,SKILL_MATH,83.18891
2019,Austria,PRIMAR,MALE,SKILL_MATH,83.93092
2019,Austria,PRIMAR,BOTHSEX,SKILL_MATH,83.55019
2003,Armenia,LOWSEC,MALE,SKILL_MATH,51.36447
2003,Armenia,LOWSEC,FEMALE,SKILL_MATH,56.26984
2003,Armenia,PRIMAR,FEMALE,SKILL_MATH,45.10877
2003,Armenia,LOWSEC,BOTHSEX,SKILL_MATH,53.96795
2003,Armenia,PRIMAR,MALE,SKILL_MATH,40.49514
2003,Armenia,PRIMAR,BOTHSEX,SKILL_MATH,42.74586
2003,Denmark,LOWSEC,BOTHSEX,SKILL_READ,83.47883
2006,Denmark,LOWSEC,FEMALE,SKILL_MATH,84.82
2006,Denmark,LOWSEC,BOTHSEX,SKILL_READ,83.98577
2006,Denmark,LOWSEC,FEMALE,SKILL_READ,88.63
2006,Denmark,LOWSEC,MALE,SKILL_MATH,87.93
2006,Denmark,LOWSEC,MALE,SKILL_READ,79.29
2006,Denmark,LOWSEC,BOTHSEX,SKILL_MATH,86.36603
2006,Denmark,GRAD23,FEMALE,SKILL_READ,97.20577
2006,Denmark,GRAD23,BOTHSEX,SKILL_READ,96.51309
2006,Denmark,GRAD23,MALE,SKILL_READ,95.8847
2007,Denmark,GRAD23,MALE,SKILL_MATH,77.55684
2007,Denmark,GRAD23,FEMALE,SKILL_MATH,75.39959
2007,Denmark,GRAD23,BOTHSEX,SKILL_MATH,76.30163
2009,Denmark,LOWSEC,BOTHSEX,SKILL_MATH,82.94641
2009,Denmark,LOWSEC,MALE,SKILL_READ,80.96
2007,Armenia,PRIMAR,MALE,SKILL_MATH,58.11217
2007,Armenia,PRIMAR,BOTHSEX,SKILL_MATH,59.99581
2007,Armenia,LOWSEC,BOTHSEX,SKILL_MATH,63.48834
2007,Armenia,PRIMAR,FEMALE,SKILL_MATH,62.01363
2007,Armenia,LOWSEC,FEMALE,SKILL_MATH,63.81102
2007,Armenia,LOWSEC,MALE,SKILL_MATH,62.94791
2011,Armenia,PRIMAR,MALE,SKILL_MATH,40.84838
2011,Armenia,LOWSEC,MALE,SKILL_MATH,46.72195
2011,Armenia,PRIMAR,FEMALE,SKILL_MATH,41.07063
2011,Armenia,LOWSEC,FEMALE,SKILL_MATH,51.41391
2011,Armenia,LOWSEC,BOTHSEX,SKILL_MATH,49.01759
2011,Armenia,PRIMAR,BOTHSEX,SKILL_MATH,40.91933
2015,Armenia,PRIMAR,FEMALE,SKILL_MATH,55.83526
2015,Armenia,LOWSEC,MALE,SKILL_MATH,48.27394
2015,Armenia,PRIMAR,MALE,SKILL_MATH,53.35225
2015,Armenia,PRIMAR,BOTHSEX,SKILL_MATH,54.56382
2018,Republic of Moldova,LOWSEC,BOTHSEX,SKILL_READ,57.00025
2006,Montenegro,LOWSEC,BOTHSEX,SKILL_MATH,39.9497
2006,Montenegro,LOWSEC,BOTHSEX,SKILL_READ,43.65372
2009,Montenegro,LOWSEC,BOTHSEX,SKILL_MATH,41.58381
2009,Montenegro,LOWSEC,BOTHSEX,SKILL_READ,50.45033
2012,Montenegro,LOWSEC,BOTHSEX,SKILL_MATH,43.35334
2012,Montenegro,LOWSEC,BOTHSEX,SKILL_READ,56.70178
2009,Denmark,LOWSEC,MALE,SKILL_MATH,85.34
2009,Denmark,LOWSEC,FEMALE,SKILL_READ,88.53
2009,Denmark,LOWSEC,FEMALE,SKILL_MATH,80.6
2009,Denmark,LOWSEC,BOTHSEX,SKILL_READ,84.78205
2011,Denmark,GRAD23,BOTHSEX,SKILL_MATH,81.85848
2011,Denmark,GRAD23,FEMALE,SKILL_MATH,81.15901
2011,Denmark,GRAD23,MALE,SKILL_MATH,82.5916
2015,Armenia,LOWSEC,BOTHSEX,SKILL_MATH,50.40721
2015,Armenia,LOWSEC,FEMALE,SKILL_MATH,51.80103
2019,Armenia,PRIMAR,MALE,SKILL_MATH,63.03454
2019,Armenia,PRIMAR,FEMALE,SKILL_MATH,65.75158
2019,Armenia,PRIMAR,BOTHSEX,SKILL_MATH,64.34171
2000,Belgium,LOWSEC,BOTHSEX,SKILL_READ,80.9
2000,Belgium,LOWSEC,MALE,SKILL_READ,77.23
2000,Belgium,LOWSEC,BOTHSEX,SKILL_MATH,80.32178
2011,Denmark,GRAD23,BOTHSEX,SKILL_READ,98.57322
2011,Denmark,GRAD23,FEMALE,SKILL_READ,98.80472
2011,Denmark,GRAD23,MALE,SKILL_READ,98.34226
2012,Denmark,LOWSEC,FEMALE,SKILL_READ,89.93
2012,Denmark,LOWSEC,MALE,SKILL_MATH,84.89
2012,Denmark,LOWSEC,MALE,SKILL_READ,80.83
2012,Denmark,LOWSEC,BOTHSEX,SKILL_MATH,83.15936
2015,Montenegro,LOWSEC,BOTHSEX,SKILL_READ,58.11399
2015,Montenegro,LOWSEC,FEMALE,SKILL_READ,65.5884
2015,Montenegro,LOWSEC,BOTHSEX,SKILL_MATH,48.10564
2015,Montenegro,LOWSEC,MALE,SKILL_READ,50.97577
2015,Montenegro,LOWSEC,FEMALE,SKILL_MATH,47.87792
2015,Montenegro,LOWSEC,MALE,SKILL_MATH,48.32335
2018,Montenegro,LOWSEC,MALE,SKILL_MATH,55.40638
2000,Belgium,LOWSEC,FEMALE,SKILL_READ,85.88
2000,Belgium,LOWSEC,MALE,SKILL_MATH,79.47
2000,Belgium,LOWSEC,FEMALE,SKILL_MATH,82.19
2003,Belgium,LOWSEC,FEMALE,SKILL_READ,87.04
2003,Belgium,LOWSEC,BOTHSEX,SKILL_MATH,83.50253
2003,Belgium,LOWSEC,MALE,SKILL_READ,77.62
2003,Belgium,LOWSEC,BOTHSEX,SKILL_READ,82.12721
2003,Belgium,LOWSEC,FEMALE,SKILL_MATH,84.27
2003,Belgium,LOWSEC,MALE,SKILL_MATH,82.8
2003,Belgium,PRIMAR,BOTHSEX,SKILL_MATH,90.01701
2006,Belgium,LOWSEC,FEMALE,SKILL_READ,86.62
2006,Belgium,LOWSEC,MALE,SKILL_MATH,82.33
2006,Belgium,LOWSEC,FEMALE,SKILL_MATH,83.01
2006,Belgium,LOWSEC,BOTHSEX,SKILL_READ,80.59795
2012,Denmark,LOWSEC,BOTHSEX,SKILL_READ,85.35578
2012,Denmark,LOWSEC,FEMALE,SKILL_MATH,81.42
2015,Denmark,LOWSEC,MALE,SKILL_MATH,87.0988
2015,Denmark,LOWSEC,FEMALE,SKILL_READ,87.96385
2015,Denmark,GRAD23,MALE,SKILL_MATH,81.44908
2015,Denmark,GRAD23,BOTHSEX,SKILL_MATH,80.31658
2015,Denmark,LOWSEC,FEMALE,SKILL_MATH,85.75095
2006,Belgium,LOWSEC,MALE,SKILL_READ,75.13
2006,Belgium,LOWSEC,BOTHSEX,SKILL_MATH,82.65611
2006,Belgium,PRIMAR,BOTHSEX,SKILL_READ,99.21684
2009,Belgium,LOWSEC,FEMALE,SKILL_MATH,78.63
2009,Belgium,LOWSEC,MALE,SKILL_MATH,83.17
2009,Belgium,LOWSEC,FEMALE,SKILL_READ,86.18
2009,Belgium,LOWSEC,BOTHSEX,SKILL_MATH,80.94882
2018,Montenegro,LOWSEC,FEMALE,SKILL_MATH,52.13279
2018,Montenegro,LOWSEC,BOTHSEX,SKILL_MATH,53.83931
2018,Montenegro,LOWSEC,MALE,SKILL_READ,48.31694
2018,Montenegro,LOWSEC,FEMALE,SKILL_READ,63.49065
2018,Montenegro,LOWSEC,BOTHSEX,SKILL_READ,55.5806
2019,Montenegro,PRIMAR,MALE,SKILL_MATH,44.34892
2019,Montenegro,PRIMAR,FEMALE,SKILL_MATH,41.57225
2009,Belgium,LOWSEC,MALE,SKILL_READ,78.5
2009,Belgium,LOWSEC,BOTHSEX,SKILL_READ,82.2574
2011,Belgium,PRIMAR,BOTHSEX,SKILL_MATH,89.23522
2012,Belgium,LOWSEC,BOTHSEX,SKILL_READ,83.92354
2012,Belgium,LOWSEC,MALE,SKILL_READ,79.64
2012,Belgium,LOWSEC,BOTHSEX,SKILL_MATH,81.03681
2012,Belgium,LOWSEC,FEMALE,SKILL_READ,88.24
2015,Denmark,LOWSEC,BOTHSEX,SKILL_READ,85.00438
2015,Denmark,LOWSEC,BOTHSEX,SKILL_MATH,86.42804
2015,Denmark,LOWSEC,MALE,SKILL_READ,82.07345
2015,Denmark,GRAD23,FEMALE,SKILL_MATH,79.15421
2016,Denmark,GRAD23,MALE,SKILL_READ,97.20507
2016,Denmark,GRAD23,FEMALE,SKILL_READ,97.58585
2016,Denmark,GRAD23,BOTHSEX,SKILL_READ,97.37895
2018,Denmark,LOWSEC,MALE,SKILL_MATH,85.12017
2012,Belgium,LOWSEC,MALE,SKILL_MATH,81.4
2012,Belgium,LOWSEC,FEMALE,SKILL_MATH,80.67
2015,Belgium,LOWSEC,FEMALE,SKILL_READ,83.03041
2015,Belgium,LOWSEC,BOTHSEX,SKILL_MATH,79.93734
2015,Belgium,LOWSEC,MALE,SKILL_READ,77.98094
2015,Belgium,LOWSEC,BOTHSEX,SKILL_READ,80.46547
2015,Belgium,LOWSEC,FEMALE,SKILL_MATH,78.78193
2001,Türkiye,PRIMAR,BOTHSEX,SKILL_READ,72.3131
2001,Türkiye,PRIMAR,FEMALE,SKILL_READ,76.5403
2001,Türkiye,PRIMAR,MALE,SKILL_READ,68.24938
2003,Türkiye,LOWSEC,FEMALE,SKILL_READ,72.15
2003,Türkiye,LOWSEC,MALE,SKILL_READ,55.89
2003,Türkiye,LOWSEC,BOTHSEX,SKILL_READ,63.20619
2006,Türkiye,LOWSEC,BOTHSEX,SKILL_READ,67.82651
2019,Montenegro,PRIMAR,BOTHSEX,SKILL_MATH,42.99141
2000,Netherlands,LOWSEC,FEMALE,SKILL_MATH,93.57
2000,Netherlands,LOWSEC,FEMALE,SKILL_READ,94.17
2000,Netherlands,LOWSEC,BOTHSEX,SKILL_READ,90.47414
2000,Netherlands,LOWSEC,MALE,SKILL_READ,86.84
2000,Netherlands,LOWSEC,BOTHSEX,SKILL_MATH,93.77527
2000,Netherlands,LOWSEC,MALE,SKILL_MATH,93.89
2015,Belgium,LOWSEC,MALE,SKILL_MATH,81.05653
2015,Belgium,PRIMAR,BOTHSEX,SKILL_MATH,87.87937
2016,Belgium,PRIMAR,BOTHSEX,SKILL_READ,97.41729
2018,Belgium,LOWSEC,FEMALE,SKILL_READ,82.18898
2018,Belgium,LOWSEC,MALE,SKILL_MATH,81.69979
2018,Belgium,LOWSEC,FEMALE,SKILL_MATH,78.98485
2018,Belgium,LOWSEC,MALE,SKILL_READ,75.28248
2018,Belgium,LOWSEC,BOTHSEX,SKILL_MATH,80.33807
2018,Belgium,LOWSEC,BOTHSEX,SKILL_READ,78.74654
2019,Belgium,PRIMAR,FEMALE,SKILL_MATH,78.03478
2019,Belgium,PRIMAR,MALE,SKILL_MATH,82.35777
2019,Belgium,PRIMAR,BOTHSEX,SKILL_MATH,80.14717
2018,Bosnia and Herzegovina,LOWSEC,MALE,SKILL_READ,38.28907
2018,Bosnia and Herzegovina,LOWSEC,FEMALE,SKILL_READ,54.76662
2001,Netherlands,PRIMAR,FEMALE,SKILL_READ,99.56111
2001,Netherlands,PRIMAR,MALE,SKILL_READ,98.88949
2001,Netherlands,PRIMAR,BOTHSEX,SKILL_READ,99.2274
2003,Netherlands,LOWSEC,MALE,SKILL_READ,85.73
2003,Netherlands,PRIMAR,BOTHSEX,SKILL_MATH,88.71705
2003,Netherlands,LOWSEC,BOTHSEX,SKILL_READ,88.5208
2003,Netherlands,LOWSEC,FEMALE,SKILL_READ,91.43
2003,Netherlands,LOWSEC,MALE,SKILL_MATH,89.83
2003,Netherlands,LOWSEC,FEMALE,SKILL_MATH,88.33
2003,Netherlands,LOWSEC,BOTHSEX,SKILL_MATH,89.09377
2003,Netherlands,PRIMAR,MALE,SKILL_MATH,89.84334
2003,Netherlands,PRIMAR,FEMALE,SKILL_MATH,87.54818
2006,Netherlands,LOWSEC,FEMALE,SKILL_READ,88.32
2006,Netherlands,LOWSEC,BOTHSEX,SKILL_READ,84.88453
2006,Netherlands,LOWSEC,MALE,SKILL_READ,81.57
2006,Netherlands,LOWSEC,MALE,SKILL_MATH,89.99
2006,Netherlands,LOWSEC,BOTHSEX,SKILL_MATH,88.47191
2006,Netherlands,PRIMAR,FEMALE,SKILL_READ,99.5927
2006,Netherlands,PRIMAR,MALE,SKILL_READ,99.27775
2006,Netherlands,PRIMAR,BOTHSEX,SKILL_READ,99.44051
2006,Netherlands,LOWSEC,FEMALE,SKILL_MATH,86.89
2006,Türkiye,LOWSEC,MALE,SKILL_READ,58.99
2006,Türkiye,LOWSEC,FEMALE,SKILL_READ,78.49
2007,Türkiye,LOWSEC,FEMALE,SKILL_MATH,33.14527
2007,Türkiye,LOWSEC,BOTHSEX,SKILL_MATH,32.86918
2007,Türkiye,LOWSEC,MALE,SKILL_MATH,32.67366
2009,Türkiye,LOWSEC,BOTHSEX,SKILL_READ,75.49418
2009,Türkiye,LOWSEC,FEMALE,SKILL_READ,85.02
2018,Bosnia and Herzegovina,LOWSEC,BOTHSEX,SKILL_READ,46.32493
2018,Bosnia and Herzegovina,LOWSEC,BOTHSEX,SKILL_MATH,42.43659
2019,Bosnia and Herzegovina,PRIMAR,BOTHSEX,SKILL_MATH,39.55167
2019,Bosnia and Herzegovina,PRIMAR,MALE,SKILL_MATH,42.56869
2019,Bosnia and Herzegovina,PRIMAR,FEMALE,SKILL_MATH,36.46904
2000,Bulgaria,LOWSEC,MALE,SKILL_READ,49.71
2000,Bulgaria,LOWSEC,BOTHSEX,SKILL_MATH,54.59159
2007,Netherlands,PRIMAR,MALE,SKILL_MATH,85.66002
2007,Netherlands,PRIMAR,FEMALE,SKILL_MATH,81.57077
2007,Netherlands,PRIMAR,BOTHSEX,SKILL_MATH,83.7802
2009,Netherlands,LOWSEC,FEMALE,SKILL_READ,89.24
2009,Netherlands,LOWSEC,BOTHSEX,SKILL_MATH,86.58382
2009,Netherlands,LOWSEC,BOTHSEX,SKILL_READ,85.68504
2009,Netherlands,LOWSEC,MALE,SKILL_READ,82.09
2009,Netherlands,LOWSEC,MALE,SKILL_MATH,88.77
2009,Netherlands,LOWSEC,FEMALE,SKILL_MATH,84.43
2011,Netherlands,PRIMAR,MALE,SKILL_READ,99.46544
2011,Netherlands,PRIMAR,FEMALE,SKILL_READ,99.68333
2011,Netherlands,PRIMAR,BOTHSEX,SKILL_MATH,88.4268
2011,Netherlands,PRIMAR,FEMALE,SKILL_MATH,87.24342
2011,Netherlands,PRIMAR,BOTHSEX,SKILL_READ,99.55017
2011,Netherlands,PRIMAR,MALE,SKILL_MATH,89.85986
2018,Denmark,LOWSEC,MALE,SKILL_READ,79.09293
2018,Denmark,LOWSEC,BOTHSEX,SKILL_MATH,85.42881
2018,Denmark,LOWSEC,BOTHSEX,SKILL_READ,84.00047
2018,Denmark,LOWSEC,FEMALE,SKILL_MATH,85.738
2018,Denmark,LOWSEC,FEMALE,SKILL_READ,88.91687
2019,Denmark,GRAD23,BOTHSEX,SKILL_MATH,74.73042
2019,Denmark,GRAD23,MALE,SKILL_MATH,75.54785
2000,Bulgaria,LOWSEC,BOTHSEX,SKILL_READ,59.7
2000,Bulgaria,LOWSEC,MALE,SKILL_MATH,53.41
2000,Bulgaria,LOWSEC,FEMALE,SKILL_READ,70.22
2000,Bulgaria,LOWSEC,FEMALE,SKILL_MATH,55.85
2001,Bulgaria,PRIMAR,MALE,SKILL_READ,93.42708
2001,Bulgaria,PRIMAR,BOTHSEX,SKILL_READ,95.0493
2001,Bulgaria,PRIMAR,FEMALE,SKILL_READ,96.783
2012,Netherlands,LOWSEC,MALE,SKILL_MATH,86.15
2012,Netherlands,LOWSEC,FEMALE,SKILL_MATH,84.22
2012,Netherlands,LOWSEC,BOTHSEX,SKILL_MATH,85.20645
2012,Netherlands,LOWSEC,FEMALE,SKILL_READ,89.39
2012,Netherlands,LOWSEC,BOTHSEX,SKILL_READ,86.01116
2012,Netherlands,LOWSEC,MALE,SKILL_READ,82.78
2015,Netherlands,LOWSEC,FEMALE,SKILL_MATH,83.75581
2006,Bulgaria,PRIMAR,BOTHSEX,SKILL_READ,94.76472
2006,Bulgaria,LOWSEC,BOTHSEX,SKILL_MATH,46.72246
2006,Bulgaria,LOWSEC,MALE,SKILL_READ,39.02
2006,Bulgaria,LOWSEC,MALE,SKILL_MATH,45.1
2006,Bulgaria,PRIMAR,MALE,SKILL_READ,93.22733
2006,Bulgaria,PRIMAR,FEMALE,SKILL_READ,96.35489
2006,Bulgaria,LOWSEC,BOTHSEX,SKILL_READ,48.92784
2019,Denmark,GRAD23,FEMALE,SKILL_MATH,74.40961
2006,Estonia,LOWSEC,BOTHSEX,SKILL_READ,86.35941
2006,Estonia,LOWSEC,BOTHSEX,SKILL_MATH,87.92124
2009,Estonia,LOWSEC,BOTHSEX,SKILL_MATH,87.3623
2009,Estonia,LOWSEC,BOTHSEX,SKILL_READ,86.66734
2012,Estonia,LOWSEC,BOTHSEX,SKILL_READ,90.87593
2012,Estonia,LOWSEC,BOTHSEX,SKILL_MATH,89.45552
2015,Netherlands,LOWSEC,MALE,SKILL_MATH,82.77701
2015,Netherlands,PRIMAR,MALE,SKILL_MATH,84.36688
2015,Netherlands,PRIMAR,FEMALE,SKILL_MATH,81.57301
2015,Netherlands,LOWSEC,MALE,SKILL_READ,78.34129
2015,Netherlands,PRIMAR,BOTHSEX,SKILL_MATH,82.9822
2015,Netherlands,LOWSEC,BOTHSEX,SKILL_READ,81.93602
2015,Netherlands,LOWSEC,FEMALE,SKILL_READ,85.50705
2006,Bulgaria,LOWSEC,FEMALE,SKILL_MATH,48.46
2006,Bulgaria,LOWSEC,FEMALE,SKILL_READ,59.57
2009,Bulgaria,LOWSEC,MALE,SKILL_MATH,51.81
2009,Bulgaria,LOWSEC,FEMALE,SKILL_READ,70.85
2009,Bulgaria,LOWSEC,FEMALE,SKILL_MATH,54.03
2009,Bulgaria,LOWSEC,BOTHSEX,SKILL_READ,59.01265
2009,Bulgaria,LOWSEC,MALE,SKILL_READ,48.03
2015,Netherlands,LOWSEC,BOTHSEX,SKILL_MATH,83.26803
2016,Netherlands,PRIMAR,BOTHSEX,SKILL_READ,98.69016
2016,Netherlands,PRIMAR,FEMALE,SKILL_READ,99.40024
2016,Netherlands,PRIMAR,MALE,SKILL_READ,97.99961
2018,Netherlands,LOWSEC,BOTHSEX,SKILL_MATH,84.24937
2018,Netherlands,LOWSEC,BOTHSEX,SKILL_READ,75.91339
2018,Netherlands,LOWSEC,FEMALE,SKILL_MATH,84.90501
2015,Estonia,LOWSEC,BOTHSEX,SKILL_MATH,88.78235
2015,Estonia,LOWSEC,MALE,SKILL_READ,85.77631
2015,Estonia,LOWSEC,MALE,SKILL_MATH,87.94977
2015,Estonia,LOWSEC,BOTHSEX,SKILL_READ,89.36135
2015,Estonia,LOWSEC,FEMALE,SKILL_MATH,89.64921
2015,Estonia,LOWSEC,FEMALE,SKILL_READ,93.09679
2018,Estonia,LOWSEC,FEMALE,SKILL_MATH,89.69022
2009,Bulgaria,LOWSEC,BOTHSEX,SKILL_MATH,52.87923
2011,Bulgaria,PRIMAR,MALE,SKILL_READ,92.02394
2011,Bulgaria,PRIMAR,BOTHSEX,SKILL_READ,93.04844
2011,Bulgaria,PRIMAR,FEMALE,SKILL_READ,94.5235
2012,Bulgaria,LOWSEC,BOTHSEX,SKILL_READ,60.60917
2012,Bulgaria,LOWSEC,BOTHSEX,SKILL_MATH,56.24342
2012,Bulgaria,LOWSEC,MALE,SKILL_READ,49.07
2012,Bulgaria,LOWSEC,FEMALE,SKILL_MATH,57.73
2012,Bulgaria,LOWSEC,FEMALE,SKILL_READ,72.99
2012,Bulgaria,LOWSEC,MALE,SKILL_MATH,54.86
2015,Bulgaria,LOWSEC,FEMALE,SKILL_MATH,59.38805
2015,Bulgaria,PRIMAR,FEMALE,SKILL_MATH,76.25733
2015,Bulgaria,LOWSEC,MALE,SKILL_READ,50.36671
2015,Bulgaria,LOWSEC,BOTHSEX,SKILL_MATH,57.92654
2018,Netherlands,LOWSEC,MALE,SKILL_READ,70.63255
2018,Netherlands,LOWSEC,MALE,SKILL_MATH,83.59709
2018,Netherlands,LOWSEC,FEMALE,SKILL_READ,81.22141
2019,Netherlands,PRIMAR,MALE,SKILL_MATH,85.28467
2019,Netherlands,PRIMAR,FEMALE,SKILL_MATH,83.08361
2019,Netherlands,PRIMAR,BOTHSEX,SKILL_MATH,84.10748
2000,Norway,LOWSEC,FEMALE,SKILL_READ,89.56
2018,Estonia,LOWSEC,BOTHSEX,SKILL_READ,88.94572
2018,Estonia,LOWSEC,MALE,SKILL_MATH,89.87686
2018,Estonia,LOWSEC,MALE,SKILL_READ,85.53826
2018,Estonia,LOWSEC,FEMALE,SKILL_READ,92.3565
2018,Estonia,LOWSEC,BOTHSEX,SKILL_MATH,89.78358
2000,Finland,LOWSEC,BOTHSEX,SKILL_MATH,92.0814
2000,Finland,LOWSEC,MALE,SKILL_READ,89.03
2015,Bulgaria,PRIMAR,MALE,SKILL_MATH,74.01882
2015,Bulgaria,LOWSEC,FEMALE,SKILL_READ,67.65246
2015,Bulgaria,LOWSEC,MALE,SKILL_MATH,56.61854
2015,Bulgaria,LOWSEC,BOTHSEX,SKILL_READ,58.53054
2015,Bulgaria,PRIMAR,BOTHSEX,SKILL_MATH,75.11706
2016,Bulgaria,PRIMAR,MALE,SKILL_READ,94.00213
2016,Bulgaria,PRIMAR,FEMALE,SKILL_READ,95.58441
2000,Finland,LOWSEC,MALE,SKILL_MATH,91.74
2000,Finland,LOWSEC,BOTHSEX,SKILL_READ,93.1
2000,Finland,LOWSEC,FEMALE,SKILL_MATH,92.4
2000,Finland,LOWSEC,FEMALE,SKILL_READ,96.84
2003,Finland,LOWSEC,BOTHSEX,SKILL_READ,94.29719
2003,Finland,LOWSEC,MALE,SKILL_MATH,92.69
2003,Finland,LOWSEC,MALE,SKILL_READ,90.98
2016,Bulgaria,PRIMAR,BOTHSEX,SKILL_READ,94.78671
2018,Bulgaria,LOWSEC,BOTHSEX,SKILL_MATH,55.58716
2018,Bulgaria,LOWSEC,MALE,SKILL_READ,44.92272
2018,Bulgaria,LOWSEC,BOTHSEX,SKILL_READ,52.8972
2018,Bulgaria,LOWSEC,FEMALE,SKILL_MATH,56.42893
2018,Bulgaria,LOWSEC,FEMALE,SKILL_READ,61.92015
2018,Bulgaria,LOWSEC,MALE,SKILL_MATH,54.8432
2019,Bulgaria,PRIMAR,MALE,SKILL_MATH,71.10987
2019,Bulgaria,PRIMAR,FEMALE,SKILL_MATH,70.57986
2019,Bulgaria,PRIMAR,BOTHSEX,SKILL_MATH,70.858
2018,Belarus,LOWSEC,BOTHSEX,SKILL_READ,76.58973
2018,Belarus,LOWSEC,FEMALE,SKILL_MATH,70.2907
2018,Belarus,LOWSEC,MALE,SKILL_MATH,70.95741
2018,Belarus,LOWSEC,FEMALE,SKILL_READ,82.04097
2003,Finland,LOWSEC,BOTHSEX,SKILL_MATH,93.24083
2003,Finland,LOWSEC,FEMALE,SKILL_READ,97.6
2003,Finland,LOWSEC,FEMALE,SKILL_MATH,93.79
2006,Finland,LOWSEC,FEMALE,SKILL_READ,98.45
2006,Finland,LOWSEC,BOTHSEX,SKILL_MATH,94.04777
2006,Finland,LOWSEC,MALE,SKILL_READ,91.88
2006,Finland,LOWSEC,MALE,SKILL_MATH,94.04
2000,Norway,LOWSEC,MALE,SKILL_READ,76.84
2000,Norway,LOWSEC,MALE,SKILL_MATH,81.71
2000,Norway,LOWSEC,FEMALE,SKILL_MATH,80.93
2000,Norway,LOWSEC,BOTHSEX,SKILL_MATH,80.85547
2000,Norway,LOWSEC,BOTHSEX,SKILL_READ,82.5
2001,Norway,GRAD23,FEMALE,SKILL_READ,91.18418
2001,Norway,GRAD23,BOTHSEX,SKILL_READ,88.20851
2001,Norway,GRAD23,MALE,SKILL_READ,85.63096
2003,Norway,PRIMAR,MALE,SKILL_MATH,43.41319
2003,Norway,LOWSEC,FEMALE,SKILL_MATH,78.92
2003,Norway,LOWSEC,FEMALE,SKILL_READ,88.69
2003,Norway,GRAD23,BOTHSEX,SKILL_MATH,40.62813
2003,Norway,LOWSEC,BOTHSEX,SKILL_READ,81.87787
2003,Norway,LOWSEC,BOTHSEX,SKILL_MATH,79.15894
2006,Finland,LOWSEC,FEMALE,SKILL_MATH,94.06
2006,Finland,LOWSEC,BOTHSEX,SKILL_READ,95.18986
2009,Finland,LOWSEC,FEMALE,SKILL_READ,96.8
2009,Finland,LOWSEC,BOTHSEX,SKILL_READ,91.89128
2009,Finland,LOWSEC,FEMALE,SKILL_MATH,92.47
2009,Finland,LOWSEC,MALE,SKILL_MATH,91.84
2009,Finland,LOWSEC,MALE,SKILL_READ,87.0
2018,Belarus,LOWSEC,BOTHSEX,SKILL_MATH,70.63742
2018,Belarus,LOWSEC,MALE,SKILL_READ,71.55866
2006,Croatia,LOWSEC,FEMALE,SKILL_READ,87.4
2006,Croatia,LOWSEC,BOTHSEX,SKILL_MATH,71.41934
2006,Croatia,LOWSEC,MALE,SKILL_READ,69.5
2006,Croatia,LOWSEC,MALE,SKILL_MATH,73.26
2006,Croatia,LOWSEC,BOTHSEX,SKILL_READ,78.45754
2009,Finland,LOWSEC,BOTHSEX,SKILL_MATH,92.15396
2011,Finland,PRIMAR,BOTHSEX,SKILL_READ,99.20121
2011,Finland,PRIMAR,FEMALE,SKILL_READ,99.49656
2011,Finland,PRIMAR,BOTHSEX,SKILL_MATH,84.66516
2011,Finland,PRIMAR,MALE,SKILL_MATH,84.99955
2011,Finland,PRIMAR,FEMALE,SKILL_MATH,84.31278
2011,Finland,PRIMAR,MALE,SKILL_READ,98.91159
2012,Finland,LOWSEC,MALE,SKILL_READ,82.26
2003,Norway,PRIMAR,FEMALE,SKILL_MATH,44.76164
2003,Norway,GRAD23,FEMALE,SKILL_MATH,38.70377
2003,Norway,GRAD23,MALE,SKILL_MATH,42.54083
2003,Norway,LOWSEC,MALE,SKILL_READ,75.17
2003,Norway,LOWSEC,MALE,SKILL_MATH,79.39
2003,Norway,PRIMAR,BOTHSEX,SKILL_MATH,43.99862
2006,Norway,LOWSEC,MALE,SKILL_READ,70.56
2006,Croatia,LOWSEC,FEMALE,SKILL_MATH,69.58
2009,Croatia,LOWSEC,MALE,SKILL_READ,68.78
2009,Croatia,LOWSEC,BOTHSEX,SKILL_MATH,66.84657
2009,Croatia,LOWSEC,FEMALE,SKILL_READ,87.47
2009,Croatia,LOWSEC,FEMALE,SKILL_MATH,65.36
2009,Croatia,LOWSEC,BOTHSEX,SKILL_READ,77.56462
2009,Croatia,LOWSEC,MALE,SKILL_MATH,68.16
2012,Finland,LOWSEC,FEMALE,SKILL_MATH,89.61
2012,Finland,LOWSEC,BOTHSEX,SKILL_READ,88.65054
2012,Finland,LOWSEC,FEMALE,SKILL_READ,95.4
2012,Finland,LOWSEC,MALE,SKILL_MATH,85.95
2012,Finland,LOWSEC,BOTHSEX,SKILL_MATH,87.73212
2015,Finland,LOWSEC,MALE,SKILL_READ,83.89269
2015,Finland,LOWSEC,BOTHSEX,SKILL_MATH,86.43602
2015,Finland,LOWSEC,MALE,SKILL_MATH,84.26792
2015,Finland,PRIMAR,MALE,SKILL_MATH,79.42611
2015,Finland,PRIMAR,FEMALE,SKILL_MATH,85.18339
2015,Finland,PRIMAR,BOTHSEX,SKILL_MATH,82.19813
2015,Finland,LOWSEC,FEMALE,SKILL_READ,94.28991
2015,Finland,LOWSEC,BOTHSEX,SKILL_READ,88.90851
2015,Finland,LOWSEC,FEMALE,SKILL_MATH,88.76214
2009,Türkiye,LOWSEC,MALE,SKILL_READ,66.56
2011,Türkiye,LOWSEC,BOTHSEX,SKILL_MATH,40.399
2011,Türkiye,PRIMAR,BOTHSEX,SKILL_MATH,51.02146
2011,Türkiye,LOWSEC,FEMALE,SKILL_MATH,41.54577
2011,Türkiye,PRIMAR,FEMALE,SKILL_MATH,50.77845
2011,Türkiye,PRIMAR,MALE,SKILL_MATH,51.24732
2011,Türkiye,LOWSEC,MALE,SKILL_MATH,39.27701
2016,Finland,PRIMAR,BOTHSEX,SKILL_READ,98.28993
2016,Finland,PRIMAR,FEMALE,SKILL_READ,98.92597
2016,Finland,PRIMAR,MALE,SKILL_READ,97.65054
2018,Finland,LOWSEC,FEMALE,SKILL_READ,92.74826
2018,Finland,LOWSEC,MALE,SKILL_MATH,83.17412
2018,Finland,LOWSEC,BOTHSEX,SKILL_MATH,85.02446
2018,Finland,LOWSEC,MALE,SKILL_READ,80.39666
2018,Finland,LOWSEC,FEMALE,SKILL_MATH,86.94626
2018,Finland,LOWSEC,BOTHSEX,SKILL_READ,86.45547
2019,Finland,PRIMAR,MALE,SKILL_MATH,78.29525
2019,Finland,PRIMAR,FEMALE,SKILL_MATH,77.87226
2019,Finland,PRIMAR,BOTHSEX,SKILL_MATH,78.04993
2000,France,LOWSEC,FEMALE,SKILL_MATH,85.17
2000,France,LOWSEC,MALE,SKILL_MATH,86.38
2006,Norway,LOWSEC,FEMALE,SKILL_MATH,77.64
2006,Norway,GRAD23,BOTHSEX,SKILL_READ,91.82734
2006,Norway,GRAD23,FEMALE,SKILL_READ,94.20339
2006,Norway,GRAD23,MALE,SKILL_READ,89.81123
2006,Norway,LOWSEC,BOTHSEX,SKILL_MATH,77.76227
2006,Norway,LOWSEC,BOTHSEX,SKILL_READ,77.57219
2006,Norway,LOWSEC,FEMALE,SKILL_READ,85.08
2012,Türkiye,LOWSEC,BOTHSEX,SKILL_READ,78.36575
2012,Türkiye,LOWSEC,FEMALE,SKILL_READ,87.83
2012,Türkiye,LOWSEC,MALE,SKILL_READ,69.1
2015,Türkiye,PRIMAR,FEMALE,SKILL_MATH,56.37688
2015,Türkiye,LOWSEC,FEMALE,SKILL_MATH,43.49122
2015,Türkiye,LOWSEC,BOTHSEX,SKILL_READ,60.02242
2015,Türkiye,PRIMAR,BOTHSEX,SKILL_MATH,57.09063
2006,Norway,LOWSEC,MALE,SKILL_MATH,77.88
2007,Norway,PRIMAR,FEMALE,SKILL_MATH,49.9059
2007,Norway,PRIMAR,MALE,SKILL_MATH,47.48047
2007,Norway,GRAD23,FEMALE,SKILL_MATH,50.14139
2007,Norway,GRAD23,MALE,SKILL_MATH,53.78855
2007,Norway,PRIMAR,BOTHSEX,SKILL_MATH,48.33252
2007,Norway,GRAD23,BOTHSEX,SKILL_MATH,51.91107
2009,Norway,LOWSEC,BOTHSEX,SKILL_MATH,81.82223
2015,Türkiye,LOWSEC,MALE,SKILL_READ,53.92574
2015,Türkiye,LOWSEC,FEMALE,SKILL_READ,66.1306
2015,Türkiye,LOWSEC,MALE,SKILL_MATH,41.47502
2015,Türkiye,PRIMAR,MALE,SKILL_MATH,57.78831
2015,Türkiye,LOWSEC,BOTHSEX,SKILL_MATH,42.38519
2018,Türkiye,LOWSEC,BOTHSEX,SKILL_READ,73.86775
2018,Türkiye,LOWSEC,MALE,SKILL_READ,68.42978
2000,France,LOWSEC,MALE,SKILL_READ,80.08
2000,France,LOWSEC,BOTHSEX,SKILL_MATH,85.61391
2000,France,LOWSEC,FEMALE,SKILL_READ,89.5
2000,France,LOWSEC,BOTHSEX,SKILL_READ,84.8
2001,France,PRIMAR,BOTHSEX,SKILL_READ,95.36404
2001,France,PRIMAR,FEMALE,SKILL_READ,96.82995
2001,France,PRIMAR,MALE,SKILL_READ,94.36311
2009,Norway,LOWSEC,BOTHSEX,SKILL_READ,84.99968
2009,Norway,LOWSEC,FEMALE,SKILL_READ,91.67
2009,Norway,LOWSEC,MALE,SKILL_MATH,82.02
2009,Norway,LOWSEC,MALE,SKILL_READ,78.62
2009,Norway,LOWSEC,FEMALE,SKILL_MATH,81.62
2011,Norway,GRAD23,FEMALE,SKILL_MATH,61.07047
2011,Norway,GRAD23,MALE,SKILL_MATH,64.47237
2011,Norway,PRIMAR,MALE,SKILL_MATH,50.35759
2011,Norway,GRAD23,MALE,SKILL_READ,93.17242
2011,Norway,PRIMAR,BOTHSEX,SKILL_MATH,51.35732
2011,Norway,GRAD23,FEMALE,SKILL_READ,96.44762
2011,Norway,GRAD23,BOTHSEX,SKILL_READ,94.82267
2011,Norway,GRAD23,BOTHSEX,SKILL_MATH,62.72463
2011,Norway,PRIMAR,FEMALE,SKILL_MATH,52.38219
2012,Norway,LOWSEC,MALE,SKILL_MATH,77.41
2003,France,LOWSEC,FEMALE,SKILL_READ,87.89
2003,France,LOWSEC,MALE,SKILL_MATH,83.22
2003,France,LOWSEC,BOTHSEX,SKILL_MATH,83.36898
2003,France,LOWSEC,MALE,SKILL_READ,76.49
2003,France,LOWSEC,FEMALE,SKILL_MATH,83.51
2003,France,LOWSEC,BOTHSEX,SKILL_READ,82.48507
2006,France,LOWSEC,FEMALE,SKILL_READ,83.5
2006,France,LOWSEC,BOTHSEX,SKILL_READ,78.27248
2006,France,LOWSEC,MALE,SKILL_READ,72.73
2006,France,PRIMAR,FEMALE,SKILL_READ,96.95291
2006,France,LOWSEC,BOTHSEX,SKILL_MATH,77.74448
2006,France,LOWSEC,MALE,SKILL_MATH,77.87
2006,France,LOWSEC,FEMALE,SKILL_MATH,77.62
2006,France,PRIMAR,MALE,SKILL_READ,94.97278
2018,Türkiye,LOWSEC,FEMALE,SKILL_READ,79.40006
2019,Türkiye,PRIMAR,FEMALE,SKILL_MATH,70.35872
2019,Türkiye,PRIMAR,MALE,SKILL_MATH,70.62877
2019,Türkiye,LOWSEC,MALE,SKILL_MATH,53.67237
2019,Türkiye,LOWSEC,BOTHSEX,SKILL_MATH,56.35906
2019,Türkiye,LOWSEC,FEMALE,SKILL_MATH,58.9857
2019,Türkiye,PRIMAR,BOTHSEX,SKILL_MATH,70.42284
2006,France,PRIMAR,BOTHSEX,SKILL_READ,95.90742
2009,France,LOWSEC,FEMALE,SKILL_MATH,76.62
2009,France,LOWSEC,MALE,SKILL_MATH,78.38
2009,France,LOWSEC,BOTHSEX,SKILL_MATH,77.47568
2009,France,LOWSEC,MALE,SKILL_READ,74.34
2009,France,LOWSEC,BOTHSEX,SKILL_READ,80.24786
2009,France,LOWSEC,FEMALE,SKILL_READ,85.86
2007,Ukraine,PRIMAR,BOTHSEX,SKILL_MATH,50.17306
2007,Ukraine,PRIMAR,FEMALE,SKILL_MATH,49.43601
2007,Ukraine,PRIMAR,MALE,SKILL_MATH,50.8602
2018,Ukraine,LOWSEC,BOTHSEX,SKILL_READ,74.09387
2018,Ukraine,LOWSEC,MALE,SKILL_READ,67.75424
2018,Ukraine,LOWSEC,FEMALE,SKILL_READ,81.13622
2018,Ukraine,LOWSEC,BOTHSEX,SKILL_MATH,64.07934
2011,France,PRIMAR,BOTHSEX,SKILL_READ,95.26912
2011,France,PRIMAR,FEMALE,SKILL_READ,95.19038
2011,France,PRIMAR,MALE,SKILL_READ,95.40194
2012,France,LOWSEC,MALE,SKILL_MATH,77.65
2012,France,LOWSEC,FEMALE,SKILL_MATH,77.64
2012,France,LOWSEC,MALE,SKILL_READ,74.52
2012,France,LOWSEC,BOTHSEX,SKILL_MATH,77.64565
2012,France,LOWSEC,FEMALE,SKILL_READ,87.29
2012,France,LOWSEC,BOTHSEX,SKILL_READ,81.08346
2015,France,LOWSEC,BOTHSEX,SKILL_MATH,76.52206
2015,France,LOWSEC,MALE,SKILL_READ,73.87893
2015,France,LOWSEC,FEMALE,SKILL_MATH,76.87688
2015,France,PRIMAR,FEMALE,SKILL_MATH,57.04231
2015,France,LOWSEC,BOTHSEX,SKILL_READ,78.51392
2015,France,LOWSEC,FEMALE,SKILL_READ,83.07976
2015,France,PRIMAR,MALE,SKILL_MATH,59.02802
2015,France,LOWSEC,MALE,SKILL_MATH,76.16186
2015,France,PRIMAR,BOTHSEX,SKILL_MATH,58.06875
2016,France,PRIMAR,FEMALE,SKILL_READ,94.67617
2016,France,PRIMAR,BOTHSEX,SKILL_READ,93.71542
2016,France,PRIMAR,MALE,SKILL_READ,92.79399
2018,France,LOWSEC,FEMALE,SKILL_MATH,78.6961
2018,France,LOWSEC,MALE,SKILL_READ,74.56261
2018,France,LOWSEC,BOTHSEX,SKILL_MATH,78.74437
2018,France,LOWSEC,FEMALE,SKILL_READ,83.68581
2018,France,LOWSEC,MALE,SKILL_MATH,78.79135
2018,France,LOWSEC,BOTHSEX,SKILL_READ,79.06275
2019,France,PRIMAR,MALE,SKILL_MATH,59.35082
2019,France,PRIMAR,FEMALE,SKILL_MATH,54.17498
2019,France,PRIMAR,BOTHSEX,SKILL_MATH,56.65546
2006,Georgia,PRIMAR,FEMALE,SKILL_READ,85.4317
2006,Georgia,PRIMAR,BOTHSEX,SKILL_READ,82.02211
2006,Georgia,PRIMAR,MALE,SKILL_READ,78.84642
2007,Georgia,PRIMAR,BOTHSEX,SKILL_MATH,35.22814
2007,Georgia,PRIMAR,MALE,SKILL_MATH,34.98581
2007,Georgia,PRIMAR,FEMALE,SKILL_MATH,35.50246
2009,Georgia,LOWSEC,MALE,SKILL_READ,26.31
2012,Norway,LOWSEC,MALE,SKILL_READ,77.48
2012,Norway,LOWSEC,FEMALE,SKILL_MATH,77.98
2012,Norway,LOWSEC,BOTHSEX,SKILL_MATH,77.69096
2012,Norway,LOWSEC,BOTHSEX,SKILL_READ,83.77932
2012,Norway,LOWSEC,FEMALE,SKILL_READ,90.41
2015,Norway,LOWSEC,FEMALE,SKILL_MATH,84.68419
2015,Norway,GRAD23,BOTHSEX,SKILL_MATH,61.63118
2015,Norway,LOWSEC,BOTHSEX,SKILL_READ,85.08596
2015,Norway,LOWSEC,BOTHSEX,SKILL_MATH,82.92348
2015,Norway,PRIMAR,FEMALE,SKILL_MATH,70.34596
2015,Norway,PRIMAR,MALE,SKILL_MATH,70.76894
2015,Norway,LOWSEC,MALE,SKILL_READ,79.48477
2015,Norway,LOWSEC,MALE,SKILL_MATH,81.20733
2015,Norway,PRIMAR,BOTHSEX,SKILL_MATH,70.3647
2015,Norway,LOWSEC,FEMALE,SKILL_READ,90.83261
2016,Norway,GRAD23,BOTHSEX,SKILL_READ,94.21215
2018,Norway,LOWSEC,BOTHSEX,SKILL_MATH,81.13407
2018,Norway,LOWSEC,BOTHSEX,SKILL_READ,80.70702
2018,Norway,LOWSEC,FEMALE,SKILL_MATH,83.3919
2018,Norway,LOWSEC,FEMALE,SKILL_READ,87.84848
2018,Norway,LOWSEC,MALE,SKILL_MATH,78.92493
2000,North Macedonia,LOWSEC,BOTHSEX,SKILL_READ,37.4
2000,North Macedonia,LOWSEC,FEMALE,SKILL_MATH,35.58
2000,North Macedonia,LOWSEC,BOTHSEX,SKILL_MATH,35.38036
2000,North Macedonia,LOWSEC,MALE,SKILL_MATH,35.65
2000,North Macedonia,LOWSEC,MALE,SKILL_READ,27.64
2000,North Macedonia,LOWSEC,FEMALE,SKILL_READ,47.85
2001,North Macedonia,PRIMAR,FEMALE,SKILL_READ,70.07234
2018,Norway,LOWSEC,MALE,SKILL_READ,73.71956
2019,Norway,PRIMAR,BOTHSEX,SKILL_MATH,64.65546
2019,Norway,GRAD23,BOTHSEX,SKILL_MATH,81.90351
2019,Norway,PRIMAR,MALE,SKILL_MATH,65.98046
2019,Norway,PRIMAR,FEMALE,SKILL_MATH,64.55377
2019,Norway,GRAD23,FEMALE,SKILL_MATH,82.56472
2019,Norway,GRAD23,MALE,SKILL_MATH,82.42213
2000,Poland,LOWSEC,BOTHSEX,SKILL_MATH,69.47312
2000,Poland,LOWSEC,BOTHSEX,SKILL_READ,76.8
2000,Poland,LOWSEC,FEMALE,SKILL_MATH,71.0
2000,Poland,LOWSEC,FEMALE,SKILL_READ,84.12
2000,Poland,LOWSEC,MALE,SKILL_READ,69.65
2000,Poland,LOWSEC,MALE,SKILL_MATH,67.98
2003,Poland,LOWSEC,MALE,SKILL_READ,76.59
2003,Poland,LOWSEC,FEMALE,SKILL_READ,89.75
2003,Poland,LOWSEC,FEMALE,SKILL_MATH,78.59
2003,Poland,LOWSEC,BOTHSEX,SKILL_READ,83.18808
2003,Poland,LOWSEC,MALE,SKILL_MATH,77.31
2003,Poland,LOWSEC,BOTHSEX,SKILL_MATH,77.95335
2006,Poland,PRIMAR,MALE,SKILL_READ,91.36287
2006,Poland,LOWSEC,FEMALE,SKILL_READ,89.81
2006,Poland,PRIMAR,FEMALE,SKILL_READ,94.62572
2001,North Macedonia,PRIMAR,BOTHSEX,SKILL_READ,66.67203
2001,North Macedonia,PRIMAR,MALE,SKILL_READ,63.70254
2006,North Macedonia,PRIMAR,BOTHSEX,SKILL_READ,65.76236
2006,North Macedonia,PRIMAR,FEMALE,SKILL_READ,69.755
2006,North Macedonia,PRIMAR,MALE,SKILL_READ,62.02567
2015,North Macedonia,LOWSEC,FEMALE,SKILL_MATH,30.7457
2015,North Macedonia,LOWSEC,BOTHSEX,SKILL_READ,29.32317
2015,North Macedonia,LOWSEC,MALE,SKILL_MATH,28.90183
2009,Georgia,LOWSEC,BOTHSEX,SKILL_MATH,31.28598
2009,Georgia,LOWSEC,FEMALE,SKILL_MATH,31.66
2009,Georgia,LOWSEC,FEMALE,SKILL_READ,50.05
2009,Georgia,LOWSEC,BOTHSEX,SKILL_READ,38.02633
2009,Georgia,LOWSEC,MALE,SKILL_MATH,30.92
2011,Georgia,PRIMAR,MALE,SKILL_READ,83.47171
2011,Georgia,PRIMAR,BOTHSEX,SKILL_READ,86.48549
2011,Georgia,PRIMAR,BOTHSEX,SKILL_MATH,41.25604
2011,Georgia,PRIMAR,FEMALE,SKILL_READ,89.9073
2011,Georgia,PRIMAR,FEMALE,SKILL_MATH,42.10361
2011,Georgia,PRIMAR,MALE,SKILL_MATH,40.47891
2015,Georgia,PRIMAR,MALE,SKILL_MATH,46.77198
2015,Georgia,LOWSEC,MALE,SKILL_MATH,40.09174
2015,Georgia,LOWSEC,BOTHSEX,SKILL_READ,48.34195
2015,Georgia,LOWSEC,FEMALE,SKILL_READ,60.85177
2006,Poland,LOWSEC,MALE,SKILL_READ,77.62
2006,Poland,LOWSEC,BOTHSEX,SKILL_MATH,80.15566
2006,Poland,LOWSEC,BOTHSEX,SKILL_READ,83.76092
2006,Poland,LOWSEC,FEMALE,SKILL_MATH,79.45
2006,Poland,PRIMAR,BOTHSEX,SKILL_READ,93.03615
2006,Poland,LOWSEC,MALE,SKILL_MATH,80.87
2009,Poland,LOWSEC,BOTHSEX,SKILL_READ,84.96794
2015,Georgia,PRIMAR,FEMALE,SKILL_MATH,47.78539
2015,Georgia,LOWSEC,FEMALE,SKILL_MATH,46.02918
2015,Georgia,PRIMAR,BOTHSEX,SKILL_MATH,47.26423
2015,Georgia,LOWSEC,MALE,SKILL_READ,37.08509
2015,Georgia,LOWSEC,BOTHSEX,SKILL_MATH,42.90395
2016,Georgia,PRIMAR,MALE,SKILL_READ,83.28828
2016,Georgia,PRIMAR,BOTHSEX,SKILL_READ,86.47637
2009,Poland,LOWSEC,BOTHSEX,SKILL_MATH,79.5126
2009,Poland,LOWSEC,MALE,SKILL_MATH,78.86
2009,Poland,LOWSEC,MALE,SKILL_READ,77.37
2009,Poland,LOWSEC,FEMALE,SKILL_READ,92.57
2009,Poland,LOWSEC,FEMALE,SKILL_MATH,80.16
2011,Poland,PRIMAR,BOTHSEX,SKILL_MATH,55.64512
2011,Poland,PRIMAR,MALE,SKILL_MATH,58.4342
2016,Georgia,PRIMAR,FEMALE,SKILL_READ,89.73262
2018,Georgia,LOWSEC,MALE,SKILL_READ,27.93804
2018,Georgia,LOWSEC,BOTHSEX,SKILL_MATH,38.94551
2018,Georgia,LOWSEC,FEMALE,SKILL_READ,44.00627
2018,Georgia,LOWSEC,BOTHSEX,SKILL_READ,35.62373
2018,Georgia,LOWSEC,MALE,SKILL_MATH,38.23928
2018,Georgia,LOWSEC,FEMALE,SKILL_MATH,39.71578
2015,North Macedonia,LOWSEC,FEMALE,SKILL_READ,37.62161
2015,North Macedonia,LOWSEC,MALE,SKILL_READ,21.88222
2015,North Macedonia,LOWSEC,BOTHSEX,SKILL_MATH,29.77354
2018,North Macedonia,LOWSEC,BOTHSEX,SKILL_READ,44.86345
2018,North Macedonia,LOWSEC,FEMALE,SKILL_MATH,40.82972
2018,North Macedonia,LOWSEC,BOTHSEX,SKILL_MATH,38.96393
2018,North Macedonia,LOWSEC,MALE,SKILL_READ,33.88619
2011,Poland,PRIMAR,MALE,SKILL_READ,93.31193
2011,Poland,PRIMAR,BOTHSEX,SKILL_READ,94.58391
2011,Poland,PRIMAR,FEMALE,SKILL_MATH,52.65047
2011,Poland,PRIMAR,FEMALE,SKILL_READ,95.96727
2012,Poland,LOWSEC,MALE,SKILL_MATH,85.01
2012,Poland,LOWSEC,FEMALE,SKILL_MATH,86.19
2012,Poland,LOWSEC,BOTHSEX,SKILL_MATH,85.6134
2012,Poland,LOWSEC,BOTHSEX,SKILL_READ,89.42314
2012,Poland,LOWSEC,FEMALE,SKILL_READ,94.81
2012,Poland,LOWSEC,MALE,SKILL_READ,83.77
2015,Poland,LOWSEC,FEMALE,SKILL_MATH,81.54872
2015,Poland,LOWSEC,MALE,SKILL_MATH,84.01923
2015,Poland,LOWSEC,MALE,SKILL_READ,80.82941
2015,Poland,LOWSEC,FEMALE,SKILL_READ,90.52325
2015,Poland,LOWSEC,BOTHSEX,SKILL_READ,85.58769
2015,Poland,LOWSEC,BOTHSEX,SKILL_MATH,82.80602
2015,Poland,PRIMAR,BOTHSEX,SKILL_MATH,79.82846
2015,Poland,PRIMAR,MALE,SKILL_MATH,79.07163
2015,Poland,PRIMAR,FEMALE,SKILL_MATH,80.57959
2016,Poland,PRIMAR,FEMALE,SKILL_READ,98.412
2016,Poland,PRIMAR,MALE,SKILL_READ,97.60906
2016,Poland,PRIMAR,BOTHSEX,SKILL_READ,98.00746
2018,Poland,LOWSEC,MALE,SKILL_READ,80.26974
2018,Poland,LOWSEC,MALE,SKILL_MATH,84.62368
2018,Poland,LOWSEC,BOTHSEX,SKILL_MATH,85.28033
2018,Poland,LOWSEC,BOTHSEX,SKILL_READ,85.32439
2018,Poland,LOWSEC,FEMALE,SKILL_MATH,85.93626
2018,Poland,LOWSEC,FEMALE,SKILL_READ,90.37353
2019,Poland,PRIMAR,BOTHSEX,SKILL_MATH,73.21523
2019,Poland,PRIMAR,MALE,SKILL_MATH,73.81197
2019,Poland,PRIMAR,FEMALE,SKILL_MATH,72.53243
2000,Portugal,LOWSEC,MALE,SKILL_READ,68.68
2000,Portugal,LOWSEC,FEMALE,SKILL_READ,78.79
2000,Portugal,LOWSEC,BOTHSEX,SKILL_READ,73.8
2000,Portugal,LOWSEC,BOTHSEX,SKILL_MATH,65.38315
2000,Portugal,LOWSEC,FEMALE,SKILL_MATH,62.71
2000,Portugal,LOWSEC,MALE,SKILL_MATH,69.03
2003,Portugal,LOWSEC,FEMALE,SKILL_MATH,68.71
2003,Portugal,LOWSEC,BOTHSEX,SKILL_MATH,69.93223
2003,Portugal,LOWSEC,BOTHSEX,SKILL_READ,78.0547
2003,Portugal,LOWSEC,FEMALE,SKILL_READ,84.89
2003,Portugal,LOWSEC,MALE,SKILL_READ,70.52
2003,Portugal,LOWSEC,MALE,SKILL_MATH,71.28
2006,Portugal,LOWSEC,FEMALE,SKILL_MATH,67.28
2006,Portugal,LOWSEC,MALE,SKILL_MATH,71.43
2006,Portugal,LOWSEC,MALE,SKILL_READ,69.32
2006,Portugal,LOWSEC,FEMALE,SKILL_READ,80.46
2006,Portugal,LOWSEC,BOTHSEX,SKILL_READ,75.07483
2006,Portugal,LOWSEC,BOTHSEX,SKILL_MATH,69.28377
2009,Portugal,LOWSEC,FEMALE,SKILL_READ,89.18
2009,Portugal,LOWSEC,MALE,SKILL_READ,75.27
2009,Portugal,LOWSEC,MALE,SKILL_MATH,77.36
2009,Portugal,LOWSEC,FEMALE,SKILL_MATH,75.25
2009,Portugal,LOWSEC,BOTHSEX,SKILL_MATH,76.28292
2009,Portugal,LOWSEC,BOTHSEX,SKILL_READ,82.38027
2011,Portugal,PRIMAR,FEMALE,SKILL_MATH,80.05438
2011,Portugal,PRIMAR,MALE,SKILL_READ,96.59396
2011,Portugal,PRIMAR,BOTHSEX,SKILL_READ,97.5937
2011,Portugal,PRIMAR,FEMALE,SKILL_READ,98.68301
2011,Portugal,PRIMAR,BOTHSEX,SKILL_MATH,80.46899
2011,Portugal,PRIMAR,MALE,SKILL_MATH,80.86781
2012,Portugal,LOWSEC,BOTHSEX,SKILL_READ,81.18643
2012,Portugal,LOWSEC,BOTHSEX,SKILL_MATH,75.09392
2012,Portugal,LOWSEC,FEMALE,SKILL_READ,87.49
2012,Portugal,LOWSEC,MALE,SKILL_MATH,76.05
2012,Portugal,LOWSEC,MALE,SKILL_READ,75.02
2012,Portugal,LOWSEC,FEMALE,SKILL_MATH,74.12
2015,Portugal,LOWSEC,MALE,SKILL_MATH,76.62306
2015,Portugal,LOWSEC,FEMALE,SKILL_READ,85.94165
2015,Portugal,LOWSEC,BOTHSEX,SKILL_READ,82.76737
2015,Portugal,PRIMAR,BOTHSEX,SKILL_MATH,81.76297
2015,Portugal,LOWSEC,FEMALE,SKILL_MATH,75.84014
2015,Portugal,PRIMAR,FEMALE,SKILL_MATH,80.37509
2015,Portugal,LOWSEC,MALE,SKILL_READ,79.65221
2015,Portugal,LOWSEC,BOTHSEX,SKILL_MATH,76.23528
2015,Portugal,PRIMAR,MALE,SKILL_MATH,83.09715
2016,Portugal,PRIMAR,FEMALE,SKILL_READ,97.25408
2016,Portugal,PRIMAR,BOTHSEX,SKILL_READ,97.00729
2016,Portugal,PRIMAR,MALE,SKILL_READ,96.76062
2018,Portugal,LOWSEC,FEMALE,SKILL_READ,84.1161
2018,Portugal,LOWSEC,MALE,SKILL_MATH,76.6597
2018,Portugal,LOWSEC,MALE,SKILL_READ,75.56373
2018,Portugal,LOWSEC,BOTHSEX,SKILL_MATH,76.71888
2018,Portugal,LOWSEC,FEMALE,SKILL_MATH,76.77979
2018,Portugal,LOWSEC,BOTHSEX,SKILL_READ,79.77813
2019,Portugal,PRIMAR,BOTHSEX,SKILL_MATH,73.79874
2019,Portugal,PRIMAR,MALE,SKILL_MATH,76.86626
2019,Portugal,PRIMAR,FEMALE,SKILL_MATH,70.56647
2000,Romania,LOWSEC,MALE,SKILL_READ,55.78
2000,Romania,LOWSEC,FEMALE,SKILL_READ,61.41
2000,Romania,LOWSEC,BOTHSEX,SKILL_MATH,52.04889
2000,Romania,LOWSEC,BOTHSEX,SKILL_READ,58.74397
2000,Romania,LOWSEC,FEMALE,SKILL_MATH,53.82
2000,Romania,LOWSEC,MALE,SKILL_MATH,50.06
2001,Romania,PRIMAR,MALE,SKILL_READ,86.23988
2001,Romania,PRIMAR,FEMALE,SKILL_READ,90.6131
2001,Romania,PRIMAR,BOTHSEX,SKILL_READ,88.39766
2006,Romania,PRIMAR,FEMALE,SKILL_READ,86.09788
2006,Romania,LOWSEC,FEMALE,SKILL_READ,56.48
2006,Romania,LOWSEC,MALE,SKILL_MATH,48.98
2006,Romania,LOWSEC,MALE,SKILL_READ,36.43
2006,Romania,PRIMAR,BOTHSEX,SKILL_READ,83.9475
2006,Romania,LOWSEC,FEMALE,SKILL_MATH,45.55
2006,Romania,PRIMAR,MALE,SKILL_READ,82.29343
2006,Romania,LOWSEC,BOTHSEX,SKILL_READ,46.49353
2006,Romania,LOWSEC,BOTHSEX,SKILL_MATH,47.25622
2009,Romania,LOWSEC,FEMALE,SKILL_READ,69.56
2009,Romania,LOWSEC,MALE,SKILL_MATH,53.18
2009,Romania,LOWSEC,FEMALE,SKILL_MATH,52.79
2009,Romania,LOWSEC,BOTHSEX,SKILL_MATH,52.98107
2009,Romania,LOWSEC,BOTHSEX,SKILL_READ,59.60026
2009,Romania,LOWSEC,MALE,SKILL_READ,49.26
2011,Romania,PRIMAR,FEMALE,SKILL_MATH,57.52126
2011,Romania,PRIMAR,BOTHSEX,SKILL_READ,85.92942
2011,Romania,PRIMAR,MALE,SKILL_READ,84.29373
2011,Romania,PRIMAR,FEMALE,SKILL_READ,88.28197
2011,Romania,PRIMAR,BOTHSEX,SKILL_MATH,57.02513
2011,Romania,PRIMAR,MALE,SKILL_MATH,56.56091
2012,Romania,LOWSEC,BOTHSEX,SKILL_READ,62.73607
2012,Romania,LOWSEC,FEMALE,SKILL_READ,71.9
2012,Romania,LOWSEC,MALE,SKILL_READ,53.18
2012,Romania,LOWSEC,MALE,SKILL_MATH,59.56
2012,Romania,LOWSEC,BOTHSEX,SKILL_MATH,59.1757
2012,Romania,LOWSEC,FEMALE,SKILL_MATH,58.8
2015,Romania,LOWSEC,BOTHSEX,SKILL_READ,61.28519
2015,Romania,LOWSEC,BOTHSEX,SKILL_MATH,60.05357
2015,Romania,LOWSEC,FEMALE,SKILL_MATH,59.95977
2015,Romania,LOWSEC,MALE,SKILL_MATH,60.14826
2015,Romania,LOWSEC,MALE,SKILL_READ,58.19721
2015,Romania,LOWSEC,FEMALE,SKILL_READ,64.34413
2018,Romania,LOWSEC,BOTHSEX,SKILL_MATH,53.44872
2018,Romania,LOWSEC,BOTHSEX,SKILL_READ,59.16165
2018,Romania,LOWSEC,FEMALE,SKILL_READ,66.56719
2018,Romania,LOWSEC,MALE,SKILL_READ,52.18981
2018,Romania,LOWSEC,MALE,SKILL_MATH,53.96049
2018,Romania,LOWSEC,FEMALE,SKILL_MATH,52.90511
2003,Serbia,LOWSEC,BOTHSEX,SKILL_MATH,57.91254
2003,Serbia,LOWSEC,BOTHSEX,SKILL_READ,53.32641
2003,Serbia,LOWSEC,FEMALE,SKILL_READ,64.61
2003,Serbia,LOWSEC,MALE,SKILL_READ,41.79
2003,Serbia,LOWSEC,MALE,SKILL_MATH,56.69
2003,Serbia,LOWSEC,FEMALE,SKILL_MATH,59.11
2006,Serbia,LOWSEC,FEMALE,SKILL_MATH,57.57
2006,Serbia,LOWSEC,MALE,SKILL_MATH,57.24
2006,Serbia,LOWSEC,MALE,SKILL_READ,38.7
2006,Serbia,LOWSEC,FEMALE,SKILL_READ,58.16
2006,Serbia,LOWSEC,BOTHSEX,SKILL_READ,48.28135
2006,Serbia,LOWSEC,BOTHSEX,SKILL_MATH,57.4
2009,Serbia,LOWSEC,MALE,SKILL_READ,57.4
2009,Serbia,LOWSEC,MALE,SKILL_MATH,60.77
2009,Serbia,LOWSEC,FEMALE,SKILL_MATH,58.05
2009,Serbia,LOWSEC,BOTHSEX,SKILL_MATH,59.41725
2009,Serbia,LOWSEC,BOTHSEX,SKILL_READ,67.1834
2009,Serbia,LOWSEC,FEMALE,SKILL_READ,77.05
2011,Serbia,PRIMAR,MALE,SKILL_MATH,70.48847
2011,Serbia,PRIMAR,FEMALE,SKILL_MATH,68.89888
2011,Serbia,PRIMAR,BOTHSEX,SKILL_MATH,69.72544
2012,Serbia,LOWSEC,MALE,SKILL_MATH,62.63
2012,Serbia,LOWSEC,MALE,SKILL_READ,57.15
2012,Serbia,LOWSEC,FEMALE,SKILL_READ,76.5
2012,Serbia,LOWSEC,BOTHSEX,SKILL_MATH,61.0901
2012,Serbia,LOWSEC,BOTHSEX,SKILL_READ,66.87244
2012,Serbia,LOWSEC,FEMALE,SKILL_MATH,59.56
2015,Serbia,PRIMAR,MALE,SKILL_MATH,71.17573
2015,Serbia,PRIMAR,FEMALE,SKILL_MATH,72.14512
2015,Serbia,PRIMAR,BOTHSEX,SKILL_MATH,71.64543
2019,Georgia,PRIMAR,FEMALE,SKILL_MATH,53.25914
2019,Georgia,PRIMAR,MALE,SKILL_MATH,56.52307
2019,Georgia,PRIMAR,BOTHSEX,SKILL_MATH,55.81791
2000,Germany,LOWSEC,MALE,SKILL_READ,73.42
2000,Germany,LOWSEC,BOTHSEX,SKILL_MATH,73.74596
2000,Germany,LOWSEC,MALE,SKILL_MATH,74.81
2000,Germany,LOWSEC,FEMALE,SKILL_MATH,72.86
2018,Serbia,LOWSEC,MALE,SKILL_MATH,59.81915
2018,Serbia,LOWSEC,FEMALE,SKILL_READ,70.05864
2018,Serbia,LOWSEC,MALE,SKILL_READ,54.82221
2018,Serbia,LOWSEC,BOTHSEX,SKILL_MATH,60.25027
2018,Serbia,LOWSEC,BOTHSEX,SKILL_READ,62.29588
2018,Serbia,LOWSEC,FEMALE,SKILL_MATH,60.69807
2019,Serbia,PRIMAR,MALE,SKILL_MATH,67.00178
2000,Germany,LOWSEC,BOTHSEX,SKILL_READ,77.3
2000,Germany,LOWSEC,FEMALE,SKILL_READ,81.82
2001,Germany,PRIMAR,MALE,SKILL_READ,96.65567
2001,Germany,PRIMAR,BOTHSEX,SKILL_READ,97.03419
2001,Germany,PRIMAR,FEMALE,SKILL_READ,97.45722
2003,Germany,LOWSEC,MALE,SKILL_READ,71.94
2003,Germany,LOWSEC,BOTHSEX,SKILL_MATH,78.39567
2019,Serbia,PRIMAR,FEMALE,SKILL_MATH,69.03775
2019,Serbia,PRIMAR,BOTHSEX,SKILL_MATH,67.94843
2001,Slovakia,PRIMAR,BOTHSEX,SKILL_READ,93.93099
2001,Slovakia,PRIMAR,FEMALE,SKILL_READ,95.29398
2001,Slovakia,PRIMAR,MALE,SKILL_READ,92.62425
2003,Slovakia,LOWSEC,MALE,SKILL_READ,69.06
2003,Slovakia,LOWSEC,MALE,SKILL_MATH,81.97
2003,Slovakia,LOWSEC,FEMALE,SKILL_MATH,78.04
2003,Slovakia,LOWSEC,BOTHSEX,SKILL_MATH,80.05287
2003,Slovakia,LOWSEC,FEMALE,SKILL_READ,81.43
2003,Slovakia,LOWSEC,BOTHSEX,SKILL_READ,75.09752
2006,Slovakia,PRIMAR,BOTHSEX,SKILL_READ,94.36112
2006,Slovakia,LOWSEC,MALE,SKILL_READ,64.97
2006,Slovakia,LOWSEC,FEMALE,SKILL_READ,79.82
2006,Slovakia,PRIMAR,MALE,SKILL_READ,93.70073
2006,Slovakia,LOWSEC,BOTHSEX,SKILL_READ,72.18384
2006,Slovakia,LOWSEC,BOTHSEX,SKILL_MATH,79.13115
2006,Slovakia,LOWSEC,FEMALE,SKILL_MATH,77.12
2006,Slovakia,LOWSEC,MALE,SKILL_MATH,81.03
2006,Slovakia,PRIMAR,FEMALE,SKILL_READ,95.04555
2007,Slovakia,PRIMAR,BOTHSEX,SKILL_MATH,63.16605
2009,Slovakia,LOWSEC,MALE,SKILL_READ,67.97
2009,Slovakia,LOWSEC,MALE,SKILL_MATH,78.58
2009,Slovakia,LOWSEC,FEMALE,SKILL_MATH,79.36
2009,Slovakia,LOWSEC,BOTHSEX,SKILL_MATH,78.97377
2009,Slovakia,LOWSEC,BOTHSEX,SKILL_READ,77.80547
2009,Slovakia,LOWSEC,FEMALE,SKILL_READ,87.47
2011,Slovakia,PRIMAR,BOTHSEX,SKILL_READ,95.75281
2011,Slovakia,PRIMAR,MALE,SKILL_READ,95.34381
2011,Slovakia,PRIMAR,FEMALE,SKILL_READ,96.20293
2011,Slovakia,PRIMAR,BOTHSEX,SKILL_MATH,68.79612
2012,Slovakia,LOWSEC,FEMALE,SKILL_READ,79.62
2012,Slovakia,LOWSEC,MALE,SKILL_READ,64.65
2012,Slovakia,LOWSEC,MALE,SKILL_MATH,72.37
2012,Slovakia,LOWSEC,FEMALE,SKILL_MATH,72.72
2012,Slovakia,LOWSEC,BOTHSEX,SKILL_MATH,72.53614
2012,Slovakia,LOWSEC,BOTHSEX,SKILL_READ,71.7821
2015,Slovakia,LOWSEC,BOTHSEX,SKILL_MATH,72.28644
2015,Slovakia,PRIMAR,BOTHSEX,SKILL_MATH,65.03988
2015,Slovakia,LOWSEC,FEMALE,SKILL_MATH,72.11909
2015,Slovakia,LOWSEC,MALE,SKILL_MATH,72.44392
2015,Slovakia,LOWSEC,MALE,SKILL_READ,61.47381
2015,Slovakia,LOWSEC,FEMALE,SKILL_READ,74.72657
2015,Slovakia,LOWSEC,BOTHSEX,SKILL_READ,67.89871
2016,Slovakia,PRIMAR,FEMALE,SKILL_READ,94.13853
2016,Slovakia,PRIMAR,BOTHSEX,SKILL_READ,93.44578
2016,Slovakia,PRIMAR,MALE,SKILL_READ,92.7874
2018,Slovakia,LOWSEC,BOTHSEX,SKILL_MATH,74.91159
2018,Slovakia,LOWSEC,BOTHSEX,SKILL_READ,68.58998
2018,Slovakia,LOWSEC,MALE,SKILL_MATH,74.6297
2018,Slovakia,LOWSEC,FEMALE,SKILL_MATH,75.18963
2018,Slovakia,LOWSEC,FEMALE,SKILL_READ,75.45137
2018,Slovakia,LOWSEC,MALE,SKILL_READ,61.63365
2019,Slovakia,PRIMAR,MALE,SKILL_MATH,72.97602
2019,Slovakia,PRIMAR,BOTHSEX,SKILL_MATH,71.20036
2019,Slovakia,PRIMAR,FEMALE,SKILL_MATH,69.30982
2001,Slovenia,PRIMAR,BOTHSEX,SKILL_READ,91.14447
2001,Slovenia,PRIMAR,MALE,SKILL_READ,88.59247
2001,Slovenia,PRIMAR,FEMALE,SKILL_READ,93.77707
2003,Slovenia,PRIMAR,BOTHSEX,SKILL_MATH,54.66024
2003,Slovenia,PRIMAR,FEMALE,SKILL_MATH,54.03467
2003,Slovenia,PRIMAR,MALE,SKILL_MATH,55.70163
2006,Slovenia,LOWSEC,FEMALE,SKILL_MATH,81.75
2006,Slovenia,LOWSEC,BOTHSEX,SKILL_MATH,82.33539
2006,Slovenia,LOWSEC,BOTHSEX,SKILL_READ,83.47207
2006,Slovenia,LOWSEC,MALE,SKILL_READ,74.74
2006,Slovenia,PRIMAR,MALE,SKILL_READ,92.69048
2006,Slovenia,PRIMAR,BOTHSEX,SKILL_READ,94.43296
2006,Slovenia,LOWSEC,MALE,SKILL_MATH,82.92
2006,Slovenia,PRIMAR,FEMALE,SKILL_READ,96.32642
2006,Slovenia,LOWSEC,FEMALE,SKILL_READ,92.14
2007,Slovenia,PRIMAR,MALE,SKILL_MATH,67.30571
2007,Slovenia,PRIMAR,FEMALE,SKILL_MATH,66.03646
2007,Slovenia,PRIMAR,BOTHSEX,SKILL_MATH,66.63962
2009,Slovenia,LOWSEC,FEMALE,SKILL_READ,89.27
2009,Slovenia,LOWSEC,BOTHSEX,SKILL_MATH,79.6543
2009,Slovenia,LOWSEC,FEMALE,SKILL_MATH,80.21
2009,Slovenia,LOWSEC,BOTHSEX,SKILL_READ,78.7996
2009,Slovenia,LOWSEC,MALE,SKILL_MATH,79.12
2009,Slovenia,LOWSEC,MALE,SKILL_READ,68.73
2011,Slovenia,PRIMAR,FEMALE,SKILL_READ,96.87088
2011,Slovenia,PRIMAR,BOTHSEX,SKILL_READ,95.47443
2011,Slovenia,PRIMAR,MALE,SKILL_READ,94.29355
2011,Slovenia,PRIMAR,FEMALE,SKILL_MATH,70.21014
2011,Slovenia,PRIMAR,MALE,SKILL_MATH,73.71674
2011,Slovenia,PRIMAR,BOTHSEX,SKILL_MATH,72.0448
2012,Slovenia,LOWSEC,MALE,SKILL_MATH,79.64
2012,Slovenia,LOWSEC,FEMALE,SKILL_READ,88.87
2012,Slovenia,LOWSEC,MALE,SKILL_READ,69.53
2012,Slovenia,LOWSEC,FEMALE,SKILL_MATH,80.21
2012,Slovenia,LOWSEC,BOTHSEX,SKILL_MATH,79.91342
2012,Slovenia,LOWSEC,BOTHSEX,SKILL_READ,78.8567
2015,Slovenia,LOWSEC,MALE,SKILL_READ,79.03505
2015,Slovenia,LOWSEC,BOTHSEX,SKILL_READ,84.86019
2015,Slovenia,LOWSEC,BOTHSEX,SKILL_MATH,83.88622
2015,Slovenia,PRIMAR,BOTHSEX,SKILL_MATH,75.48252
2015,Slovenia,LOWSEC,FEMALE,SKILL_READ,91.08612
2015,Slovenia,LOWSEC,MALE,SKILL_MATH,83.86114
2015,Slovenia,PRIMAR,MALE,SKILL_MATH,75.48761
2015,Slovenia,LOWSEC,FEMALE,SKILL_MATH,83.91303
2015,Slovenia,PRIMAR,FEMALE,SKILL_MATH,75.47718
2016,Slovenia,PRIMAR,BOTHSEX,SKILL_READ,96.3191
2016,Slovenia,PRIMAR,MALE,SKILL_READ,95.27285
2016,Slovenia,PRIMAR,FEMALE,SKILL_READ,97.42834
2018,Slovenia,LOWSEC,FEMALE,SKILL_MATH,84.19055
2018,Slovenia,LOWSEC,BOTHSEX,SKILL_MATH,83.56619
2018,Slovenia,LOWSEC,BOTHSEX,SKILL_READ,82.11901
2018,Slovenia,LOWSEC,FEMALE,SKILL_READ,89.2163
2018,Slovenia,LOWSEC,MALE,SKILL_READ,75.3566
2003,Germany,LOWSEC,BOTHSEX,SKILL_READ,77.6628
2003,Germany,LOWSEC,FEMALE,SKILL_READ,83.72
2003,Germany,LOWSEC,FEMALE,SKILL_MATH,78.61
2003,Germany,LOWSEC,MALE,SKILL_MATH,78.59
2006,Germany,LOWSEC,FEMALE,SKILL_READ,85.82
2006,Germany,LOWSEC,BOTHSEX,SKILL_MATH,80.13083
2006,Germany,LOWSEC,MALE,SKILL_READ,74.49
2006,Germany,PRIMAR,MALE,SKILL_READ,97.36738
2006,Germany,LOWSEC,MALE,SKILL_MATH,82.21
2006,Germany,LOWSEC,FEMALE,SKILL_MATH,77.92
2006,Germany,LOWSEC,BOTHSEX,SKILL_READ,79.97516
2006,Germany,PRIMAR,FEMALE,SKILL_READ,97.85017
2006,Germany,PRIMAR,BOTHSEX,SKILL_READ,97.40809
2007,Germany,PRIMAR,BOTHSEX,SKILL_MATH,78.48816
2007,Germany,PRIMAR,FEMALE,SKILL_MATH,76.79329
2007,Germany,PRIMAR,MALE,SKILL_MATH,81.70604
2009,Germany,LOWSEC,FEMALE,SKILL_MATH,79.85
2009,Germany,LOWSEC,FEMALE,SKILL_READ,87.32
2009,Germany,LOWSEC,BOTHSEX,SKILL_READ,81.53328
2009,Germany,LOWSEC,MALE,SKILL_READ,75.99
2009,Germany,LOWSEC,MALE,SKILL_MATH,82.85
2009,Germany,LOWSEC,BOTHSEX,SKILL_MATH,81.3819
2011,Germany,PRIMAR,MALE,SKILL_MATH,82.06358
2011,Germany,PRIMAR,MALE,SKILL_READ,97.32029
2011,Germany,PRIMAR,BOTHSEX,SKILL_READ,97.61059
2011,Germany,PRIMAR,BOTHSEX,SKILL_MATH,80.72361
2011,Germany,PRIMAR,FEMALE,SKILL_READ,98.12445
2011,Germany,PRIMAR,FEMALE,SKILL_MATH,79.34368
2012,Germany,LOWSEC,MALE,SKILL_MATH,83.2
2012,Germany,LOWSEC,FEMALE,SKILL_MATH,81.29
2018,Slovenia,LOWSEC,MALE,SKILL_MATH,82.9713
2000,Spain,LOWSEC,FEMALE,SKILL_READ,88.53
2000,Spain,LOWSEC,MALE,SKILL_READ,79.64
2000,Spain,LOWSEC,MALE,SKILL_MATH,76.27
2000,Spain,LOWSEC,FEMALE,SKILL_MATH,72.56
2000,Spain,LOWSEC,BOTHSEX,SKILL_MATH,73.83024
2000,Spain,LOWSEC,BOTHSEX,SKILL_READ,83.8
2003,Spain,LOWSEC,FEMALE,SKILL_MATH,76.57
2003,Spain,LOWSEC,MALE,SKILL_MATH,77.51
2003,Spain,LOWSEC,MALE,SKILL_READ,72.11
2003,Spain,LOWSEC,FEMALE,SKILL_READ,85.46
2003,Spain,LOWSEC,BOTHSEX,SKILL_READ,78.89377
2003,Spain,LOWSEC,BOTHSEX,SKILL_MATH,77.03344
2006,Spain,PRIMAR,MALE,SKILL_READ,93.35227
2006,Spain,LOWSEC,FEMALE,SKILL_MATH,74.98
2006,Spain,LOWSEC,BOTHSEX,SKILL_MATH,75.30781
2006,Spain,LOWSEC,BOTHSEX,SKILL_READ,74.33111
2006,Spain,LOWSEC,FEMALE,SKILL_READ,81.09
2006,Spain,PRIMAR,FEMALE,SKILL_READ,93.74605
2006,Spain,LOWSEC,MALE,SKILL_READ,67.72
2006,Spain,LOWSEC,MALE,SKILL_MATH,75.63
2006,Spain,PRIMAR,BOTHSEX,SKILL_READ,93.53761
2009,Spain,LOWSEC,FEMALE,SKILL_READ,85.45
2009,Spain,LOWSEC,BOTHSEX,SKILL_READ,80.4406
2009,Spain,LOWSEC,BOTHSEX,SKILL_MATH,76.26852
2009,Spain,LOWSEC,FEMALE,SKILL_MATH,73.89
2009,Spain,LOWSEC,MALE,SKILL_MATH,78.57
2009,Spain,LOWSEC,MALE,SKILL_READ,75.6
2012,Germany,LOWSEC,BOTHSEX,SKILL_READ,85.50899
2012,Germany,LOWSEC,FEMALE,SKILL_READ,91.35
2012,Germany,LOWSEC,MALE,SKILL_READ,79.87
2012,Germany,LOWSEC,BOTHSEX,SKILL_MATH,82.26133
2015,Germany,PRIMAR,BOTHSEX,SKILL_MATH,76.73478
2015,Germany,LOWSEC,FEMALE,SKILL_READ,86.41999
2015,Germany,LOWSEC,BOTHSEX,SKILL_READ,83.77371
2011,Spain,PRIMAR,FEMALE,SKILL_READ,94.82209
2011,Spain,PRIMAR,BOTHSEX,SKILL_READ,93.87192
2011,Spain,PRIMAR,MALE,SKILL_READ,93.07435
2011,Spain,PRIMAR,MALE,SKILL_MATH,59.15174
2011,Spain,PRIMAR,FEMALE,SKILL_MATH,53.18413
2011,Spain,PRIMAR,BOTHSEX,SKILL_MATH,56.22464
2012,Spain,LOWSEC,MALE,SKILL_MATH,77.86
2012,Spain,LOWSEC,FEMALE,SKILL_READ,86.88
2012,Spain,LOWSEC,MALE,SKILL_READ,76.59
2012,Spain,LOWSEC,BOTHSEX,SKILL_MATH,76.3946
2012,Spain,LOWSEC,FEMALE,SKILL_MATH,74.89
2012,Spain,LOWSEC,BOTHSEX,SKILL_READ,81.65702
2015,Spain,LOWSEC,MALE,SKILL_READ,80.36473
2015,Spain,LOWSEC,FEMALE,SKILL_MATH,76.02105
2015,Spain,LOWSEC,BOTHSEX,SKILL_MATH,77.80463
2015,Spain,PRIMAR,BOTHSEX,SKILL_MATH,67.4336
2015,Spain,LOWSEC,FEMALE,SKILL_READ,87.15583
2015,Spain,LOWSEC,MALE,SKILL_MATH,79.59299
2015,Spain,PRIMAR,FEMALE,SKILL_MATH,64.85658
2015,Spain,PRIMAR,MALE,SKILL_MATH,69.94062
2015,Spain,LOWSEC,BOTHSEX,SKILL_READ,83.76361
2016,Spain,PRIMAR,BOTHSEX,SKILL_READ,96.56866
2016,Spain,PRIMAR,MALE,SKILL_READ,95.67968
2016,Spain,PRIMAR,FEMALE,SKILL_READ,97.57467
2018,Spain,LOWSEC,MALE,SKILL_MATH,75.43301
2018,Spain,LOWSEC,BOTHSEX,SKILL_MATH,75.30453
2018,Spain,LOWSEC,FEMALE,SKILL_MATH,75.17277
2019,Spain,PRIMAR,MALE,SKILL_MATH,68.10876
2019,Spain,PRIMAR,FEMALE,SKILL_MATH,62.61563
2019,Spain,PRIMAR,BOTHSEX,SKILL_MATH,65.364
2000,Sweden,LOWSEC,FEMALE,SKILL_READ,92.21
2000,Sweden,LOWSEC,MALE,SKILL_READ,83.17
2000,Sweden,LOWSEC,MALE,SKILL_MATH,84.0
2000,Sweden,LOWSEC,BOTHSEX,SKILL_READ,87.5
2000,Sweden,LOWSEC,FEMALE,SKILL_MATH,83.08
2000,Sweden,LOWSEC,BOTHSEX,SKILL_MATH,83.29255
2001,Sweden,PRIMAR,BOTHSEX,SKILL_READ,98.45308
2001,Sweden,PRIMAR,MALE,SKILL_READ,97.7662
2001,Sweden,PRIMAR,FEMALE,SKILL_READ,99.13985
2003,Sweden,LOWSEC,FEMALE,SKILL_READ,91.21
2003,Sweden,LOWSEC,MALE,SKILL_READ,82.27
2003,Sweden,LOWSEC,MALE,SKILL_MATH,83.34
2003,Sweden,LOWSEC,BOTHSEX,SKILL_MATH,82.72571
2003,Sweden,LOWSEC,FEMALE,SKILL_MATH,82.11
2003,Sweden,LOWSEC,BOTHSEX,SKILL_READ,86.73371
2006,Sweden,LOWSEC,BOTHSEX,SKILL_READ,84.73502
2006,Sweden,LOWSEC,FEMALE,SKILL_MATH,81.3
2006,Sweden,LOWSEC,BOTHSEX,SKILL_MATH,81.6871
2006,Sweden,PRIMAR,BOTHSEX,SKILL_READ,98.18682
2006,Sweden,PRIMAR,MALE,SKILL_READ,97.77716
2006,Sweden,LOWSEC,MALE,SKILL_READ,79.38
2006,Sweden,LOWSEC,FEMALE,SKILL_READ,90.37
2006,Sweden,PRIMAR,FEMALE,SKILL_READ,98.75543
2006,Sweden,LOWSEC,MALE,SKILL_MATH,82.05
2007,Sweden,PRIMAR,MALE,SKILL_MATH,68.84503
2007,Sweden,PRIMAR,BOTHSEX,SKILL_MATH,67.58782
2007,Sweden,PRIMAR,FEMALE,SKILL_MATH,66.33029
2009,Sweden,LOWSEC,BOTHSEX,SKILL_READ,82.5607
2009,Sweden,LOWSEC,FEMALE,SKILL_MATH,79.23
2009,Sweden,LOWSEC,BOTHSEX,SKILL_MATH,78.9245
2009,Sweden,LOWSEC,MALE,SKILL_MATH,78.63
2009,Sweden,LOWSEC,FEMALE,SKILL_READ,89.51
2009,Sweden,LOWSEC,MALE,SKILL_READ,75.82
2011,Sweden,PRIMAR,MALE,SKILL_MATH,69.37282
2011,Sweden,PRIMAR,FEMALE,SKILL_MATH,67.62857
2011,Sweden,PRIMAR,MALE,SKILL_READ,97.15359
2011,Sweden,PRIMAR,BOTHSEX,SKILL_READ,97.59201
2011,Sweden,PRIMAR,BOTHSEX,SKILL_MATH,68.51664
2011,Sweden,PRIMAR,FEMALE,SKILL_READ,98.00391
2012,Sweden,LOWSEC,MALE,SKILL_READ,68.67
2012,Sweden,LOWSEC,BOTHSEX,SKILL_MATH,72.92808
2012,Sweden,LOWSEC,FEMALE,SKILL_MATH,74.04
2012,Sweden,LOWSEC,BOTHSEX,SKILL_READ,77.28123
2012,Sweden,LOWSEC,MALE,SKILL_MATH,71.83
2012,Sweden,LOWSEC,FEMALE,SKILL_READ,86.05
2015,Sweden,LOWSEC,MALE,SKILL_READ,75.51089
2015,Sweden,LOWSEC,FEMALE,SKILL_READ,87.74147
2015,Sweden,LOWSEC,MALE,SKILL_MATH,77.98433
2015,Sweden,LOWSEC,BOTHSEX,SKILL_MATH,79.16255
2015,Sweden,PRIMAR,FEMALE,SKILL_MATH,74.98715
2015,Sweden,PRIMAR,MALE,SKILL_MATH,74.86004
2015,Sweden,PRIMAR,BOTHSEX,SKILL_MATH,74.90516
2015,Sweden,LOWSEC,BOTHSEX,SKILL_READ,81.57055
2015,Sweden,LOWSEC,FEMALE,SKILL_MATH,80.36239
2016,Sweden,PRIMAR,BOTHSEX,SKILL_READ,98.07445
2016,Sweden,PRIMAR,MALE,SKILL_READ,97.48444
2016,Sweden,PRIMAR,FEMALE,SKILL_READ,98.71241
2018,Sweden,LOWSEC,BOTHSEX,SKILL_MATH,81.19206
2018,Sweden,LOWSEC,MALE,SKILL_MATH,80.50168
2018,Sweden,LOWSEC,FEMALE,SKILL_READ,86.42238
2018,Sweden,LOWSEC,MALE,SKILL_READ,76.79597
2018,Sweden,LOWSEC,FEMALE,SKILL_MATH,81.88307
2018,Sweden,LOWSEC,BOTHSEX,SKILL_READ,81.60696
2019,Sweden,PRIMAR,BOTHSEX,SKILL_MATH,74.37926
2019,Sweden,PRIMAR,MALE,SKILL_MATH,76.39254
2019,Sweden,PRIMAR,FEMALE,SKILL_MATH,72.68949
2000,Switzerland,LOWSEC,BOTHSEX,SKILL_MATH,86.3056
2000,Switzerland,LOWSEC,BOTHSEX,SKILL_READ,79.6
2003,Switzerland,LOWSEC,BOTHSEX,SKILL_READ,83.32419
2003,Switzerland,LOWSEC,BOTHSEX,SKILL_MATH,85.4675
2006,Switzerland,LOWSEC,BOTHSEX,SKILL_READ,83.55357
2006,Switzerland,LOWSEC,BOTHSEX,SKILL_MATH,86.47398
2009,Switzerland,LOWSEC,BOTHSEX,SKILL_READ,83.19383
2009,Switzerland,LOWSEC,BOTHSEX,SKILL_MATH,86.52938
2012,Switzerland,LOWSEC,BOTHSEX,SKILL_READ,86.30588
2012,Switzerland,LOWSEC,BOTHSEX,SKILL_MATH,87.55722
2015,Switzerland,LOWSEC,FEMALE,SKILL_READ,84.85701
2015,Switzerland,LOWSEC,MALE,SKILL_MATH,84.47787
2015,Switzerland,LOWSEC,BOTHSEX,SKILL_READ,80.0227
2015,Germany,LOWSEC,FEMALE,SKILL_MATH,80.67615
2015,Germany,LOWSEC,BOTHSEX,SKILL_MATH,82.80903
2015,Germany,LOWSEC,MALE,SKILL_READ,81.21955
2015,Germany,LOWSEC,MALE,SKILL_MATH,84.86765
2015,Germany,PRIMAR,FEMALE,SKILL_MATH,76.02794
2015,Germany,PRIMAR,MALE,SKILL_MATH,77.33704
2016,Germany,PRIMAR,BOTHSEX,SKILL_READ,94.50745
2016,Germany,PRIMAR,FEMALE,SKILL_READ,96.17979
2016,Germany,PRIMAR,MALE,SKILL_READ,94.80321
2018,Germany,LOWSEC,BOTHSEX,SKILL_MATH,78.90338
2018,Germany,LOWSEC,MALE,SKILL_READ,75.61141
2018,Germany,LOWSEC,FEMALE,SKILL_MATH,78.99732
2018,Germany,LOWSEC,MALE,SKILL_MATH,78.82264
2018,Germany,LOWSEC,BOTHSEX,SKILL_READ,79.31491
2018,Germany,LOWSEC,FEMALE,SKILL_READ,83.62351
2019,Germany,PRIMAR,MALE,SKILL_MATH,78.36313
2019,Germany,PRIMAR,FEMALE,SKILL_MATH,73.54794
2019,Germany,PRIMAR,BOTHSEX,SKILL_MATH,74.64573
2000,Greece,LOWSEC,FEMALE,SKILL_MATH,61.3
2000,Greece,LOWSEC,FEMALE,SKILL_READ,82.31
2000,Greece,LOWSEC,BOTHSEX,SKILL_READ,75.7
2000,Greece,LOWSEC,BOTHSEX,SKILL_MATH,61.16936
2000,Greece,LOWSEC,MALE,SKILL_MATH,61.63
2000,Greece,LOWSEC,MALE,SKILL_READ,69.14
2001,Greece,PRIMAR,MALE,SKILL_READ,92.07542
2001,Greece,PRIMAR,BOTHSEX,SKILL_READ,94.50704
2001,Greece,PRIMAR,FEMALE,SKILL_READ,97.1434
2003,Greece,LOWSEC,MALE,SKILL_READ,67.46
2003,Greece,LOWSEC,BOTHSEX,SKILL_READ,74.73981
2003,Greece,LOWSEC,FEMALE,SKILL_READ,81.53
2003,Greece,LOWSEC,FEMALE,SKILL_MATH,58.09
2003,Greece,LOWSEC,BOTHSEX,SKILL_MATH,61.05708
2003,Greece,LOWSEC,MALE,SKILL_MATH,64.25
2006,Greece,LOWSEC,MALE,SKILL_READ,61.4
2006,Greece,LOWSEC,BOTHSEX,SKILL_MATH,67.66031
2006,Greece,LOWSEC,MALE,SKILL_MATH,67.26
2006,Greece,LOWSEC,FEMALE,SKILL_MATH,68.07
2006,Greece,LOWSEC,BOTHSEX,SKILL_READ,72.31361
2006,Greece,LOWSEC,FEMALE,SKILL_READ,83.34
2009,Greece,LOWSEC,BOTHSEX,SKILL_MATH,69.68157
2009,Greece,LOWSEC,MALE,SKILL_READ,70.28
2009,Greece,LOWSEC,BOTHSEX,SKILL_READ,78.67834
2009,Greece,LOWSEC,FEMALE,SKILL_READ,86.78
2009,Greece,LOWSEC,FEMALE,SKILL_MATH,67.91
2009,Greece,LOWSEC,MALE,SKILL_MATH,71.52
2012,Greece,LOWSEC,MALE,SKILL_MATH,65.52
2012,Greece,LOWSEC,BOTHSEX,SKILL_READ,77.37254
2012,Greece,LOWSEC,FEMALE,SKILL_READ,86.73
2012,Greece,LOWSEC,MALE,SKILL_READ,67.84
2012,Greece,LOWSEC,FEMALE,SKILL_MATH,63.12
2012,Greece,LOWSEC,BOTHSEX,SKILL_MATH,64.31079
2015,Greece,LOWSEC,MALE,SKILL_MATH,63.14876
2015,Greece,LOWSEC,FEMALE,SKILL_MATH,65.43095
2015,Greece,LOWSEC,BOTHSEX,SKILL_MATH,64.24347
2015,Greece,LOWSEC,MALE,SKILL_READ,65.53277
2015,Greece,LOWSEC,FEMALE,SKILL_READ,80.43881
2015,Greece,LOWSEC,BOTHSEX,SKILL_READ,72.68283
2018,Greece,LOWSEC,FEMALE,SKILL_MATH,65.37629
2018,Greece,LOWSEC,BOTHSEX,SKILL_READ,69.4842
2018,Greece,LOWSEC,MALE,SKILL_MATH,62.97993
2018,Greece,LOWSEC,FEMALE,SKILL_READ,78.38315
2018,Greece,LOWSEC,MALE,SKILL_READ,60.83468
2018,Greece,LOWSEC,BOTHSEX,SKILL_MATH,64.16108
2000,Hungary,LOWSEC,FEMALE,SKILL_READ,82.08
2000,Hungary,LOWSEC,BOTHSEX,SKILL_READ,77.4
2000,Hungary,LOWSEC,MALE,SKILL_READ,72.8
2001,Hungary,PRIMAR,MALE,SKILL_READ,96.51043
2001,Hungary,PRIMAR,FEMALE,SKILL_READ,98.55017
2001,Hungary,PRIMAR,BOTHSEX,SKILL_READ,97.54714
2003,Hungary,LOWSEC,MALE,SKILL_MATH,75.59392
2003,Hungary,LOWSEC,FEMALE,SKILL_READ,85.07
2003,Hungary,PRIMAR,MALE,SKILL_MATH,75.75478
2003,Hungary,LOWSEC,FEMALE,SKILL_MATH,74.98353
2003,Hungary,LOWSEC,MALE,SKILL_READ,74.46
2003,Hungary,LOWSEC,BOTHSEX,SKILL_MATH,75.3206
2003,Hungary,PRIMAR,BOTHSEX,SKILL_MATH,75.9732
2003,Hungary,LOWSEC,BOTHSEX,SKILL_READ,79.47239
2003,Hungary,PRIMAR,FEMALE,SKILL_MATH,76.19501
2006,Hungary,PRIMAR,FEMALE,SKILL_READ,97.69919
2006,Hungary,PRIMAR,MALE,SKILL_READ,97.15555
2006,Hungary,LOWSEC,FEMALE,SKILL_READ,86.78
2006,Hungary,LOWSEC,BOTHSEX,SKILL_READ,79.4421
2006,Hungary,LOWSEC,MALE,SKILL_READ,72.68
2006,Hungary,PRIMAR,BOTHSEX,SKILL_READ,97.43173
2007,Hungary,LOWSEC,BOTHSEX,SKILL_MATH,69.26851
2007,Hungary,PRIMAR,BOTHSEX,SKILL_MATH,67.1362
2007,Hungary,LOWSEC,MALE,SKILL_MATH,68.54831
2007,Hungary,PRIMAR,FEMALE,SKILL_MATH,66.32261
2007,Hungary,LOWSEC,FEMALE,SKILL_MATH,70.03138
2007,Hungary,PRIMAR,MALE,SKILL_MATH,68.0535
2009,Hungary,LOWSEC,FEMALE,SKILL_READ,88.64
2009,Hungary,LOWSEC,MALE,SKILL_READ,76.36
2009,Hungary,LOWSEC,BOTHSEX,SKILL_READ,82.44745
2011,Hungary,LOWSEC,BOTHSEX,SKILL_MATH,65.44757
2011,Hungary,PRIMAR,BOTHSEX,SKILL_MATH,70.38942
2011,Hungary,LOWSEC,FEMALE,SKILL_MATH,64.71118
2011,Hungary,PRIMAR,FEMALE,SKILL_MATH,70.64845
2011,Hungary,PRIMAR,MALE,SKILL_READ,93.6272
2011,Hungary,PRIMAR,BOTHSEX,SKILL_READ,94.641
2011,Hungary,PRIMAR,FEMALE,SKILL_READ,95.94409
2011,Hungary,LOWSEC,MALE,SKILL_MATH,66.15227
2011,Hungary,PRIMAR,MALE,SKILL_MATH,70.13925
2012,Hungary,LOWSEC,BOTHSEX,SKILL_READ,80.27892
2012,Hungary,LOWSEC,FEMALE,SKILL_READ,86.97
2012,Hungary,LOWSEC,MALE,SKILL_READ,73.1
2015,Hungary,LOWSEC,BOTHSEX,SKILL_READ,72.52249
2015,Hungary,LOWSEC,MALE,SKILL_MATH,68.63867
2015,Hungary,PRIMAR,FEMALE,SKILL_MATH,74.55678
2015,Hungary,LOWSEC,FEMALE,SKILL_MATH,65.03739
2015,Hungary,LOWSEC,MALE,SKILL_READ,68.11464
2015,Hungary,LOWSEC,BOTHSEX,SKILL_MATH,66.86111
2015,Hungary,PRIMAR,BOTHSEX,SKILL_MATH,74.9124
2015,Hungary,LOWSEC,FEMALE,SKILL_READ,76.95121
2015,Hungary,PRIMAR,MALE,SKILL_MATH,75.25922
2016,Hungary,PRIMAR,FEMALE,SKILL_READ,97.744
2016,Hungary,PRIMAR,BOTHSEX,SKILL_READ,97.13811
2016,Hungary,PRIMAR,MALE,SKILL_READ,96.54117
2018,Hungary,LOWSEC,BOTHSEX,SKILL_READ,74.72606
2018,Hungary,LOWSEC,FEMALE,SKILL_READ,79.45977
2018,Hungary,LOWSEC,MALE,SKILL_READ,69.90336
2019,Hungary,LOWSEC,MALE,SKILL_MATH,69.59356
2019,Hungary,PRIMAR,MALE,SKILL_MATH,75.46547
2019,Hungary,LOWSEC,FEMALE,SKILL_MATH,65.97526
2019,Hungary,PRIMAR,FEMALE,SKILL_MATH,71.66305
2019,Hungary,LOWSEC,BOTHSEX,SKILL_MATH,67.82932
2019,Hungary,PRIMAR,BOTHSEX,SKILL_MATH,73.6384
2000,Iceland,LOWSEC,MALE,SKILL_READ,79.94
2000,Iceland,LOWSEC,FEMALE,SKILL_MATH,88.78
2000,Iceland,LOWSEC,MALE,SKILL_MATH,86.66
2000,Iceland,LOWSEC,BOTHSEX,SKILL_READ,85.5
2000,Iceland,LOWSEC,BOTHSEX,SKILL_MATH,87.19275
2000,Iceland,LOWSEC,FEMALE,SKILL_READ,91.96
2001,Iceland,GRAD23,MALE,SKILL_READ,89.81849
2001,Iceland,GRAD23,FEMALE,SKILL_READ,94.72924
2001,Iceland,GRAD23,BOTHSEX,SKILL_READ,92.13533
2003,Iceland,LOWSEC,BOTHSEX,SKILL_MATH,84.99814
2003,Iceland,LOWSEC,FEMALE,SKILL_MATH,88.47
2003,Iceland,LOWSEC,FEMALE,SKILL_READ,90.48
2003,Iceland,LOWSEC,MALE,SKILL_MATH,81.74
2003,Iceland,LOWSEC,MALE,SKILL_READ,73.09
2003,Iceland,LOWSEC,BOTHSEX,SKILL_READ,81.50275
2006,Iceland,GRAD23,MALE,SKILL_READ,90.92284
2006,Iceland,LOWSEC,BOTHSEX,SKILL_MATH,83.1817
2006,Iceland,LOWSEC,MALE,SKILL_READ,71.72
2006,Iceland,GRAD23,BOTHSEX,SKILL_READ,93.17114
2006,Iceland,LOWSEC,BOTHSEX,SKILL_READ,79.53711
2006,Iceland,LOWSEC,MALE,SKILL_MATH,81.65
2006,Iceland,LOWSEC,FEMALE,SKILL_READ,87.48
2006,Iceland,LOWSEC,FEMALE,SKILL_MATH,84.74
2006,Iceland,GRAD23,FEMALE,SKILL_READ,95.59939
2009,Iceland,LOWSEC,BOTHSEX,SKILL_READ,83.17969
2009,Iceland,LOWSEC,MALE,SKILL_MATH,82.12
2009,Iceland,LOWSEC,MALE,SKILL_READ,76.17
2009,Iceland,LOWSEC,BOTHSEX,SKILL_MATH,83.04626
2009,Iceland,LOWSEC,FEMALE,SKILL_MATH,83.96
2009,Iceland,LOWSEC,FEMALE,SKILL_READ,90.11
2012,Iceland,LOWSEC,MALE,SKILL_MATH,76.78
2012,Iceland,LOWSEC,BOTHSEX,SKILL_READ,79.00457
2012,Iceland,LOWSEC,FEMALE,SKILL_READ,87.99
2012,Iceland,LOWSEC,FEMALE,SKILL_MATH,80.31
2012,Iceland,LOWSEC,BOTHSEX,SKILL_MATH,78.52381
2012,Iceland,LOWSEC,MALE,SKILL_READ,70.23
2015,Iceland,LOWSEC,BOTHSEX,SKILL_MATH,76.38493
2015,Iceland,LOWSEC,FEMALE,SKILL_MATH,77.17102
2015,Iceland,LOWSEC,FEMALE,SKILL_READ,84.32385
2015,Iceland,LOWSEC,BOTHSEX,SKILL_READ,77.91121
2015,Iceland,LOWSEC,MALE,SKILL_READ,71.10767
2015,Iceland,LOWSEC,MALE,SKILL_MATH,75.55092
2018,Iceland,LOWSEC,BOTHSEX,SKILL_MATH,79.3108
2018,Iceland,LOWSEC,MALE,SKILL_READ,65.86033
2018,Iceland,LOWSEC,BOTHSEX,SKILL_READ,73.6441
2018,Iceland,LOWSEC,FEMALE,SKILL_READ,81.3266
2018,Iceland,LOWSEC,FEMALE,SKILL_MATH,81.99391
2018,Iceland,LOWSEC,MALE,SKILL_MATH,76.59233
2000,Ireland,LOWSEC,MALE,SKILL_READ,86.52
2000,Ireland,LOWSEC,BOTHSEX,SKILL_MATH,84.4622
2000,Ireland,LOWSEC,FEMALE,SKILL_MATH,84.1
2000,Ireland,LOWSEC,MALE,SKILL_MATH,85.37
2000,Ireland,LOWSEC,BOTHSEX,SKILL_READ,88.9
2000,Ireland,LOWSEC,FEMALE,SKILL_READ,91.74
2003,Ireland,LOWSEC,BOTHSEX,SKILL_MATH,83.19022
2003,Ireland,LOWSEC,MALE,SKILL_READ,85.68
2003,Ireland,LOWSEC,FEMALE,SKILL_READ,92.31
2003,Ireland,LOWSEC,BOTHSEX,SKILL_READ,88.96812
2003,Ireland,LOWSEC,MALE,SKILL_MATH,85.04
2003,Ireland,LOWSEC,FEMALE,SKILL_MATH,81.31
2006,Ireland,LOWSEC,MALE,SKILL_MATH,84.55
2006,Ireland,LOWSEC,BOTHSEX,SKILL_READ,87.86356
2006,Ireland,LOWSEC,FEMALE,SKILL_READ,92.28
2006,Ireland,LOWSEC,MALE,SKILL_READ,83.34
2006,Ireland,LOWSEC,FEMALE,SKILL_MATH,82.64
2006,Ireland,LOWSEC,BOTHSEX,SKILL_MATH,83.58447
2009,Ireland,LOWSEC,MALE,SKILL_MATH,79.41
2009,Ireland,LOWSEC,FEMALE,SKILL_MATH,78.96
2009,Ireland,LOWSEC,BOTHSEX,SKILL_MATH,79.18692
2009,Ireland,LOWSEC,MALE,SKILL_READ,76.88
2009,Ireland,LOWSEC,FEMALE,SKILL_READ,88.78
2009,Ireland,LOWSEC,BOTHSEX,SKILL_READ,82.75082
2011,Ireland,GRAD23,MALE,SKILL_READ,95.96157
2011,Ireland,GRAD23,BOTHSEX,SKILL_MATH,76.55275
2011,Ireland,GRAD23,FEMALE,SKILL_READ,97.53022
2011,Ireland,GRAD23,BOTHSEX,SKILL_READ,96.68727
2011,Ireland,GRAD23,FEMALE,SKILL_MATH,76.12306
2011,Ireland,GRAD23,MALE,SKILL_MATH,76.9734
2012,Ireland,LOWSEC,FEMALE,SKILL_MATH,81.33
2012,Ireland,LOWSEC,MALE,SKILL_MATH,84.81
2012,Ireland,LOWSEC,BOTHSEX,SKILL_READ,90.4097
2012,Ireland,LOWSEC,FEMALE,SKILL_READ,93.95
2012,Ireland,LOWSEC,BOTHSEX,SKILL_MATH,83.1033
2012,Ireland,LOWSEC,MALE,SKILL_READ,86.99
2015,Ireland,GRAD23,BOTHSEX,SKILL_MATH,83.85
2015,Ireland,LOWSEC,BOTHSEX,SKILL_MATH,85.02273
2015,Ireland,GRAD23,MALE,SKILL_MATH,83.6819
2015,Ireland,GRAD23,FEMALE,SKILL_MATH,84.03749
2015,Ireland,LOWSEC,FEMALE,SKILL_READ,91.98825
2015,Ireland,LOWSEC,BOTHSEX,SKILL_READ,89.80892
2015,Ireland,LOWSEC,MALE,SKILL_MATH,85.85097
2015,Ireland,LOWSEC,FEMALE,SKILL_MATH,84.15029
2015,Ireland,LOWSEC,MALE,SKILL_READ,87.74001
2016,Ireland,GRAD23,BOTHSEX,SKILL_READ,97.685
2016,Ireland,GRAD23,FEMALE,SKILL_READ,98.0195
2016,Ireland,GRAD23,MALE,SKILL_READ,97.47424
2018,Ireland,LOWSEC,FEMALE,SKILL_READ,91.46423
2018,Ireland,LOWSEC,BOTHSEX,SKILL_MATH,84.31306
2018,Ireland,LOWSEC,MALE,SKILL_READ,84.89959
2018,Ireland,LOWSEC,FEMALE,SKILL_MATH,84.29853
2018,Ireland,LOWSEC,MALE,SKILL_MATH,84.32777
2018,Ireland,LOWSEC,BOTHSEX,SKILL_READ,88.20065
2019,Ireland,GRAD23,BOTHSEX,SKILL_MATH,83.5662
2019,Ireland,GRAD23,FEMALE,SKILL_MATH,82.76988
2019,Ireland,GRAD23,MALE,SKILL_MATH,84.3896
2000,Italy,LOWSEC,BOTHSEX,SKILL_READ,81.0
2000,Italy,LOWSEC,MALE,SKILL_READ,75.39
2000,Italy,LOWSEC,FEMALE,SKILL_READ,87.44
2001,Italy,PRIMAR,MALE,SKILL_READ,96.40666
2001,Italy,PRIMAR,BOTHSEX,SKILL_READ,96.55672
2001,Italy,PRIMAR,FEMALE,SKILL_READ,96.72008
2003,Italy,LOWSEC,FEMALE,SKILL_READ,82.78
2003,Italy,LOWSEC,MALE,SKILL_MATH,56.9533
2003,Italy,PRIMAR,MALE,SKILL_MATH,67.08085
2003,Italy,LOWSEC,FEMALE,SKILL_MATH,54.66861
2003,Italy,PRIMAR,FEMALE,SKILL_MATH,62.03671
2003,Italy,LOWSEC,MALE,SKILL_READ,68.95
2003,Italy,LOWSEC,BOTHSEX,SKILL_MATH,55.81757
2003,Italy,PRIMAR,BOTHSEX,SKILL_MATH,64.64686
2003,Italy,LOWSEC,BOTHSEX,SKILL_READ,76.12858
2006,Italy,PRIMAR,BOTHSEX,SKILL_READ,98.19328
2006,Italy,LOWSEC,FEMALE,SKILL_READ,80.07
2006,Italy,LOWSEC,BOTHSEX,SKILL_READ,73.60957
2006,Italy,LOWSEC,MALE,SKILL_READ,67.03
2006,Italy,PRIMAR,MALE,SKILL_READ,97.83497
2006,Italy,PRIMAR,FEMALE,SKILL_READ,98.57317
2007,Italy,PRIMAR,FEMALE,SKILL_MATH,63.25041
2007,Italy,LOWSEC,BOTHSEX,SKILL_MATH,53.66197
2007,Italy,PRIMAR,BOTHSEX,SKILL_MATH,67.27251
2007,Italy,LOWSEC,FEMALE,SKILL_MATH,52.20647
2007,Italy,PRIMAR,MALE,SKILL_MATH,71.12001
2007,Italy,LOWSEC,MALE,SKILL_MATH,55.01251
2009,Italy,LOWSEC,MALE,SKILL_READ,71.1
2009,Italy,LOWSEC,BOTHSEX,SKILL_READ,78.97688
2009,Italy,LOWSEC,FEMALE,SKILL_READ,87.31
2011,Italy,LOWSEC,BOTHSEX,SKILL_MATH,63.78437
2011,Italy,PRIMAR,MALE,SKILL_READ,97.31897
2011,Italy,PRIMAR,FEMALE,SKILL_MATH,66.44058
2011,Italy,PRIMAR,FEMALE,SKILL_READ,98.0691
2011,Italy,PRIMAR,BOTHSEX,SKILL_READ,97.66477
2011,Italy,PRIMAR,BOTHSEX,SKILL_MATH,68.73338
2011,Italy,LOWSEC,MALE,SKILL_MATH,66.44586
2011,Italy,PRIMAR,MALE,SKILL_MATH,71.02982
2011,Italy,LOWSEC,FEMALE,SKILL_MATH,60.97164
2012,Italy,LOWSEC,FEMALE,SKILL_READ,87.42
2012,Italy,LOWSEC,BOTHSEX,SKILL_READ,80.49904
2012,Italy,LOWSEC,MALE,SKILL_READ,74.05
2015,Italy,LOWSEC,MALE,SKILL_READ,75.93918
2015,Italy,LOWSEC,FEMALE,SKILL_MATH,60.89349
2015,Italy,PRIMAR,MALE,SKILL_MATH,72.81792
2015,Italy,LOWSEC,MALE,SKILL_MATH,63.60064
2015,Italy,LOWSEC,BOTHSEX,SKILL_MATH,62.35678
2015,Italy,PRIMAR,FEMALE,SKILL_MATH,64.41415
2015,Italy,PRIMAR,BOTHSEX,SKILL_MATH,68.67885
2015,Italy,LOWSEC,BOTHSEX,SKILL_READ,79.03289
2015,Italy,LOWSEC,FEMALE,SKILL_READ,82.087
2016,Italy,PRIMAR,BOTHSEX,SKILL_READ,97.8608
2016,Italy,PRIMAR,FEMALE,SKILL_READ,98.73246
2016,Italy,PRIMAR,MALE,SKILL_READ,97.0243
2018,Italy,LOWSEC,MALE,SKILL_READ,72.34571
2018,Italy,LOWSEC,FEMALE,SKILL_READ,81.436
2018,Italy,LOWSEC,BOTHSEX,SKILL_READ,76.73283
2019,Italy,LOWSEC,MALE,SKILL_MATH,65.17217
2019,Italy,PRIMAR,MALE,SKILL_MATH,75.35483
2019,Italy,LOWSEC,FEMALE,SKILL_MATH,59.74339
2019,Italy,LOWSEC,BOTHSEX,SKILL_MATH,62.43361
2019,Italy,PRIMAR,FEMALE,SKILL_MATH,70.58978
2019,Italy,PRIMAR,BOTHSEX,SKILL_MATH,72.9611
2007,Kazakhstan,PRIMAR,MALE,SKILL_MATH,79.18092
2007,Kazakhstan,PRIMAR,BOTHSEX,SKILL_MATH,81.08918
2007,Kazakhstan,PRIMAR,FEMALE,SKILL_MATH,82.88892
2009,Kazakhstan,LOWSEC,BOTHSEX,SKILL_MATH,40.862
2009,Kazakhstan,LOWSEC,MALE,SKILL_READ,32.54
2009,Kazakhstan,LOWSEC,MALE,SKILL_MATH,40.72
2009,Kazakhstan,LOWSEC,FEMALE,SKILL_MATH,41.01
2009,Kazakhstan,LOWSEC,BOTHSEX,SKILL_READ,41.30291
2009,Kazakhstan,LOWSEC,FEMALE,SKILL_READ,50.32
2011,Kazakhstan,PRIMAR,MALE,SKILL_MATH,63.03072
2011,Kazakhstan,PRIMAR,FEMALE,SKILL_MATH,60.40226
2011,Kazakhstan,PRIMAR,BOTHSEX,SKILL_MATH,61.76096
2012,Kazakhstan,LOWSEC,MALE,SKILL_READ,33.22
2012,Kazakhstan,LOWSEC,BOTHSEX,SKILL_MATH,54.75641
2012,Kazakhstan,LOWSEC,MALE,SKILL_MATH,54.48
2012,Kazakhstan,LOWSEC,FEMALE,SKILL_MATH,55.03
2012,Kazakhstan,LOWSEC,FEMALE,SKILL_READ,52.6
2012,Kazakhstan,LOWSEC,BOTHSEX,SKILL_READ,42.9451
2015,Kazakhstan,LOWSEC,BOTHSEX,SKILL_READ,58.71644
2015,Kazakhstan,PRIMAR,MALE,SKILL_MATH,79.02236
2015,Kazakhstan,PRIMAR,FEMALE,SKILL_MATH,80.36014
2015,Kazakhstan,PRIMAR,BOTHSEX,SKILL_MATH,79.67441
2016,Kazakhstan,PRIMAR,BOTHSEX,SKILL_READ,98.09229
2016,Kazakhstan,PRIMAR,FEMALE,SKILL_READ,98.46843
2016,Kazakhstan,PRIMAR,MALE,SKILL_READ,97.73644
2018,Kazakhstan,LOWSEC,FEMALE,SKILL_MATH,50.8497
2018,Kazakhstan,LOWSEC,BOTHSEX,SKILL_READ,35.81029
2018,Kazakhstan,LOWSEC,FEMALE,SKILL_READ,42.66023
2018,Kazakhstan,LOWSEC,BOTHSEX,SKILL_MATH,50.89998
2018,Kazakhstan,LOWSEC,MALE,SKILL_READ,29.33509
2018,Kazakhstan,LOWSEC,MALE,SKILL_MATH,50.94751
2019,Kazakhstan,PRIMAR,MALE,SKILL_MATH,70.52626
2019,Kazakhstan,PRIMAR,FEMALE,SKILL_MATH,71.21622
2019,Kazakhstan,PRIMAR,BOTHSEX,SKILL_MATH,70.81778
2006,Kyrgyzstan,LOWSEC,BOTHSEX,SKILL_MATH,10.58832
2006,Kyrgyzstan,LOWSEC,BOTHSEX,SKILL_READ,11.75808
2009,Kyrgyzstan,LOWSEC,BOTHSEX,SKILL_READ,16.77862
2009,Kyrgyzstan,LOWSEC,BOTHSEX,SKILL_MATH,13.36897
2000,Latvia,LOWSEC,MALE,SKILL_READ,59.69
2000,Latvia,LOWSEC,FEMALE,SKILL_READ,80.31
2000,Latvia,LOWSEC,MALE,SKILL_MATH,66.98
2000,Latvia,LOWSEC,BOTHSEX,SKILL_READ,69.4
2000,Latvia,LOWSEC,FEMALE,SKILL_MATH,66.47
2000,Latvia,LOWSEC,BOTHSEX,SKILL_MATH,66.42425
2001,Latvia,PRIMAR,FEMALE,SKILL_READ,99.07478
2001,Latvia,PRIMAR,BOTHSEX,SKILL_READ,98.54787
2001,Latvia,PRIMAR,MALE,SKILL_READ,98.05384
2003,Latvia,LOWSEC,FEMALE,SKILL_MATH,76.86
2003,Latvia,LOWSEC,FEMALE,SKILL_READ,88.4
2003,Latvia,LOWSEC,MALE,SKILL_MATH,75.63
2003,Latvia,PRIMAR,MALE,SKILL_MATH,80.23951
2003,Latvia,PRIMAR,FEMALE,SKILL_MATH,81.46834
2003,Latvia,LOWSEC,MALE,SKILL_READ,74.95
2003,Latvia,LOWSEC,BOTHSEX,SKILL_MATH,76.27051
2003,Latvia,PRIMAR,BOTHSEX,SKILL_MATH,80.84263
2003,Latvia,LOWSEC,BOTHSEX,SKILL_READ,81.95388
2006,Latvia,LOWSEC,MALE,SKILL_MATH,79.98
2006,Latvia,PRIMAR,BOTHSEX,SKILL_READ,98.21378
2006,Latvia,PRIMAR,MALE,SKILL_READ,97.19613
2006,Latvia,PRIMAR,FEMALE,SKILL_READ,99.2907
2006,Latvia,LOWSEC,BOTHSEX,SKILL_READ,78.78249
2006,Latvia,LOWSEC,BOTHSEX,SKILL_MATH,79.29995
2006,Latvia,LOWSEC,MALE,SKILL_READ,69.88
2006,Latvia,LOWSEC,FEMALE,SKILL_MATH,78.66
2006,Latvia,LOWSEC,FEMALE,SKILL_READ,87.22
2007,Latvia,PRIMAR,BOTHSEX,SKILL_MATH,80.67361
2007,Latvia,PRIMAR,FEMALE,SKILL_MATH,82.06929
2007,Latvia,PRIMAR,MALE,SKILL_MATH,79.50692
2009,Latvia,LOWSEC,MALE,SKILL_READ,73.4
2009,Latvia,LOWSEC,BOTHSEX,SKILL_MATH,77.44045
2009,Latvia,LOWSEC,MALE,SKILL_MATH,76.88
2009,Latvia,LOWSEC,FEMALE,SKILL_READ,91.2
2009,Latvia,LOWSEC,BOTHSEX,SKILL_READ,82.42108
2009,Latvia,LOWSEC,FEMALE,SKILL_MATH,77.99
2012,Latvia,LOWSEC,BOTHSEX,SKILL_MATH,80.05716
2012,Latvia,LOWSEC,MALE,SKILL_READ,74.35
2012,Latvia,LOWSEC,FEMALE,SKILL_MATH,81.68
2012,Latvia,LOWSEC,BOTHSEX,SKILL_READ,83.0206
2012,Latvia,LOWSEC,MALE,SKILL_MATH,78.47
2012,Latvia,LOWSEC,FEMALE,SKILL_READ,91.85
2015,Latvia,LOWSEC,FEMALE,SKILL_READ,89.03702
2015,Latvia,LOWSEC,BOTHSEX,SKILL_READ,82.32084
2015,Latvia,LOWSEC,FEMALE,SKILL_MATH,80.13888
2015,Latvia,LOWSEC,MALE,SKILL_READ,75.62509
2015,Latvia,LOWSEC,MALE,SKILL_MATH,77.00004
2015,Latvia,LOWSEC,BOTHSEX,SKILL_MATH,78.56707
2016,Latvia,PRIMAR,BOTHSEX,SKILL_READ,99.19672
2016,Latvia,PRIMAR,FEMALE,SKILL_READ,99.3776
2016,Latvia,PRIMAR,MALE,SKILL_READ,99.0031
2018,Latvia,LOWSEC,BOTHSEX,SKILL_MATH,82.68327
2018,Latvia,LOWSEC,MALE,SKILL_READ,70.61331
2018,Latvia,LOWSEC,BOTHSEX,SKILL_READ,77.55712
2018,Latvia,LOWSEC,MALE,SKILL_MATH,82.73768
2018,Latvia,LOWSEC,FEMALE,SKILL_MATH,82.63053
2018,Latvia,LOWSEC,FEMALE,SKILL_READ,84.28859
2019,Latvia,PRIMAR,MALE,SKILL_MATH,85.13125
2019,Latvia,PRIMAR,BOTHSEX,SKILL_MATH,84.50321
2019,Latvia,PRIMAR,FEMALE,SKILL_MATH,84.03535
2000,Liechtenstein,LOWSEC,BOTHSEX,SKILL_READ,77.9
2000,Liechtenstein,LOWSEC,BOTHSEX,SKILL_MATH,83.11609
2003,Liechtenstein,LOWSEC,BOTHSEX,SKILL_MATH,87.72895
2003,Liechtenstein,LOWSEC,BOTHSEX,SKILL_READ,89.61079
2006,Liechtenstein,LOWSEC,BOTHSEX,SKILL_READ,85.69982
2006,Liechtenstein,LOWSEC,BOTHSEX,SKILL_MATH,86.82367
2009,Liechtenstein,LOWSEC,BOTHSEX,SKILL_MATH,90.51124
2009,Liechtenstein,LOWSEC,BOTHSEX,SKILL_READ,84.31891
2012,Liechtenstein,LOWSEC,BOTHSEX,SKILL_MATH,85.92207
2012,Liechtenstein,LOWSEC,BOTHSEX,SKILL_READ,87.62445
2001,Lithuania,PRIMAR,MALE,SKILL_READ,97.1686
2001,Lithuania,PRIMAR,BOTHSEX,SKILL_READ,98.0103
2001,Lithuania,PRIMAR,FEMALE,SKILL_READ,98.86648
2003,Lithuania,PRIMAR,FEMALE,SKILL_MATH,79.55207
2003,Lithuania,PRIMAR,BOTHSEX,SKILL_MATH,78.93038
2003,Lithuania,PRIMAR,MALE,SKILL_MATH,78.72044
2006,Lithuania,LOWSEC,BOTHSEX,SKILL_MATH,77.04669
2006,Lithuania,LOWSEC,MALE,SKILL_READ,65.56
2006,Lithuania,LOWSEC,FEMALE,SKILL_MATH,77.0
2006,Lithuania,PRIMAR,FEMALE,SKILL_READ,99.12515
2006,Lithuania,LOWSEC,MALE,SKILL_MATH,77.09
2006,Lithuania,LOWSEC,FEMALE,SKILL_READ,83.43
2006,Lithuania,LOWSEC,BOTHSEX,SKILL_READ,74.33325
2006,Lithuania,PRIMAR,BOTHSEX,SKILL_READ,98.70484
2006,Lithuania,PRIMAR,MALE,SKILL_READ,98.30083
2007,Lithuania,PRIMAR,BOTHSEX,SKILL_MATH,77.32814
2007,Lithuania,PRIMAR,MALE,SKILL_MATH,76.67615
2007,Lithuania,PRIMAR,FEMALE,SKILL_MATH,78.00221
2009,Lithuania,LOWSEC,MALE,SKILL_MATH,71.84
2009,Lithuania,LOWSEC,BOTHSEX,SKILL_READ,75.63682
2009,Lithuania,LOWSEC,BOTHSEX,SKILL_MATH,73.6674
2009,Lithuania,LOWSEC,MALE,SKILL_READ,64.55
2009,Lithuania,LOWSEC,FEMALE,SKILL_READ,87.04
2009,Lithuania,LOWSEC,FEMALE,SKILL_MATH,75.55
2011,Croatia,PRIMAR,MALE,SKILL_MATH,63.59598
2011,Croatia,PRIMAR,FEMALE,SKILL_MATH,57.19501
2015,Switzerland,LOWSEC,BOTHSEX,SKILL_MATH,84.21991
2015,Switzerland,LOWSEC,FEMALE,SKILL_MATH,83.93947
2018,North Macedonia,LOWSEC,FEMALE,SKILL_READ,56.99418
2018,North Macedonia,LOWSEC,MALE,SKILL_MATH,37.27554
2019,North Macedonia,PRIMAR,MALE,SKILL_MATH,50.32626
2019,North Macedonia,PRIMAR,FEMALE,SKILL_MATH,53.05907
2019,North Macedonia,PRIMAR,BOTHSEX,SKILL_MATH,51.53475
2011,Lithuania,PRIMAR,MALE,SKILL_MATH,79.03446
2011,Lithuania,PRIMAR,BOTHSEX,SKILL_READ,96.53329
2011,Lithuania,PRIMAR,MALE,SKILL_READ,95.69792
2011,Lithuania,PRIMAR,FEMALE,SKILL_READ,97.42801
2011,Lithuania,PRIMAR,BOTHSEX,SKILL_MATH,79.07955
2011,Lithuania,PRIMAR,FEMALE,SKILL_MATH,79.12909
2012,Lithuania,LOWSEC,FEMALE,SKILL_READ,89.65
2012,Lithuania,LOWSEC,BOTHSEX,SKILL_READ,78.80032
2012,Lithuania,LOWSEC,BOTHSEX,SKILL_MATH,73.98169
2012,Lithuania,LOWSEC,MALE,SKILL_READ,68.12
2012,Lithuania,LOWSEC,MALE,SKILL_MATH,72.33
2012,Lithuania,LOWSEC,FEMALE,SKILL_MATH,75.66
2015,Lithuania,LOWSEC,MALE,SKILL_READ,67.81595
2015,Lithuania,LOWSEC,BOTHSEX,SKILL_MATH,74.59097
2015,Lithuania,LOWSEC,BOTHSEX,SKILL_MATH,74.59097
