Year,GeoAreaName,Age,Sex,Value
2005,Austria,15-24,BOTHSEX,11.84
2005,Austria,15-24,MALE,13.49
2005,Austria,15-24,FEMALE,10.14
2006,Austria,15-24,FEMALE,9.43
2006,Austria,15-24,BOTHSEX,11.22
2006,Austria,15-24,MALE,12.95
2007,Austria,15-24,BOTHSEX,10.71
2007,Austria,15-24,MALE,12.18
2007,Austria,15-24,FEMALE,9.18
2008,Austria,15-24,FEMALE,9.21
2008,Austria,15-24,MALE,11.48
2008,Austria,15-24,BOTHSEX,10.37
2009,Austria,15-24,BOTHSEX,11.73
2009,Austria,15-24,MALE,13.3
2009,Austria,15-24,FEMALE,10.1
2010,Austria,15-24,MALE,12.64
2010,Austria,15-24,BOTHSEX,10.79
2010,Austria,15-24,FEMALE,8.88
2011,Austria,15-24,MALE,12.53
2011,Austria,15-24,BOTHSEX,10.56
2011,Austria,15-24,FEMALE,8.52
2012,Austria,15-24,MALE,11.93
2012,Austria,15-24,FEMALE,8.32
2012,Austria,15-24,BOTHSEX,10.16
2013,Austria,15-24,FEMALE,8.65
2013,Austria,15-24,BOTHSEX,10.34
2013,Austria,15-24,MALE,11.96
2019,Poland,15-24,BOTHSEX,8.13
2019,Poland,15-24,MALE,6.83
2019,Poland,15-24,FEMALE,9.5
2020,Poland,15-24,MALE,7.79
2020,Poland,15-24,BOTHSEX,8.63
2020,Poland,15-24,FEMALE,9.52
2021,Poland,15-24,FEMALE,11.94
2021,Poland,15-24,BOTHSEX,11.2
2021,Poland,15-24,MALE,10.51
2014,Austria,15-24,MALE,12.64
2014,Austria,15-24,FEMALE,8.8
2014,Austria,15-24,BOTHSEX,10.76
2015,Austria,15-24,BOTHSEX,11.04
2015,Austria,15-24,FEMALE,9.01
2015,Austria,15-24,MALE,12.97
2016,Austria,15-24,BOTHSEX,10.91
2016,Austria,15-24,MALE,12.6
2016,Austria,15-24,FEMALE,9.11
2017,Austria,15-24,BOTHSEX,10.45
2017,Austria,15-24,FEMALE,7.54
2017,Austria,15-24,MALE,13.19
2018,Austria,15-24,BOTHSEX,10.42
2018,Austria,15-24,FEMALE,8.75
2018,Austria,15-24,MALE,12.01
2019,Austria,15-24,MALE,12.72
2019,Austria,15-24,FEMALE,9.22
2019,Austria,15-24,BOTHSEX,11.01
2004,Portugal,15-24,MALE,9.71
2004,Portugal,15-24,FEMALE,10.8
2004,Portugal,15-24,BOTHSEX,10.25
2005,Portugal,15-24,BOTHSEX,11.09
2005,Portugal,15-24,MALE,10.19
2005,Portugal,15-24,FEMALE,12.02
2006,Portugal,15-24,BOTHSEX,10.61
2006,Portugal,15-24,MALE,9.86
2006,Portugal,15-24,FEMALE,11.38
2007,Portugal,15-24,MALE,9.76
2007,Portugal,15-24,FEMALE,12.61
2007,Portugal,15-24,BOTHSEX,11.16
2008,Portugal,15-24,BOTHSEX,10.23
2008,Portugal,15-24,MALE,8.92
2008,Portugal,15-24,FEMALE,11.58
2009,Portugal,15-24,BOTHSEX,11.21
2009,Portugal,15-24,MALE,10.66
2009,Portugal,15-24,FEMALE,11.78
2010,Portugal,15-24,BOTHSEX,11.44
2010,Portugal,15-24,MALE,10.41
2010,Portugal,15-24,FEMALE,12.5
2011,Portugal,15-24,MALE,12.19
2011,Portugal,15-24,FEMALE,12.92
2011,Portugal,15-24,BOTHSEX,12.55
2012,Portugal,15-24,MALE,14.57
2012,Portugal,15-24,BOTHSEX,13.91
2012,Portugal,15-24,FEMALE,13.23
2013,Portugal,15-24,MALE,14.2
2013,Portugal,15-24,FEMALE,13.94
2013,Portugal,15-24,BOTHSEX,14.07
2014,Portugal,15-24,BOTHSEX,12.28
2014,Portugal,15-24,MALE,12.29
2014,Portugal,15-24,FEMALE,12.28
2015,Portugal,15-24,FEMALE,12.16
2015,Portugal,15-24,BOTHSEX,11.27
2015,Portugal,15-24,MALE,10.4
2016,Portugal,15-24,MALE,10.82
2016,Portugal,15-24,FEMALE,10.28
2016,Portugal,15-24,BOTHSEX,10.55
2017,Portugal,15-24,MALE,9.18
2017,Portugal,15-24,BOTHSEX,9.34
2017,Portugal,15-24,FEMALE,9.5
2018,Portugal,15-24,BOTHSEX,8.37
2018,Portugal,15-24,MALE,8.35
2018,Portugal,15-24,FEMALE,8.39
2019,Portugal,15-24,BOTHSEX,8.02
2019,Portugal,15-24,FEMALE,8.62
2019,Portugal,15-24,MALE,7.44
2020,Portugal,15-24,FEMALE,8.77
2020,Portugal,15-24,BOTHSEX,9.06
2020,Portugal,15-24,MALE,9.35
2021,Portugal,15-24,FEMALE,7.32
2021,Portugal,15-24,MALE,8.14
2021,Portugal,15-24,BOTHSEX,7.74
2020,Austria,15-24,FEMALE,8.5
2020,Austria,15-24,BOTHSEX,11.42
2020,Austria,15-24,MALE,14.21
2021,Austria,15-24,BOTHSEX,12.26
2021,Austria,15-24,MALE,14.07
2021,Austria,15-24,FEMALE,10.34
2018,Armenia,15-24,FEMALE,34.26
2018,Armenia,15-24,BOTHSEX,33.59
2018,Armenia,15-24,MALE,32.87
2004,Romania,15-24,FEMALE,21.45
2004,Romania,15-24,MALE,21.29
2004,Romania,15-24,BOTHSEX,21.37
2005,Romania,15-24,FEMALE,21.64
2005,Romania,15-24,BOTHSEX,20.81
2005,Romania,15-24,MALE,20.0
2006,Romania,15-24,BOTHSEX,19.89
2006,Romania,15-24,FEMALE,20.44
2006,Romania,15-24,MALE,19.36
2019,Armenia,15-24,FEMALE,29.28
2019,Armenia,15-24,BOTHSEX,30.85
2019,Armenia,15-24,MALE,32.29
2020,Armenia,15-24,MALE,31.0
2020,Armenia,15-24,FEMALE,28.79
2020,Armenia,15-24,BOTHSEX,29.94
2004,Belgium,15-24,FEMALE,8.82
2004,Belgium,15-24,BOTHSEX,8.55
2007,Romania,15-24,FEMALE,19.51
2007,Romania,15-24,MALE,19.15
2007,Romania,15-24,BOTHSEX,19.33
2008,Romania,15-24,MALE,17.97
2008,Romania,15-24,BOTHSEX,18.56
2008,Romania,15-24,FEMALE,19.18
2009,Romania,15-24,FEMALE,20.79
2009,Romania,15-24,BOTHSEX,19.59
2009,Romania,15-24,MALE,18.44
2010,Romania,15-24,MALE,14.18
2010,Romania,15-24,BOTHSEX,16.6
2010,Romania,15-24,FEMALE,19.19
2011,Romania,15-24,MALE,16.3
2011,Romania,15-24,FEMALE,18.71
2011,Romania,15-24,BOTHSEX,17.47
2012,Romania,15-24,FEMALE,18.53
2012,Romania,15-24,MALE,15.18
2012,Romania,15-24,BOTHSEX,16.81
2004,Belgium,15-24,MALE,8.28
2005,Belgium,15-24,MALE,12.49
2005,Belgium,15-24,FEMALE,13.56
2005,Belgium,15-24,BOTHSEX,13.02
2006,Belgium,15-24,MALE,10.16
2006,Belgium,15-24,BOTHSEX,11.25
2006,Belgium,15-24,FEMALE,12.36
2007,Belgium,15-24,MALE,10.19
2007,Belgium,15-24,FEMALE,12.17
2013,Romania,15-24,MALE,15.31
2013,Romania,15-24,FEMALE,18.72
2013,Romania,15-24,BOTHSEX,16.96
2014,Romania,15-24,BOTHSEX,17.01
2014,Romania,15-24,FEMALE,18.79
2014,Romania,15-24,MALE,15.34
2015,Romania,15-24,MALE,14.98
2015,Romania,15-24,BOTHSEX,18.08
2015,Romania,15-24,FEMALE,21.39
2016,Romania,15-24,FEMALE,20.84
2016,Romania,15-24,MALE,14.11
2016,Romania,15-24,BOTHSEX,17.38
2017,Romania,15-24,MALE,12.06
2017,Romania,15-24,BOTHSEX,15.15
2017,Romania,15-24,FEMALE,18.41
2018,Romania,15-24,BOTHSEX,14.52
2018,Romania,15-24,MALE,11.35
2018,Romania,15-24,FEMALE,17.84
2019,Romania,15-24,BOTHSEX,14.66
2019,Romania,15-24,FEMALE,17.94
2019,Romania,15-24,MALE,11.52
2020,Romania,15-24,MALE,11.57
2020,Romania,15-24,BOTHSEX,14.75
2020,Romania,15-24,FEMALE,18.11
2021,Romania,15-24,FEMALE,21.48
2021,Romania,15-24,MALE,14.74
2021,Romania,15-24,BOTHSEX,18.02
2007,Belgium,15-24,BOTHSEX,11.16
2008,Belgium,15-24,FEMALE,11.1
2008,Belgium,15-24,BOTHSEX,10.14
2008,Belgium,15-24,MALE,9.19
2009,Belgium,15-24,FEMALE,11.68
2009,Belgium,15-24,BOTHSEX,11.08
2009,Belgium,15-24,MALE,10.49
2010,Belgium,15-24,BOTHSEX,10.86
2010,Belgium,15-24,MALE,10.79
2008,Serbia,15-24,MALE,19.39
2008,Serbia,15-24,FEMALE,21.29
2008,Serbia,15-24,BOTHSEX,20.32
2009,Serbia,15-24,FEMALE,21.66
2009,Serbia,15-24,MALE,21.57
2009,Serbia,15-24,BOTHSEX,21.61
2010,Serbia,15-24,MALE,22.81
2010,Serbia,15-24,BOTHSEX,21.2
2010,Serbia,15-24,FEMALE,19.45
2011,Serbia,15-24,BOTHSEX,21.6
2011,Serbia,15-24,MALE,23.04
2011,Serbia,15-24,FEMALE,19.99
2012,Serbia,15-24,FEMALE,21.23
2012,Serbia,15-24,MALE,22.03
2012,Serbia,15-24,BOTHSEX,21.65
2013,Serbia,15-24,MALE,19.77
2013,Serbia,15-24,BOTHSEX,19.79
2013,Serbia,15-24,FEMALE,19.8
2014,Serbia,15-24,BOTHSEX,21.0
2014,Serbia,15-24,FEMALE,20.47
2014,Serbia,15-24,MALE,21.5
2015,Serbia,15-24,FEMALE,20.06
2015,Serbia,15-24,BOTHSEX,20.36
2015,Serbia,15-24,MALE,20.64
2016,Serbia,15-24,FEMALE,18.67
2016,Serbia,15-24,BOTHSEX,18.08
2016,Serbia,15-24,MALE,17.51
2017,Serbia,15-24,FEMALE,17.66
2017,Serbia,15-24,MALE,17.51
2017,Serbia,15-24,BOTHSEX,17.58
2018,Serbia,15-24,MALE,16.48
2018,Serbia,15-24,BOTHSEX,16.98
2018,Serbia,15-24,FEMALE,17.51
2019,Serbia,15-24,BOTHSEX,15.66
2019,Serbia,15-24,FEMALE,16.19
2019,Serbia,15-24,MALE,15.17
2010,Belgium,15-24,FEMALE,10.95
2011,Belgium,15-24,FEMALE,12.03
2011,Belgium,15-24,MALE,11.61
2011,Belgium,15-24,BOTHSEX,11.81
2012,Belgium,15-24,MALE,12.5
2012,Belgium,15-24,FEMALE,12.18
2012,Belgium,15-24,BOTHSEX,12.35
2013,Belgium,15-24,FEMALE,12.1
2013,Belgium,15-24,BOTHSEX,12.68
2020,Serbia,15-24,MALE,17.2
2020,Serbia,15-24,BOTHSEX,16.18
2020,Serbia,15-24,FEMALE,15.09
2021,Serbia,15-24,BOTHSEX,16.43
2021,Serbia,15-24,FEMALE,15.92
2021,Serbia,15-24,MALE,16.92
2002,Slovakia,15-24,FEMALE,23.22
2002,Slovakia,15-24,BOTHSEX,23.52
2002,Slovakia,15-24,MALE,23.82
2003,Slovakia,15-24,BOTHSEX,19.97
2003,Slovakia,15-24,MALE,19.95
2003,Slovakia,15-24,FEMALE,19.98
2004,Slovakia,15-24,MALE,18.91
2004,Slovakia,15-24,BOTHSEX,19.45
2004,Slovakia,15-24,FEMALE,20.01
2005,Slovakia,15-24,BOTHSEX,16.86
2005,Slovakia,15-24,MALE,15.42
2005,Slovakia,15-24,FEMALE,18.36
2006,Slovakia,15-24,FEMALE,15.76
2006,Slovakia,15-24,MALE,12.16
2006,Slovakia,15-24,BOTHSEX,13.92
2007,Slovakia,15-24,MALE,10.02
2007,Slovakia,15-24,FEMALE,13.32
2007,Slovakia,15-24,BOTHSEX,11.63
2008,Slovakia,15-24,BOTHSEX,11.43
2008,Slovakia,15-24,FEMALE,13.14
2008,Slovakia,15-24,MALE,9.79
2013,Belgium,15-24,MALE,13.24
2014,Belgium,15-24,MALE,12.58
2014,Belgium,15-24,BOTHSEX,12.05
2014,Belgium,15-24,FEMALE,11.49
2015,Belgium,15-24,FEMALE,11.82
2015,Belgium,15-24,MALE,12.54
2015,Belgium,15-24,BOTHSEX,12.18
2016,Belgium,15-24,FEMALE,9.71
2016,Belgium,15-24,MALE,10.05
2009,Slovakia,15-24,BOTHSEX,12.96
2009,Slovakia,15-24,FEMALE,13.33
2009,Slovakia,15-24,MALE,12.6
2010,Slovakia,15-24,FEMALE,15.12
2010,Slovakia,15-24,MALE,14.04
2010,Slovakia,15-24,BOTHSEX,14.57
2011,Slovakia,15-24,FEMALE,14.46
2011,Slovakia,15-24,MALE,14.16
2011,Slovakia,15-24,BOTHSEX,14.31
2016,Belgium,15-24,BOTHSEX,9.89
2017,Belgium,15-24,MALE,10.27
2017,Belgium,15-24,FEMALE,9.43
2017,Belgium,15-24,BOTHSEX,9.85
2018,Belgium,15-24,BOTHSEX,9.8
2018,Belgium,15-24,FEMALE,10.02
2018,Belgium,15-24,MALE,9.59
2019,Belgium,15-24,FEMALE,8.72
2019,Belgium,15-24,MALE,9.76
2012,Slovakia,15-24,MALE,14.81
2012,Slovakia,15-24,BOTHSEX,14.37
2012,Slovakia,15-24,FEMALE,13.92
2013,Slovakia,15-24,MALE,14.5
2013,Slovakia,15-24,BOTHSEX,14.26
2013,Slovakia,15-24,FEMALE,14.0
2014,Slovakia,15-24,BOTHSEX,14.07
2014,Slovakia,15-24,FEMALE,14.39
2014,Slovakia,15-24,MALE,13.77
2015,Slovakia,15-24,BOTHSEX,13.97
2015,Slovakia,15-24,MALE,13.58
2015,Slovakia,15-24,FEMALE,14.38
2016,Slovakia,15-24,FEMALE,14.17
2016,Slovakia,15-24,BOTHSEX,12.69
2016,Slovakia,15-24,MALE,11.27
2017,Slovakia,15-24,BOTHSEX,12.33
2017,Slovakia,15-24,FEMALE,14.06
2017,Slovakia,15-24,MALE,10.67
2019,Belgium,15-24,BOTHSEX,9.25
2020,Belgium,15-24,MALE,10.45
2020,Belgium,15-24,FEMALE,9.52
2020,Belgium,15-24,BOTHSEX,9.99
2021,Belgium,15-24,MALE,7.6
2021,Belgium,15-24,FEMALE,5.67
2021,Belgium,15-24,BOTHSEX,6.65
2021,Bosnia and Herzegovina,15-24,FEMALE,20.63
2021,Bosnia and Herzegovina,15-24,BOTHSEX,20.16
2018,Slovakia,15-24,MALE,8.57
2018,Slovakia,15-24,FEMALE,12.33
2018,Slovakia,15-24,BOTHSEX,10.4
2019,Slovakia,15-24,BOTHSEX,10.48
2019,Slovakia,15-24,MALE,9.22
2019,Slovakia,15-24,FEMALE,11.8
2020,Slovakia,15-24,FEMALE,11.77
2020,Slovakia,15-24,BOTHSEX,10.75
2020,Slovakia,15-24,MALE,9.77
2021,Bosnia and Herzegovina,15-24,MALE,19.72
2004,Bulgaria,15-24,FEMALE,25.87
2004,Bulgaria,15-24,BOTHSEX,24.37
2004,Bulgaria,15-24,MALE,22.9
2005,Bulgaria,15-24,MALE,23.66
2005,Bulgaria,15-24,BOTHSEX,25.05
2005,Bulgaria,15-24,FEMALE,26.48
2006,Bulgaria,15-24,FEMALE,24.66
2006,Bulgaria,15-24,BOTHSEX,22.24
2021,Slovakia,15-24,FEMALE,11.49
2021,Slovakia,15-24,BOTHSEX,11.08
2021,Slovakia,15-24,MALE,10.68
2003,Slovenia,15-24,BOTHSEX,8.0
2003,Slovenia,15-24,MALE,7.93
2003,Slovenia,15-24,FEMALE,8.07
2004,Slovenia,15-24,FEMALE,8.31
2004,Slovenia,15-24,MALE,7.19
2004,Slovenia,15-24,BOTHSEX,7.73
2005,Slovenia,15-24,FEMALE,9.72
2005,Slovenia,15-24,MALE,8.19
2005,Slovenia,15-24,BOTHSEX,8.93
2006,Slovenia,15-24,MALE,8.41
2006,Slovenia,15-24,FEMALE,8.63
2006,Slovenia,15-24,BOTHSEX,8.52
2007,Slovenia,15-24,BOTHSEX,6.7
2007,Slovenia,15-24,MALE,6.8
2007,Slovenia,15-24,FEMALE,6.58
2006,Bulgaria,15-24,MALE,19.89
2007,Bulgaria,15-24,BOTHSEX,19.15
2007,Bulgaria,15-24,MALE,17.73
2007,Bulgaria,15-24,FEMALE,20.62
2008,Bulgaria,15-24,FEMALE,18.71
2008,Bulgaria,15-24,MALE,14.96
2008,Bulgaria,15-24,BOTHSEX,16.79
2009,Bulgaria,15-24,MALE,17.43
2009,Bulgaria,15-24,BOTHSEX,19.81
2008,Slovenia,15-24,BOTHSEX,6.5
2008,Slovenia,15-24,FEMALE,6.23
2008,Slovenia,15-24,MALE,6.73
2009,Slovenia,15-24,MALE,7.91
2009,Slovenia,15-24,BOTHSEX,7.46
2009,Slovenia,15-24,FEMALE,6.94
2010,Slovenia,15-24,FEMALE,6.0
2010,Slovenia,15-24,MALE,8.08
2010,Slovenia,15-24,BOTHSEX,7.11
2011,Slovenia,15-24,FEMALE,6.3
2011,Slovenia,15-24,BOTHSEX,7.08
2011,Slovenia,15-24,MALE,7.77
2012,Slovenia,15-24,MALE,9.69
2012,Slovenia,15-24,BOTHSEX,9.28
2012,Slovenia,15-24,FEMALE,8.8
2013,Slovenia,15-24,BOTHSEX,9.24
2013,Slovenia,15-24,FEMALE,8.56
2013,Slovenia,15-24,MALE,9.85
2014,Slovenia,15-24,FEMALE,9.15
2014,Slovenia,15-24,MALE,9.66
2014,Slovenia,15-24,BOTHSEX,9.42
2015,Slovenia,15-24,BOTHSEX,9.51
2015,Slovenia,15-24,FEMALE,9.05
2015,Slovenia,15-24,MALE,9.95
2016,Slovenia,15-24,FEMALE,6.95
2016,Slovenia,15-24,MALE,9.08
2016,Slovenia,15-24,BOTHSEX,8.03
2017,Slovenia,15-24,BOTHSEX,6.52
2017,Slovenia,15-24,MALE,6.75
2017,Slovenia,15-24,FEMALE,6.26
2018,Slovenia,15-24,FEMALE,7.22
2018,Slovenia,15-24,BOTHSEX,6.62
2018,Slovenia,15-24,MALE,6.08
2019,Slovenia,15-24,MALE,6.05
2019,Slovenia,15-24,FEMALE,8.14
2019,Slovenia,15-24,BOTHSEX,7.03
2009,Bulgaria,15-24,FEMALE,22.31
2010,Bulgaria,15-24,MALE,20.56
2010,Bulgaria,15-24,BOTHSEX,21.14
2010,Bulgaria,15-24,FEMALE,21.76
2011,Bulgaria,15-24,FEMALE,22.38
2011,Bulgaria,15-24,MALE,22.42
2011,Bulgaria,15-24,BOTHSEX,22.4
2012,Bulgaria,15-24,BOTHSEX,21.59
2012,Bulgaria,15-24,FEMALE,21.46
2020,Slovenia,15-24,MALE,6.93
2020,Slovenia,15-24,BOTHSEX,7.68
2020,Slovenia,15-24,FEMALE,8.53
2004,Spain,15-24,MALE,10.31
2004,Spain,15-24,FEMALE,13.29
2004,Spain,15-24,BOTHSEX,11.77
2005,Spain,15-24,BOTHSEX,12.96
2005,Spain,15-24,MALE,11.12
2005,Spain,15-24,FEMALE,14.9
2012,Bulgaria,15-24,MALE,21.71
2013,Bulgaria,15-24,MALE,21.27
2013,Bulgaria,15-24,FEMALE,20.62
2013,Bulgaria,15-24,BOTHSEX,20.95
2014,Bulgaria,15-24,BOTHSEX,20.19
2014,Bulgaria,15-24,MALE,19.53
2014,Bulgaria,15-24,FEMALE,20.89
2015,Bulgaria,15-24,FEMALE,19.19
2015,Bulgaria,15-24,MALE,17.8
2006,Spain,15-24,FEMALE,12.45
2006,Spain,15-24,BOTHSEX,11.12
2006,Spain,15-24,MALE,9.85
2007,Spain,15-24,BOTHSEX,10.85
2007,Spain,15-24,FEMALE,12.35
2007,Spain,15-24,MALE,9.44
2008,Spain,15-24,MALE,13.31
2008,Spain,15-24,BOTHSEX,13.24
2008,Spain,15-24,FEMALE,13.17
2009,Spain,15-24,MALE,18.56
2009,Spain,15-24,BOTHSEX,17.4
2009,Spain,15-24,FEMALE,16.18
2010,Spain,15-24,FEMALE,15.41
2010,Spain,15-24,BOTHSEX,17.13
2010,Spain,15-24,MALE,18.77
2011,Spain,15-24,MALE,18.65
2011,Spain,15-24,BOTHSEX,17.58
2011,Spain,15-24,FEMALE,16.48
2012,Spain,15-24,FEMALE,16.09
2012,Spain,15-24,BOTHSEX,16.84
2012,Spain,15-24,MALE,17.54
2013,Spain,15-24,FEMALE,16.78
2013,Spain,15-24,MALE,18.98
2013,Spain,15-24,BOTHSEX,17.9
2014,Spain,15-24,MALE,16.92
2014,Spain,15-24,FEMALE,14.53
2014,Spain,15-24,BOTHSEX,15.75
2015,Spain,15-24,BOTHSEX,14.6
2015,Spain,15-24,FEMALE,13.06
2015,Spain,15-24,MALE,16.06
2016,Spain,15-24,MALE,14.27
2016,Spain,15-24,FEMALE,13.29
2016,Spain,15-24,BOTHSEX,13.79
2017,Spain,15-24,FEMALE,11.66
2017,Spain,15-24,BOTHSEX,12.15
2017,Spain,15-24,MALE,12.62
2018,Spain,15-24,BOTHSEX,11.84
2018,Spain,15-24,FEMALE,11.19
2018,Spain,15-24,MALE,12.46
2019,Spain,15-24,MALE,11.96
2019,Spain,15-24,BOTHSEX,11.58
2019,Spain,15-24,FEMALE,11.19
2020,Spain,15-24,FEMALE,12.2
2020,Spain,15-24,BOTHSEX,13.68
2020,Spain,15-24,MALE,15.09
2021,Spain,15-24,FEMALE,9.74
2021,Spain,15-24,MALE,13.15
2021,Spain,15-24,BOTHSEX,11.48
2004,Sweden,15-24,BOTHSEX,10.27
2004,Sweden,15-24,MALE,10.39
2004,Sweden,15-24,FEMALE,10.15
2005,Sweden,15-24,FEMALE,14.0
2005,Sweden,15-24,MALE,15.06
2005,Sweden,15-24,BOTHSEX,14.54
2006,Sweden,15-24,MALE,9.63
2006,Sweden,15-24,BOTHSEX,9.35
2006,Sweden,15-24,FEMALE,9.06
2007,Sweden,15-24,FEMALE,7.48
2007,Sweden,15-24,BOTHSEX,7.54
2007,Sweden,15-24,MALE,7.59
2008,Sweden,15-24,BOTHSEX,7.87
2008,Sweden,15-24,MALE,7.53
2008,Sweden,15-24,FEMALE,8.23
2009,Sweden,15-24,BOTHSEX,9.64
2009,Sweden,15-24,MALE,9.79
2009,Sweden,15-24,FEMALE,9.48
2010,Sweden,15-24,BOTHSEX,7.79
2010,Sweden,15-24,MALE,7.9
2010,Sweden,15-24,FEMALE,7.67
2011,Sweden,15-24,MALE,7.71
2011,Sweden,15-24,BOTHSEX,7.64
2011,Sweden,15-24,FEMALE,7.57
2012,Sweden,15-24,MALE,7.96
2012,Sweden,15-24,BOTHSEX,7.9
2012,Sweden,15-24,FEMALE,7.83
2013,Sweden,15-24,BOTHSEX,7.52
2013,Sweden,15-24,FEMALE,7.19
2013,Sweden,15-24,MALE,7.82
2014,Sweden,15-24,BOTHSEX,7.25
2014,Sweden,15-24,MALE,7.61
2014,Sweden,15-24,FEMALE,6.87
2015,Sweden,15-24,MALE,7.01
2015,Sweden,15-24,BOTHSEX,6.81
2015,Sweden,15-24,FEMALE,6.6
2016,Sweden,15-24,BOTHSEX,6.59
2016,Sweden,15-24,FEMALE,6.18
2016,Sweden,15-24,MALE,6.97
2017,Sweden,15-24,FEMALE,6.27
2017,Sweden,15-24,BOTHSEX,6.27
2017,Sweden,15-24,MALE,6.27
2018,Sweden,15-24,BOTHSEX,6.17
2018,Sweden,15-24,FEMALE,5.99
2018,Sweden,15-24,MALE,6.35
2019,Sweden,15-24,MALE,5.63
2019,Sweden,15-24,FEMALE,5.41
2019,Sweden,15-24,BOTHSEX,5.53
2020,Sweden,15-24,MALE,6.61
2020,Sweden,15-24,BOTHSEX,6.52
2020,Sweden,15-24,FEMALE,6.41
2021,Sweden,15-24,FEMALE,4.67
2021,Sweden,15-24,MALE,5.44
2021,Sweden,15-24,BOTHSEX,5.07
2000,Switzerland,15-24,FEMALE,6.73
2000,Switzerland,15-24,BOTHSEX,5.76
2000,Switzerland,15-24,MALE,4.83
2001,Switzerland,15-24,MALE,6.62
2001,Switzerland,15-24,BOTHSEX,6.24
2001,Switzerland,15-24,FEMALE,5.85
2002,Switzerland,15-24,BOTHSEX,6.7
2002,Switzerland,15-24,MALE,7.14
2002,Switzerland,15-24,FEMALE,6.25
2003,Switzerland,15-24,MALE,8.13
2003,Switzerland,15-24,FEMALE,9.14
2003,Switzerland,15-24,BOTHSEX,8.63
2004,Switzerland,15-24,FEMALE,7.93
2004,Switzerland,15-24,MALE,8.02
2004,Switzerland,15-24,BOTHSEX,7.98
2005,Switzerland,15-24,MALE,8.72
2005,Switzerland,15-24,FEMALE,8.61
2005,Switzerland,15-24,BOTHSEX,8.67
2006,Switzerland,15-24,FEMALE,8.67
2006,Switzerland,15-24,BOTHSEX,8.57
2006,Switzerland,15-24,MALE,8.46
2007,Switzerland,15-24,BOTHSEX,7.86
2007,Switzerland,15-24,FEMALE,7.85
2007,Switzerland,15-24,MALE,7.86
2008,Switzerland,15-24,FEMALE,7.92
2008,Switzerland,15-24,MALE,8.13
2008,Switzerland,15-24,BOTHSEX,8.03
2009,Switzerland,15-24,FEMALE,8.13
2009,Switzerland,15-24,BOTHSEX,8.44
2009,Switzerland,15-24,MALE,8.73
2010,Switzerland,15-24,BOTHSEX,8.45
2010,Switzerland,15-24,MALE,8.15
2010,Switzerland,15-24,FEMALE,8.76
2011,Switzerland,15-24,BOTHSEX,7.91
2011,Switzerland,15-24,FEMALE,7.39
2011,Switzerland,15-24,MALE,8.4
2012,Switzerland,15-24,BOTHSEX,8.8
2012,Switzerland,15-24,FEMALE,7.97
2012,Switzerland,15-24,MALE,9.6
2013,Switzerland,15-24,BOTHSEX,9.58
2013,Switzerland,15-24,MALE,10.26
2013,Switzerland,15-24,FEMALE,8.88
2014,Switzerland,15-24,BOTHSEX,9.11
2014,Switzerland,15-24,FEMALE,8.13
2014,Switzerland,15-24,MALE,10.05
2015,Switzerland,15-24,BOTHSEX,9.35
2015,Switzerland,15-24,MALE,9.94
2015,Switzerland,15-24,FEMALE,8.73
2016,Switzerland,15-24,FEMALE,8.03
2016,Switzerland,15-24,BOTHSEX,8.67
2016,Switzerland,15-24,MALE,9.29
2017,Switzerland,15-24,MALE,9.3
2017,Switzerland,15-24,BOTHSEX,8.13
2017,Switzerland,15-24,FEMALE,6.91
2018,Switzerland,15-24,MALE,8.84
2018,Switzerland,15-24,FEMALE,6.96
2018,Switzerland,15-24,BOTHSEX,7.93
2019,Switzerland,15-24,FEMALE,5.87
2019,Switzerland,15-24,BOTHSEX,7.71
2019,Switzerland,15-24,MALE,9.45
2015,Bulgaria,15-24,BOTHSEX,18.47
2016,Bulgaria,15-24,BOTHSEX,18.2
2016,Bulgaria,15-24,MALE,16.83
2016,Bulgaria,15-24,FEMALE,19.64
2017,Bulgaria,15-24,BOTHSEX,15.85
2017,Bulgaria,15-24,MALE,13.74
2017,Bulgaria,15-24,FEMALE,18.07
2018,Bulgaria,15-24,BOTHSEX,13.84
2018,Bulgaria,15-24,FEMALE,15.8
2018,Bulgaria,15-24,MALE,11.99
2019,Bulgaria,15-24,MALE,13.31
2019,Bulgaria,15-24,FEMALE,13.91
2019,Bulgaria,15-24,BOTHSEX,13.6
2020,Bulgaria,15-24,BOTHSEX,14.78
2020,Bulgaria,15-24,FEMALE,15.42
2020,Bulgaria,15-24,MALE,14.16
2021,Bulgaria,15-24,BOTHSEX,13.77
2021,Bulgaria,15-24,MALE,13.36
2021,Bulgaria,15-24,FEMALE,14.2
2005,Croatia,15-24,MALE,17.36
2005,Croatia,15-24,BOTHSEX,16.72
2005,Croatia,15-24,FEMALE,16.03
2006,Croatia,15-24,BOTHSEX,14.18
2006,Croatia,15-24,FEMALE,14.48
2006,Croatia,15-24,MALE,13.9
2007,Croatia,15-24,BOTHSEX,12.87
2007,Croatia,15-24,FEMALE,13.34
2007,Croatia,15-24,MALE,12.4
2008,Croatia,15-24,FEMALE,12.01
2008,Croatia,15-24,MALE,11.25
2008,Croatia,15-24,BOTHSEX,11.62
2009,Croatia,15-24,FEMALE,13.49
2009,Croatia,15-24,BOTHSEX,13.5
2009,Croatia,15-24,MALE,13.51
2010,Croatia,15-24,FEMALE,14.13
2010,Croatia,15-24,MALE,17.14
2010,Croatia,15-24,BOTHSEX,15.67
2011,Croatia,15-24,BOTHSEX,16.22
2011,Croatia,15-24,MALE,17.76
2011,Croatia,15-24,FEMALE,14.61
2012,Croatia,15-24,MALE,17.92
2012,Croatia,15-24,BOTHSEX,16.59
2012,Croatia,15-24,FEMALE,15.2
2013,Croatia,15-24,BOTHSEX,19.63
2013,Croatia,15-24,FEMALE,18.61
2013,Croatia,15-24,MALE,20.61
2014,Croatia,15-24,MALE,21.89
2014,Croatia,15-24,FEMALE,16.65
2014,Croatia,15-24,BOTHSEX,19.33
2015,Croatia,15-24,FEMALE,15.59
2015,Croatia,15-24,BOTHSEX,18.12
2015,Croatia,15-24,MALE,20.53
2016,Croatia,15-24,MALE,19.05
2016,Croatia,15-24,BOTHSEX,16.9
2016,Croatia,15-24,FEMALE,14.64
2017,Croatia,15-24,FEMALE,15.26
2017,Croatia,15-24,MALE,15.44
2017,Croatia,15-24,BOTHSEX,15.35
2018,Croatia,15-24,BOTHSEX,13.57
2018,Croatia,15-24,FEMALE,13.99
2018,Croatia,15-24,MALE,13.18
2019,Croatia,15-24,FEMALE,12.13
2019,Croatia,15-24,MALE,11.44
2019,Croatia,15-24,BOTHSEX,11.78
2020,Croatia,15-24,BOTHSEX,12.24
2020,Croatia,15-24,FEMALE,12.3
2020,Croatia,15-24,MALE,12.19
2021,Croatia,15-24,MALE,12.15
2021,Croatia,15-24,BOTHSEX,12.69
2021,Croatia,15-24,FEMALE,13.27
2000,Cyprus,15-24,BOTHSEX,10.05
2000,Cyprus,15-24,MALE,5.67
2000,Cyprus,15-24,FEMALE,13.68
2001,Cyprus,15-24,BOTHSEX,7.77
2001,Cyprus,15-24,MALE,4.59
2001,Cyprus,15-24,FEMALE,10.59
2002,Cyprus,15-24,MALE,6.04
2002,Cyprus,15-24,FEMALE,10.44
2002,Cyprus,15-24,BOTHSEX,8.38
2003,Cyprus,15-24,MALE,6.27
2003,Cyprus,15-24,BOTHSEX,8.93
2003,Cyprus,15-24,FEMALE,11.29
2004,Cyprus,15-24,BOTHSEX,21.79
2004,Cyprus,15-24,MALE,18.05
2004,Cyprus,15-24,FEMALE,25.12
2005,Cyprus,15-24,MALE,17.28
2005,Cyprus,15-24,FEMALE,21.52
2005,Cyprus,15-24,BOTHSEX,19.52
2006,Cyprus,15-24,MALE,10.16
2006,Cyprus,15-24,BOTHSEX,10.73
2006,Cyprus,15-24,FEMALE,11.25
2007,Cyprus,15-24,MALE,8.33
2007,Cyprus,15-24,FEMALE,9.58
2007,Cyprus,15-24,BOTHSEX,8.99
2008,Cyprus,15-24,MALE,8.19
2008,Cyprus,15-24,FEMALE,10.92
2008,Cyprus,15-24,BOTHSEX,9.65
2009,Cyprus,15-24,BOTHSEX,9.9
2009,Cyprus,15-24,MALE,8.59
2009,Cyprus,15-24,FEMALE,11.08
2010,Cyprus,15-24,BOTHSEX,11.68
2010,Cyprus,15-24,MALE,10.39
2010,Cyprus,15-24,FEMALE,12.83
2011,Cyprus,15-24,MALE,15.14
2011,Cyprus,15-24,FEMALE,14.2
2011,Cyprus,15-24,BOTHSEX,14.64
2012,Cyprus,15-24,BOTHSEX,15.98
2012,Cyprus,15-24,MALE,17.79
2012,Cyprus,15-24,FEMALE,14.39
2013,Cyprus,15-24,BOTHSEX,18.67
2013,Cyprus,15-24,MALE,20.59
2013,Cyprus,15-24,FEMALE,16.99
2014,Cyprus,15-24,FEMALE,15.26
2014,Cyprus,15-24,BOTHSEX,17.01
2014,Cyprus,15-24,MALE,18.99
2015,Cyprus,15-24,FEMALE,14.73
2015,Cyprus,15-24,MALE,15.93
2015,Cyprus,15-24,BOTHSEX,15.3
2016,Cyprus,15-24,BOTHSEX,16.02
2016,Cyprus,15-24,MALE,15.02
2016,Cyprus,15-24,FEMALE,16.92
2017,Cyprus,15-24,FEMALE,16.04
2017,Cyprus,15-24,BOTHSEX,16.09
2017,Cyprus,15-24,MALE,16.15
2018,Cyprus,15-24,MALE,14.81
2018,Cyprus,15-24,FEMALE,11.69
2018,Cyprus,15-24,BOTHSEX,13.21
2019,Cyprus,15-24,MALE,14.22
2019,Cyprus,15-24,BOTHSEX,13.66
2019,Cyprus,15-24,FEMALE,13.16
2020,Cyprus,15-24,BOTHSEX,14.36
2020,Cyprus,15-24,MALE,15.3
2020,Cyprus,15-24,FEMALE,13.53
2021,Cyprus,15-24,MALE,13.85
2021,Cyprus,15-24,FEMALE,13.71
2021,Cyprus,15-24,BOTHSEX,13.77
2002,Czechia,15-24,FEMALE,18.01
2002,Czechia,15-24,BOTHSEX,14.63
2002,Czechia,15-24,MALE,11.4
2003,Czechia,15-24,BOTHSEX,13.96
2003,Czechia,15-24,MALE,11.22
2003,Czechia,15-24,FEMALE,16.83
2004,Czechia,15-24,FEMALE,15.8
2004,Czechia,15-24,BOTHSEX,13.82
2004,Czechia,15-24,MALE,11.93
2005,Czechia,15-24,BOTHSEX,13.41
2005,Czechia,15-24,FEMALE,15.61
2005,Czechia,15-24,MALE,11.3
2006,Czechia,15-24,MALE,7.6
2006,Czechia,15-24,BOTHSEX,9.49
2006,Czechia,15-24,FEMALE,11.46
2007,Czechia,15-24,FEMALE,9.31
2007,Czechia,15-24,BOTHSEX,7.1
2007,Czechia,15-24,MALE,5.01
2008,Czechia,15-24,FEMALE,8.86
2008,Czechia,15-24,BOTHSEX,6.82
2008,Czechia,15-24,MALE,4.89
2009,Czechia,15-24,BOTHSEX,8.61
2009,Czechia,15-24,FEMALE,9.97
2009,Czechia,15-24,MALE,7.32
2010,Czechia,15-24,MALE,7.66
2010,Czechia,15-24,BOTHSEX,9.04
2010,Czechia,15-24,FEMALE,10.51
2011,Czechia,15-24,MALE,7.57
2011,Czechia,15-24,FEMALE,9.92
2011,Czechia,15-24,BOTHSEX,8.72
2012,Czechia,15-24,MALE,8.43
2012,Czechia,15-24,FEMALE,10.07
2012,Czechia,15-24,BOTHSEX,9.23
2013,Czechia,15-24,BOTHSEX,9.45
2013,Czechia,15-24,MALE,7.91
2013,Czechia,15-24,FEMALE,11.07
2014,Czechia,15-24,BOTHSEX,8.42
2014,Czechia,15-24,FEMALE,10.24
2014,Czechia,15-24,MALE,6.67
2015,Czechia,15-24,MALE,5.77
2015,Czechia,15-24,BOTHSEX,7.72
2015,Czechia,15-24,FEMALE,9.76
2016,Czechia,15-24,BOTHSEX,7.15
2016,Czechia,15-24,MALE,5.67
2016,Czechia,15-24,FEMALE,8.71
2017,Czechia,15-24,MALE,4.48
2017,Czechia,15-24,BOTHSEX,6.4
2017,Czechia,15-24,FEMALE,8.43
2018,Czechia,15-24,FEMALE,7.96
2018,Czechia,15-24,BOTHSEX,5.74
2018,Czechia,15-24,MALE,3.63
2019,Czechia,15-24,FEMALE,8.37
2019,Czechia,15-24,MALE,3.41
2019,Czechia,15-24,BOTHSEX,5.82
2020,Czechia,15-24,BOTHSEX,6.68
2020,Czechia,15-24,FEMALE,9.17
2020,Czechia,15-24,MALE,4.33
2021,Czechia,15-24,FEMALE,8.42
2021,Czechia,15-24,MALE,4.9
2021,Czechia,15-24,BOTHSEX,6.61
2004,Denmark,15-24,MALE,4.95
2004,Denmark,15-24,BOTHSEX,5.92
2004,Denmark,15-24,FEMALE,6.88
2005,Denmark,15-24,FEMALE,5.15
2005,Denmark,15-24,MALE,3.59
2005,Denmark,15-24,BOTHSEX,4.36
2006,Denmark,15-24,FEMALE,3.96
2006,Denmark,15-24,BOTHSEX,3.7
2006,Denmark,15-24,MALE,3.45
2007,Denmark,15-24,FEMALE,3.84
2007,Denmark,15-24,MALE,4.79
2007,Denmark,15-24,BOTHSEX,4.33
2008,Denmark,15-24,MALE,5.3
2008,Denmark,15-24,BOTHSEX,5.21
2008,Denmark,15-24,FEMALE,5.12
2009,Denmark,15-24,BOTHSEX,6.48
2009,Denmark,15-24,MALE,7.03
2009,Denmark,15-24,FEMALE,5.91
2010,Denmark,15-24,FEMALE,6.21
2010,Denmark,15-24,BOTHSEX,6.86
2010,Denmark,15-24,MALE,7.48
2011,Denmark,15-24,BOTHSEX,7.19
2011,Denmark,15-24,MALE,7.19
2011,Denmark,15-24,FEMALE,7.18
2012,Denmark,15-24,FEMALE,7.33
2012,Denmark,15-24,BOTHSEX,7.35
2012,Denmark,15-24,MALE,7.36
2013,Denmark,15-24,MALE,6.89
2013,Denmark,15-24,FEMALE,6.36
2013,Denmark,15-24,BOTHSEX,6.63
2014,Denmark,15-24,MALE,6.8
2014,Denmark,15-24,BOTHSEX,6.39
2014,Denmark,15-24,FEMALE,5.97
2015,Denmark,15-24,FEMALE,6.93
2015,Denmark,15-24,MALE,7.13
2015,Denmark,15-24,BOTHSEX,7.03
2016,Denmark,15-24,BOTHSEX,6.72
2016,Denmark,15-24,MALE,7.5
2016,Denmark,15-24,FEMALE,5.91
2017,Denmark,15-24,MALE,7.53
2017,Denmark,15-24,BOTHSEX,7.58
2017,Denmark,15-24,FEMALE,7.63
2018,Denmark,15-24,BOTHSEX,7.68
2018,Denmark,15-24,FEMALE,7.6
2018,Denmark,15-24,MALE,7.76
2019,Denmark,15-24,MALE,7.99
2019,Denmark,15-24,BOTHSEX,7.72
2019,Denmark,15-24,FEMALE,7.44
2020,Denmark,15-24,FEMALE,7.18
2020,Denmark,15-24,BOTHSEX,7.44
2020,Denmark,15-24,MALE,7.7
2021,Denmark,15-24,MALE,7.07
2021,Denmark,15-24,FEMALE,7.15
2021,Denmark,15-24,BOTHSEX,7.11
2004,Estonia,15-24,MALE,14.4
2004,Estonia,15-24,BOTHSEX,15.56
2004,Estonia,15-24,FEMALE,16.77
2005,Estonia,15-24,BOTHSEX,10.94
2005,Estonia,15-24,FEMALE,14.03
2005,Estonia,15-24,MALE,7.97
2006,Estonia,15-24,MALE,7.09
2006,Estonia,15-24,FEMALE,11.36
2006,Estonia,15-24,BOTHSEX,9.18
2007,Estonia,15-24,FEMALE,10.06
2007,Estonia,15-24,BOTHSEX,9.38
2007,Estonia,15-24,MALE,8.74
2008,Estonia,15-24,FEMALE,9.71
2008,Estonia,15-24,BOTHSEX,9.17
2008,Estonia,15-24,MALE,8.65
2009,Estonia,15-24,MALE,14.66
2009,Estonia,15-24,FEMALE,14.58
2009,Estonia,15-24,BOTHSEX,14.62
2010,Estonia,15-24,FEMALE,13.4
2010,Estonia,15-24,BOTHSEX,14.07
2010,Estonia,15-24,MALE,14.72
2011,Estonia,15-24,FEMALE,11.3
2011,Estonia,15-24,MALE,11.76
2011,Estonia,15-24,BOTHSEX,11.54
2012,Estonia,15-24,MALE,11.22
2012,Estonia,15-24,BOTHSEX,12.3
2012,Estonia,15-24,FEMALE,13.39
2013,Estonia,15-24,BOTHSEX,11.42
2013,Estonia,15-24,FEMALE,12.04
2013,Estonia,15-24,MALE,10.81
2014,Estonia,15-24,BOTHSEX,12.04
2014,Estonia,15-24,MALE,12.43
2014,Estonia,15-24,FEMALE,11.63
2015,Estonia,15-24,FEMALE,12.77
2015,Estonia,15-24,BOTHSEX,10.84
2015,Estonia,15-24,MALE,8.96
2016,Estonia,15-24,BOTHSEX,9.2
2016,Estonia,15-24,FEMALE,11.68
2016,Estonia,15-24,MALE,6.77
2017,Estonia,15-24,BOTHSEX,9.42
2017,Estonia,15-24,MALE,8.35
2017,Estonia,15-24,FEMALE,10.51
2018,Estonia,15-24,FEMALE,8.86
2018,Estonia,15-24,MALE,10.81
2018,Estonia,15-24,BOTHSEX,9.85
2019,Estonia,15-24,MALE,6.59
2019,Estonia,15-24,FEMALE,7.28
2019,Estonia,15-24,BOTHSEX,6.94
2020,Estonia,15-24,MALE,7.96
2020,Estonia,15-24,BOTHSEX,8.84
2020,Estonia,15-24,FEMALE,9.74
2004,Finland,15-24,FEMALE,10.33
2004,Finland,15-24,BOTHSEX,9.83
2004,Finland,15-24,MALE,9.31
2005,Finland,15-24,MALE,8.05
2005,Finland,15-24,FEMALE,7.74
2005,Finland,15-24,BOTHSEX,7.9
2006,Finland,15-24,BOTHSEX,8.1
2006,Finland,15-24,FEMALE,8.73
2006,Finland,15-24,MALE,7.45
2007,Finland,15-24,FEMALE,8.53
2007,Finland,15-24,MALE,6.18
2007,Finland,15-24,BOTHSEX,7.36
2008,Finland,15-24,BOTHSEX,8.16
2008,Finland,15-24,FEMALE,8.05
2008,Finland,15-24,MALE,8.28
2009,Finland,15-24,BOTHSEX,9.47
2009,Finland,15-24,MALE,10.94
2009,Finland,15-24,FEMALE,8.01
2010,Finland,15-24,FEMALE,7.97
2010,Finland,15-24,BOTHSEX,8.65
2010,Finland,15-24,MALE,9.34
2011,Finland,15-24,MALE,8.43
2011,Finland,15-24,FEMALE,8.37
2011,Finland,15-24,BOTHSEX,8.4
2012,Finland,15-24,FEMALE,7.13
2012,Finland,15-24,BOTHSEX,7.71
2012,Finland,15-24,MALE,8.3
2013,Finland,15-24,MALE,10.68
2013,Finland,15-24,FEMALE,8.14
2013,Finland,15-24,BOTHSEX,9.41
2014,Finland,15-24,BOTHSEX,9.86
2014,Finland,15-24,FEMALE,8.7
2014,Finland,15-24,MALE,11.01
2015,Finland,15-24,MALE,12.16
2015,Finland,15-24,FEMALE,9.04
2015,Finland,15-24,BOTHSEX,10.59
2016,Finland,15-24,FEMALE,8.6
2016,Finland,15-24,BOTHSEX,9.24
2016,Finland,15-24,MALE,9.87
2017,Finland,15-24,MALE,9.45
2017,Finland,15-24,FEMALE,8.32
2017,Finland,15-24,BOTHSEX,8.89
2018,Finland,15-24,FEMALE,7.92
2018,Finland,15-24,BOTHSEX,7.75
2018,Finland,15-24,MALE,7.58
2019,Finland,15-24,MALE,7.47
2019,Finland,15-24,FEMALE,7.3
2019,Finland,15-24,BOTHSEX,7.39
2020,Finland,15-24,BOTHSEX,9.37
2020,Finland,15-24,FEMALE,8.46
2020,Finland,15-24,MALE,10.26
2021,Finland,15-24,BOTHSEX,8.49
2021,Finland,15-24,FEMALE,7.23
2021,Finland,15-24,MALE,9.75
2000,France,15-24,MALE,7.53
2000,France,15-24,BOTHSEX,8.58
2000,France,15-24,FEMALE,9.66
2001,France,15-24,FEMALE,9.63
2001,France,15-24,MALE,7.1
2001,France,15-24,BOTHSEX,8.35
2002,France,15-24,MALE,8.11
2002,France,15-24,BOTHSEX,8.91
2002,France,15-24,FEMALE,9.73
2003,France,15-24,MALE,12.53
2003,France,15-24,FEMALE,17.36
2003,France,15-24,BOTHSEX,14.96
2004,France,15-24,MALE,12.71
2004,France,15-24,FEMALE,18.0
2004,France,15-24,BOTHSEX,15.36
2005,France,15-24,FEMALE,12.06
2005,France,15-24,MALE,10.64
2005,France,15-24,BOTHSEX,11.35
2006,France,15-24,FEMALE,12.88
2006,France,15-24,MALE,10.69
2006,France,15-24,BOTHSEX,11.78
2007,France,15-24,MALE,10.34
2007,France,15-24,BOTHSEX,11.0
2007,France,15-24,FEMALE,11.66
2008,France,15-24,FEMALE,11.14
2008,France,15-24,MALE,10.59
2008,France,15-24,BOTHSEX,10.87
2009,France,15-24,BOTHSEX,14.34
2009,France,15-24,MALE,14.8
2009,France,15-24,FEMALE,13.87
2010,France,15-24,MALE,12.7
2010,France,15-24,BOTHSEX,12.88
2010,France,15-24,FEMALE,13.05
2011,France,15-24,BOTHSEX,12.41
2011,France,15-24,MALE,12.02
2011,France,15-24,FEMALE,12.82
2012,France,15-24,MALE,13.26
2012,France,15-24,FEMALE,12.42
2012,France,15-24,BOTHSEX,12.84
2013,France,15-24,FEMALE,13.22
2013,France,15-24,BOTHSEX,13.43
2013,France,15-24,MALE,13.65
2014,France,15-24,BOTHSEX,13.5
2014,France,15-24,FEMALE,12.86
2014,France,15-24,MALE,14.12
2015,France,15-24,FEMALE,13.13
2015,France,15-24,MALE,14.79
2015,France,15-24,BOTHSEX,13.97
2016,France,15-24,BOTHSEX,13.94
2016,France,15-24,FEMALE,13.53
2016,France,15-24,MALE,14.34
2017,France,15-24,MALE,14.3
2017,France,15-24,FEMALE,12.52
2017,France,15-24,BOTHSEX,13.43
2018,France,15-24,MALE,14.13
2018,France,15-24,FEMALE,12.01
2018,France,15-24,BOTHSEX,13.08
2019,France,15-24,MALE,13.17
2019,France,15-24,FEMALE,12.06
2019,France,15-24,BOTHSEX,12.62
2020,France,15-24,MALE,13.21
2020,France,15-24,BOTHSEX,12.7
2020,France,15-24,FEMALE,12.18
2021,France,15-24,MALE,12.54
2021,France,15-24,BOTHSEX,11.46
2021,France,15-24,FEMALE,10.35
2020,Georgia,15-24,MALE,28.71
2020,Georgia,15-24,FEMALE,28.32
2020,Georgia,15-24,BOTHSEX,28.53
2021,Georgia,15-24,FEMALE,26.84
2021,Georgia,15-24,BOTHSEX,26.81
2021,Georgia,15-24,MALE,26.78
2004,Germany,15-24,FEMALE,10.02
2004,Germany,15-24,MALE,9.77
2004,Germany,15-24,BOTHSEX,9.89
2005,Germany,15-24,FEMALE,11.83
2005,Germany,15-24,MALE,10.56
2005,Germany,15-24,BOTHSEX,11.18
2006,Germany,15-24,MALE,8.7
2006,Germany,15-24,FEMALE,10.67
2006,Germany,15-24,BOTHSEX,9.66
2007,Germany,15-24,MALE,9.02
2007,Germany,15-24,FEMALE,9.54
2007,Germany,15-24,BOTHSEX,9.27
2008,Germany,15-24,MALE,7.64
2008,Germany,15-24,FEMALE,8.79
2008,Germany,15-24,BOTHSEX,8.2
2009,Germany,15-24,MALE,7.17
2009,Germany,15-24,FEMALE,9.1
2009,Germany,15-24,BOTHSEX,8.12
2010,Germany,15-24,FEMALE,9.22
2010,Germany,15-24,BOTHSEX,8.3
2010,Germany,15-24,MALE,7.4
2011,Germany,15-24,BOTHSEX,8.08
2011,Germany,15-24,MALE,7.65
2011,Germany,15-24,FEMALE,8.52
2012,Germany,15-24,MALE,6.45
2012,Germany,15-24,FEMALE,7.96
2012,Germany,15-24,BOTHSEX,7.19
2013,Germany,15-24,BOTHSEX,6.4
2013,Germany,15-24,MALE,5.72
2013,Germany,15-24,FEMALE,7.12
2014,Germany,15-24,BOTHSEX,6.32
2014,Germany,15-24,FEMALE,7.07
2014,Germany,15-24,MALE,5.6
2015,Germany,15-24,FEMALE,7.02
2015,Germany,15-24,BOTHSEX,6.21
2015,Germany,15-24,MALE,5.45
2016,Germany,15-24,MALE,6.18
2016,Germany,15-24,BOTHSEX,6.74
2016,Germany,15-24,FEMALE,7.34
2017,Germany,15-24,MALE,7.34
2017,Germany,15-24,BOTHSEX,7.36
2017,Germany,15-24,FEMALE,7.38
2018,Germany,15-24,MALE,5.39
2018,Germany,15-24,BOTHSEX,5.92
2018,Germany,15-24,FEMALE,6.49
2019,Germany,15-24,MALE,5.09
2019,Germany,15-24,FEMALE,6.16
2019,Germany,15-24,BOTHSEX,5.61
2020,Germany,15-24,MALE,7.08
2020,Germany,15-24,FEMALE,7.48
2020,Germany,15-24,BOTHSEX,7.27
2021,Germany,15-24,FEMALE,7.7
2021,Germany,15-24,MALE,7.32
2021,Germany,15-24,BOTHSEX,7.5
2000,Greece,15-24,FEMALE,29.68
2000,Greece,15-24,MALE,20.37
2000,Greece,15-24,BOTHSEX,24.96
2001,Greece,15-24,MALE,20.63
2001,Greece,15-24,BOTHSEX,24.51
2001,Greece,15-24,FEMALE,28.49
2002,Greece,15-24,MALE,20.09
2002,Greece,15-24,FEMALE,27.99
2002,Greece,15-24,BOTHSEX,24.0
2003,Greece,15-24,BOTHSEX,29.11
2003,Greece,15-24,MALE,25.2
2003,Greece,15-24,FEMALE,33.09
2004,Greece,15-24,FEMALE,29.22
2004,Greece,15-24,BOTHSEX,24.52
2004,Greece,15-24,MALE,19.88
2005,Greece,15-24,FEMALE,26.07
2005,Greece,15-24,MALE,18.85
2005,Greece,15-24,BOTHSEX,22.44
2006,Greece,15-24,BOTHSEX,13.33
2006,Greece,15-24,MALE,9.73
2006,Greece,15-24,FEMALE,16.95
2007,Greece,15-24,FEMALE,16.47
2007,Greece,15-24,MALE,9.64
2007,Greece,15-24,BOTHSEX,13.05
2008,Greece,15-24,BOTHSEX,13.1
2008,Greece,15-24,MALE,10.39
2008,Greece,15-24,FEMALE,15.79
2009,Greece,15-24,MALE,10.61
2009,Greece,15-24,FEMALE,16.3
2009,Greece,15-24,BOTHSEX,13.47
2010,Greece,15-24,FEMALE,17.88
2010,Greece,15-24,MALE,13.62
2010,Greece,15-24,BOTHSEX,15.77
2011,Greece,15-24,FEMALE,19.82
2011,Greece,15-24,MALE,16.78
2011,Greece,15-24,BOTHSEX,18.31
2012,Greece,15-24,MALE,19.95
2012,Greece,15-24,FEMALE,22.3
2012,Greece,15-24,BOTHSEX,21.13
2013,Greece,15-24,MALE,21.48
2013,Greece,15-24,FEMALE,21.01
2013,Greece,15-24,BOTHSEX,21.24
2014,Greece,15-24,FEMALE,20.42
2014,Greece,15-24,BOTHSEX,19.87
2014,Greece,15-24,MALE,19.32
2015,Greece,15-24,BOTHSEX,17.9
2015,Greece,15-24,MALE,17.9
2015,Greece,15-24,FEMALE,17.89
2016,Greece,15-24,BOTHSEX,16.24
2016,Greece,15-24,MALE,16.3
2016,Greece,15-24,FEMALE,16.18
2017,Greece,15-24,MALE,15.58
2017,Greece,15-24,BOTHSEX,15.88
2017,Greece,15-24,FEMALE,16.18
2018,Greece,15-24,MALE,14.76
2018,Greece,15-24,BOTHSEX,14.69
2018,Greece,15-24,FEMALE,14.62
2019,Greece,15-24,FEMALE,13.12
2019,Greece,15-24,MALE,12.84
2019,Greece,15-24,BOTHSEX,12.98
2020,Greece,15-24,MALE,13.42
2020,Greece,15-24,BOTHSEX,13.53
2020,Greece,15-24,FEMALE,13.64
2021,Greece,15-24,BOTHSEX,12.05
2021,Greece,15-24,FEMALE,12.03
2021,Greece,15-24,MALE,12.07
2004,Hungary,15-24,MALE,10.33
2004,Hungary,15-24,FEMALE,14.45
2004,Hungary,15-24,BOTHSEX,12.38
2005,Hungary,15-24,MALE,16.8
2005,Hungary,15-24,FEMALE,20.82
2005,Hungary,15-24,BOTHSEX,18.79
2006,Hungary,15-24,BOTHSEX,12.43
2006,Hungary,15-24,FEMALE,13.86
2006,Hungary,15-24,MALE,11.03
2007,Hungary,15-24,FEMALE,13.03
2007,Hungary,15-24,MALE,9.92
2007,Hungary,15-24,BOTHSEX,11.46
2008,Hungary,15-24,BOTHSEX,11.46
2008,Hungary,15-24,FEMALE,12.91
2008,Hungary,15-24,MALE,10.06
2009,Hungary,15-24,BOTHSEX,13.61
2009,Hungary,15-24,MALE,12.72
2009,Hungary,15-24,FEMALE,14.52
2010,Hungary,15-24,BOTHSEX,12.56
2010,Hungary,15-24,FEMALE,13.43
2010,Hungary,15-24,MALE,11.71
2011,Hungary,15-24,MALE,12.14
2011,Hungary,15-24,FEMALE,14.33
2011,Hungary,15-24,BOTHSEX,13.21
2012,Hungary,15-24,MALE,13.65
2012,Hungary,15-24,FEMALE,15.98
2012,Hungary,15-24,BOTHSEX,14.78
2013,Hungary,15-24,MALE,13.61
2013,Hungary,15-24,BOTHSEX,15.47
2013,Hungary,15-24,FEMALE,17.41
2014,Hungary,15-24,FEMALE,15.31
2014,Hungary,15-24,BOTHSEX,13.62
2014,Hungary,15-24,MALE,12.01
2015,Hungary,15-24,MALE,10.42
2015,Hungary,15-24,BOTHSEX,11.58
2015,Hungary,15-24,FEMALE,12.79
2016,Hungary,15-24,FEMALE,13.35
2016,Hungary,15-24,BOTHSEX,11.05
2016,Hungary,15-24,MALE,8.86
2017,Hungary,15-24,MALE,7.91
2017,Hungary,15-24,FEMALE,14.33
2017,Hungary,15-24,BOTHSEX,11.04
2018,Hungary,15-24,MALE,7.6
2018,Hungary,15-24,FEMALE,14.02
2018,Hungary,15-24,BOTHSEX,10.73
2019,Hungary,15-24,FEMALE,13.19
2019,Hungary,15-24,BOTHSEX,11.0
2019,Hungary,15-24,MALE,8.92
2020,Hungary,15-24,BOTHSEX,11.71
2020,Hungary,15-24,MALE,9.46
2020,Hungary,15-24,FEMALE,14.09
2021,Hungary,15-24,MALE,8.18
2021,Hungary,15-24,BOTHSEX,10.61
2021,Hungary,15-24,FEMALE,13.17
2004,Iceland,15-24,MALE,5.31
2004,Iceland,15-24,FEMALE,9.68
2004,Iceland,15-24,BOTHSEX,7.45
2005,Iceland,15-24,BOTHSEX,5.04
2005,Iceland,15-24,FEMALE,5.05
2005,Iceland,15-24,MALE,5.03
2006,Iceland,15-24,BOTHSEX,5.09
2006,Iceland,15-24,FEMALE,5.98
2006,Iceland,15-24,MALE,4.27
2007,Iceland,15-24,FEMALE,5.14
2007,Iceland,15-24,BOTHSEX,4.36
2007,Iceland,15-24,MALE,3.64
2008,Iceland,15-24,BOTHSEX,5.07
2008,Iceland,15-24,MALE,4.75
2008,Iceland,15-24,FEMALE,5.42
2009,Iceland,15-24,FEMALE,7.23
2009,Iceland,15-24,BOTHSEX,8.7
2009,Iceland,15-24,MALE,10.08
2010,Iceland,15-24,BOTHSEX,7.86
2010,Iceland,15-24,FEMALE,7.81
2010,Iceland,15-24,MALE,7.91
2011,Iceland,15-24,MALE,8.12
2011,Iceland,15-24,FEMALE,6.16
2011,Iceland,15-24,BOTHSEX,7.16
2012,Iceland,15-24,FEMALE,5.58
2012,Iceland,15-24,BOTHSEX,6.63
2012,Iceland,15-24,MALE,7.6
2013,Iceland,15-24,FEMALE,4.92
2013,Iceland,15-24,MALE,7.88
2013,Iceland,15-24,BOTHSEX,6.46
2014,Iceland,15-24,BOTHSEX,6.55
2014,Iceland,15-24,FEMALE,5.72
2014,Iceland,15-24,MALE,7.33
2015,Iceland,15-24,MALE,7.14
2015,Iceland,15-24,BOTHSEX,5.34
2015,Iceland,15-24,FEMALE,3.47
2016,Iceland,15-24,FEMALE,4.2
2016,Iceland,15-24,MALE,5.43
2016,Iceland,15-24,BOTHSEX,4.84
2017,Iceland,15-24,BOTHSEX,4.66
2017,Iceland,15-24,MALE,5.0
2017,Iceland,15-24,FEMALE,4.28
2018,Iceland,15-24,FEMALE,5.82
2018,Iceland,15-24,MALE,5.5
2018,Iceland,15-24,BOTHSEX,5.65
2019,Iceland,15-24,BOTHSEX,5.62
2019,Iceland,15-24,MALE,7.4
2019,Iceland,15-24,FEMALE,3.68
2020,Iceland,15-24,BOTHSEX,7.72
2020,Iceland,15-24,MALE,8.91
2020,Iceland,15-24,FEMALE,6.45
2021,Iceland,15-24,BOTHSEX,6.97
2021,Iceland,15-24,MALE,8.25
2021,Iceland,15-24,FEMALE,5.6
2004,Ireland,15-24,MALE,9.21
2004,Ireland,15-24,FEMALE,11.56
2004,Ireland,15-24,BOTHSEX,10.37
2005,Ireland,15-24,BOTHSEX,10.53
2005,Ireland,15-24,MALE,9.58
2005,Ireland,15-24,FEMALE,11.5
2006,Ireland,15-24,MALE,8.51
2006,Ireland,15-24,FEMALE,10.32
2006,Ireland,15-24,BOTHSEX,9.4
2007,Ireland,15-24,MALE,9.82
2007,Ireland,15-24,FEMALE,10.32
2007,Ireland,15-24,BOTHSEX,10.07
2008,Ireland,15-24,FEMALE,11.43
2008,Ireland,15-24,BOTHSEX,12.52
2008,Ireland,15-24,MALE,13.61
2009,Ireland,15-24,MALE,21.54
2009,Ireland,15-24,BOTHSEX,18.3
2009,Ireland,15-24,FEMALE,15.06
2010,Ireland,15-24,BOTHSEX,19.45
2010,Ireland,15-24,MALE,22.18
2010,Ireland,15-24,FEMALE,16.7
2011,Ireland,15-24,BOTHSEX,19.16
2011,Ireland,15-24,MALE,21.72
2011,Ireland,15-24,FEMALE,16.57
2012,Ireland,15-24,MALE,21.87
2012,Ireland,15-24,FEMALE,16.48
2012,Ireland,15-24,BOTHSEX,19.2
2013,Ireland,15-24,FEMALE,15.16
2013,Ireland,15-24,BOTHSEX,16.44
2013,Ireland,15-24,MALE,17.68
2014,Ireland,15-24,MALE,15.79
2014,Ireland,15-24,FEMALE,14.76
2014,Ireland,15-24,BOTHSEX,15.29
2015,Ireland,15-24,BOTHSEX,14.29
2015,Ireland,15-24,FEMALE,12.91
2015,Ireland,15-24,MALE,15.62
2016,Ireland,15-24,MALE,13.55
2016,Ireland,15-24,FEMALE,11.67
2016,Ireland,15-24,BOTHSEX,12.63
2017,Ireland,15-24,BOTHSEX,10.98
2017,Ireland,15-24,MALE,11.41
2017,Ireland,15-24,FEMALE,10.53
2018,Ireland,15-24,FEMALE,9.95
2018,Ireland,15-24,BOTHSEX,10.11
2018,Ireland,15-24,MALE,10.27
2019,Ireland,15-24,FEMALE,9.96
2019,Ireland,15-24,MALE,10.4
2019,Ireland,15-24,BOTHSEX,10.18
2020,Ireland,15-24,BOTHSEX,12.1
2020,Ireland,15-24,MALE,12.78
2020,Ireland,15-24,FEMALE,11.41
2004,Italy,15-24,MALE,13.95
2004,Italy,15-24,FEMALE,18.8
2004,Italy,15-24,BOTHSEX,16.37
2005,Italy,15-24,FEMALE,19.06
2005,Italy,15-24,MALE,15.55
2005,Italy,15-24,BOTHSEX,17.28
2006,Italy,15-24,FEMALE,18.27
2006,Italy,15-24,MALE,15.4
2006,Italy,15-24,BOTHSEX,16.8
2007,Italy,15-24,FEMALE,17.18
2007,Italy,15-24,MALE,15.19
2007,Italy,15-24,BOTHSEX,16.16
2008,Italy,15-24,MALE,15.21
2008,Italy,15-24,BOTHSEX,16.59
2008,Italy,15-24,FEMALE,18.03
2009,Italy,15-24,FEMALE,18.16
2009,Italy,15-24,BOTHSEX,17.57
2009,Italy,15-24,MALE,17.0
2010,Italy,15-24,FEMALE,19.05
2010,Italy,15-24,MALE,18.95
2010,Italy,15-24,BOTHSEX,19.0
2011,Italy,15-24,FEMALE,19.94
2011,Italy,15-24,MALE,19.42
2011,Italy,15-24,BOTHSEX,19.67
2012,Italy,15-24,BOTHSEX,20.97
2012,Italy,15-24,FEMALE,20.84
2012,Italy,15-24,MALE,21.09
2013,Italy,15-24,BOTHSEX,22.17
2013,Italy,15-24,MALE,22.84
2013,Italy,15-24,FEMALE,21.45
2014,Italy,15-24,BOTHSEX,22.18
2014,Italy,15-24,FEMALE,21.48
2014,Italy,15-24,MALE,22.85
2015,Italy,15-24,MALE,21.97
2015,Italy,15-24,FEMALE,20.91
2015,Italy,15-24,BOTHSEX,21.46
2016,Italy,15-24,MALE,20.24
2016,Italy,15-24,BOTHSEX,19.97
2016,Italy,15-24,FEMALE,19.69
2017,Italy,15-24,FEMALE,19.92
2017,Italy,15-24,MALE,20.46
2017,Italy,15-24,BOTHSEX,20.2
2018,Italy,15-24,MALE,19.21
2018,Italy,15-24,BOTHSEX,19.36
2018,Italy,15-24,FEMALE,19.51
2019,Italy,15-24,BOTHSEX,18.24
2019,Italy,15-24,FEMALE,18.13
2019,Italy,15-24,MALE,18.34
2020,Italy,15-24,FEMALE,18.83
2020,Italy,15-24,BOTHSEX,19.02
2020,Italy,15-24,MALE,19.2
2021,Italy,15-24,MALE,19.55
2021,Italy,15-24,BOTHSEX,19.77
2021,Italy,15-24,FEMALE,20.0
2018,Kosovo,15-24,FEMALE,30.0
2018,Kosovo,15-24,MALE,30.7
2018,Kosovo,15-24,BOTHSEX,30.37
2019,Kosovo,15-24,MALE,31.65
2019,Kosovo,15-24,BOTHSEX,32.89
2019,Kosovo,15-24,FEMALE,34.27
2020,Kosovo,15-24,MALE,34.28
2020,Kosovo,15-24,BOTHSEX,33.75
2020,Kosovo,15-24,FEMALE,33.17
2021,Kosovo,15-24,FEMALE,32.44
2021,Kosovo,15-24,BOTHSEX,32.19
2021,Kosovo,15-24,MALE,31.96
2004,Latvia,15-24,MALE,8.35
2004,Latvia,15-24,BOTHSEX,12.34
2004,Latvia,15-24,FEMALE,16.43
2005,Latvia,15-24,MALE,8.86
2005,Latvia,15-24,FEMALE,12.97
2005,Latvia,15-24,BOTHSEX,10.89
2006,Latvia,15-24,MALE,7.93
2006,Latvia,15-24,BOTHSEX,11.46
2006,Latvia,15-24,FEMALE,15.11
2007,Latvia,15-24,FEMALE,14.43
2007,Latvia,15-24,MALE,9.54
2007,Latvia,15-24,BOTHSEX,11.94
2008,Latvia,15-24,FEMALE,13.52
2008,Latvia,15-24,MALE,10.18
2008,Latvia,15-24,BOTHSEX,11.82
2009,Latvia,15-24,FEMALE,16.32
2009,Latvia,15-24,MALE,18.62
2009,Latvia,15-24,BOTHSEX,17.49
2010,Latvia,15-24,MALE,18.7
2010,Latvia,15-24,BOTHSEX,17.81
2010,Latvia,15-24,FEMALE,16.9
2011,Latvia,15-24,MALE,16.07
2011,Latvia,15-24,FEMALE,16.0
2011,Latvia,15-24,BOTHSEX,16.03
2012,Latvia,15-24,MALE,15.14
2012,Latvia,15-24,FEMALE,14.64
2012,Latvia,15-24,BOTHSEX,14.89
2013,Latvia,15-24,BOTHSEX,13.03
2013,Latvia,15-24,MALE,12.64
2013,Latvia,15-24,FEMALE,13.45
2014,Latvia,15-24,MALE,11.31
2014,Latvia,15-24,FEMALE,12.78
2014,Latvia,15-24,BOTHSEX,12.02
2015,Latvia,15-24,BOTHSEX,10.52
2015,Latvia,15-24,FEMALE,11.73
2015,Latvia,15-24,MALE,9.37
2016,Latvia,15-24,FEMALE,9.71
2016,Latvia,15-24,BOTHSEX,11.21
2016,Latvia,15-24,MALE,12.63
2017,Latvia,15-24,FEMALE,11.87
2017,Latvia,15-24,BOTHSEX,11.96
2017,Latvia,15-24,MALE,12.04
2018,Latvia,15-24,BOTHSEX,7.9
2018,Latvia,15-24,FEMALE,7.09
2018,Latvia,15-24,MALE,8.66
2019,Latvia,15-24,MALE,9.84
2019,Latvia,15-24,FEMALE,8.61
2019,Latvia,15-24,BOTHSEX,9.24
2020,Latvia,15-24,BOTHSEX,8.55
2020,Latvia,15-24,MALE,8.55
2020,Latvia,15-24,FEMALE,8.54
2021,Latvia,15-24,FEMALE,8.91
2021,Latvia,15-24,BOTHSEX,8.69
2021,Latvia,15-24,MALE,8.48
2004,Lithuania,15-24,MALE,9.34
2004,Lithuania,15-24,BOTHSEX,9.88
2004,Lithuania,15-24,FEMALE,10.43
2005,Lithuania,15-24,FEMALE,9.32
2005,Lithuania,15-24,BOTHSEX,8.77
2005,Lithuania,15-24,MALE,8.23
2006,Lithuania,15-24,FEMALE,8.48
2006,Lithuania,15-24,MALE,8.16
2006,Lithuania,15-24,BOTHSEX,8.32
2007,Lithuania,15-24,FEMALE,7.88
2007,Lithuania,15-24,MALE,6.28
2007,Lithuania,15-24,BOTHSEX,7.07
2008,Lithuania,15-24,MALE,8.57
2008,Lithuania,15-24,FEMALE,9.14
2008,Lithuania,15-24,BOTHSEX,8.85
2009,Lithuania,15-24,MALE,13.65
2009,Lithuania,15-24,BOTHSEX,12.12
2009,Lithuania,15-24,FEMALE,10.54
2010,Lithuania,15-24,BOTHSEX,13.17
2010,Lithuania,15-24,FEMALE,11.6
2010,Lithuania,15-24,MALE,14.69
2011,Lithuania,15-24,MALE,13.14
2011,Lithuania,15-24,BOTHSEX,11.82
2011,Lithuania,15-24,FEMALE,10.45
2012,Lithuania,15-24,FEMALE,9.5
2012,Lithuania,15-24,BOTHSEX,11.17
2012,Lithuania,15-24,MALE,12.76
2013,Lithuania,15-24,BOTHSEX,11.14
2013,Lithuania,15-24,MALE,11.64
2013,Lithuania,15-24,FEMALE,10.62
2014,Lithuania,15-24,BOTHSEX,9.91
2014,Lithuania,15-24,FEMALE,10.34
2014,Lithuania,15-24,MALE,9.51
2015,Lithuania,15-24,BOTHSEX,9.2
2015,Lithuania,15-24,MALE,9.08
2015,Lithuania,15-24,FEMALE,9.32
2016,Lithuania,15-24,FEMALE,8.78
2016,Lithuania,15-24,BOTHSEX,9.41
2016,Lithuania,15-24,MALE,10.0
2017,Lithuania,15-24,MALE,9.07
2017,Lithuania,15-24,FEMALE,9.23
2017,Lithuania,15-24,BOTHSEX,9.15
2018,Lithuania,15-24,MALE,8.45
2018,Lithuania,15-24,BOTHSEX,8.04
2018,Lithuania,15-24,FEMALE,7.61
2019,Lithuania,15-24,BOTHSEX,8.65
2019,Lithuania,15-24,FEMALE,7.53
2019,Lithuania,15-24,MALE,9.71
2020,Lithuania,15-24,FEMALE,9.19
2020,Lithuania,15-24,MALE,12.25
2020,Lithuania,15-24,BOTHSEX,10.76
2021,Lithuania,15-24,BOTHSEX,11.31
2021,Lithuania,15-24,FEMALE,10.9
2021,Lithuania,15-24,MALE,11.7
2004,Luxembourg,15-24,BOTHSEX,6.25
2004,Luxembourg,15-24,FEMALE,7.93
2004,Luxembourg,15-24,MALE,4.63
2005,Luxembourg,15-24,BOTHSEX,5.5
2005,Luxembourg,15-24,MALE,4.27
2005,Luxembourg,15-24,FEMALE,6.74
2006,Luxembourg,15-24,BOTHSEX,6.69
2006,Luxembourg,15-24,MALE,6.08
2006,Luxembourg,15-24,FEMALE,7.31
2007,Luxembourg,15-24,FEMALE,6.58
2007,Luxembourg,15-24,BOTHSEX,5.66
2007,Luxembourg,15-24,MALE,4.74
2008,Luxembourg,15-24,BOTHSEX,6.21
2008,Luxembourg,15-24,MALE,4.61
2008,Luxembourg,15-24,FEMALE,7.83
2009,Luxembourg,15-24,FEMALE,6.35
2009,Luxembourg,15-24,BOTHSEX,6.12
2009,Luxembourg,15-24,MALE,5.9
2010,Luxembourg,15-24,MALE,5.67
2010,Luxembourg,15-24,FEMALE,4.75
2010,Luxembourg,15-24,BOTHSEX,5.21
2011,Luxembourg,15-24,BOTHSEX,5.0
2011,Luxembourg,15-24,FEMALE,5.4
2011,Luxembourg,15-24,MALE,4.61
2012,Luxembourg,15-24,MALE,6.09
2012,Luxembourg,15-24,BOTHSEX,5.73
2012,Luxembourg,15-24,FEMALE,5.37
2013,Luxembourg,15-24,BOTHSEX,5.54
2013,Luxembourg,15-24,MALE,5.99
2013,Luxembourg,15-24,FEMALE,5.08
2014,Luxembourg,15-24,MALE,7.53
2014,Luxembourg,15-24,BOTHSEX,6.18
2014,Luxembourg,15-24,FEMALE,4.83
2015,Luxembourg,15-24,BOTHSEX,5.81
2015,Luxembourg,15-24,MALE,6.18
2015,Luxembourg,15-24,FEMALE,5.42
2016,Luxembourg,15-24,MALE,5.62
2016,Luxembourg,15-24,BOTHSEX,6.22
2016,Luxembourg,15-24,FEMALE,6.84
2017,Luxembourg,15-24,FEMALE,5.82
2017,Luxembourg,15-24,MALE,6.56
2017,Luxembourg,15-24,BOTHSEX,6.19
2018,Luxembourg,15-24,MALE,4.46
2018,Luxembourg,15-24,FEMALE,6.78
2018,Luxembourg,15-24,BOTHSEX,5.6
2019,Luxembourg,15-24,BOTHSEX,4.77
2019,Luxembourg,15-24,MALE,5.08
2019,Luxembourg,15-24,FEMALE,4.45
2020,Luxembourg,15-24,MALE,8.21
2020,Luxembourg,15-24,FEMALE,5.15
2020,Luxembourg,15-24,BOTHSEX,6.71
2021,Luxembourg,15-24,BOTHSEX,9.83
2021,Luxembourg,15-24,FEMALE,8.59
2021,Luxembourg,15-24,MALE,10.99
2009,Malta,15-24,MALE,9.39
2009,Malta,15-24,BOTHSEX,9.88
2009,Malta,15-24,FEMALE,10.4
2010,Malta,15-24,FEMALE,10.92
2010,Malta,15-24,BOTHSEX,9.53
2010,Malta,15-24,MALE,8.22
2011,Malta,15-24,FEMALE,10.67
2011,Malta,15-24,MALE,9.71
2011,Malta,15-24,BOTHSEX,10.18
2012,Malta,15-24,BOTHSEX,10.82
2012,Malta,15-24,MALE,10.21
2012,Malta,15-24,FEMALE,11.46
2013,Malta,15-24,BOTHSEX,9.91
2013,Malta,15-24,MALE,9.74
2013,Malta,15-24,FEMALE,10.1
2014,Malta,15-24,FEMALE,11.87
2014,Malta,15-24,MALE,8.77
2014,Malta,15-24,BOTHSEX,10.27
2015,Malta,15-24,MALE,9.3
2015,Malta,15-24,BOTHSEX,10.54
2015,Malta,15-24,FEMALE,11.87
2016,Malta,15-24,FEMALE,10.8
2016,Malta,15-24,BOTHSEX,8.76
2016,Malta,15-24,MALE,6.85
2017,Malta,15-24,FEMALE,8.77
2017,Malta,15-24,BOTHSEX,8.59
2017,Malta,15-24,MALE,8.41
2018,Malta,15-24,FEMALE,7.76
2018,Malta,15-24,BOTHSEX,7.28
2018,Malta,15-24,MALE,6.85
2019,Malta,15-24,FEMALE,8.97
2019,Malta,15-24,BOTHSEX,8.56
2019,Malta,15-24,MALE,8.19
2020,Malta,15-24,FEMALE,7.98
2020,Malta,15-24,BOTHSEX,9.3
2020,Malta,15-24,MALE,10.48
2021,Malta,15-24,MALE,13.29
2021,Malta,15-24,BOTHSEX,13.5
2021,Malta,15-24,FEMALE,13.74
2006,Republic of Moldova,15-24,BOTHSEX,29.41
2006,Republic of Moldova,15-24,FEMALE,26.77
2006,Republic of Moldova,15-24,MALE,31.97
2007,Republic of Moldova,15-24,MALE,31.92
2007,Republic of Moldova,15-24,FEMALE,24.37
2007,Republic of Moldova,15-24,BOTHSEX,28.2
2008,Republic of Moldova,15-24,BOTHSEX,26.61
2008,Republic of Moldova,15-24,FEMALE,23.26
2008,Republic of Moldova,15-24,MALE,29.87
2009,Republic of Moldova,15-24,MALE,32.36
2009,Republic of Moldova,15-24,BOTHSEX,28.85
2009,Republic of Moldova,15-24,FEMALE,25.11
2010,Republic of Moldova,15-24,FEMALE,24.9
2010,Republic of Moldova,15-24,BOTHSEX,29.33
2010,Republic of Moldova,15-24,MALE,33.52
2011,Republic of Moldova,15-24,MALE,33.92
2011,Republic of Moldova,15-24,FEMALE,27.48
2011,Republic of Moldova,15-24,BOTHSEX,30.8
2012,Republic of Moldova,15-24,FEMALE,27.12
2012,Republic of Moldova,15-24,MALE,33.71
2012,Republic of Moldova,15-24,BOTHSEX,30.56
2013,Republic of Moldova,15-24,FEMALE,27.06
2013,Republic of Moldova,15-24,BOTHSEX,30.54
2013,Republic of Moldova,15-24,MALE,33.67
2014,Republic of Moldova,15-24,FEMALE,26.8
2014,Republic of Moldova,15-24,MALE,32.1
2014,Republic of Moldova,15-24,BOTHSEX,29.64
2015,Republic of Moldova,15-24,BOTHSEX,30.22
2015,Republic of Moldova,15-24,FEMALE,27.26
2015,Republic of Moldova,15-24,MALE,32.92
2016,Republic of Moldova,15-24,FEMALE,27.21
2016,Republic of Moldova,15-24,BOTHSEX,29.49
2016,Republic of Moldova,15-24,MALE,31.54
2017,Republic of Moldova,15-24,MALE,31.03
2017,Republic of Moldova,15-24,BOTHSEX,29.71
2017,Republic of Moldova,15-24,FEMALE,28.22
2018,Republic of Moldova,15-24,MALE,31.87
2018,Republic of Moldova,15-24,FEMALE,24.27
2018,Republic of Moldova,15-24,BOTHSEX,28.25
2019,Republic of Moldova,15-24,MALE,26.72
2019,Republic of Moldova,15-24,BOTHSEX,26.73
2019,Republic of Moldova,15-24,FEMALE,26.74
2020,Republic of Moldova,15-24,MALE,24.8
2020,Republic of Moldova,15-24,FEMALE,23.47
2020,Republic of Moldova,15-24,BOTHSEX,24.16
2021,Republic of Moldova,15-24,BOTHSEX,22.48
2021,Republic of Moldova,15-24,MALE,21.91
2021,Republic of Moldova,15-24,FEMALE,23.07
2004,Netherlands,15-24,FEMALE,5.07
2004,Netherlands,15-24,BOTHSEX,4.86
2004,Netherlands,15-24,MALE,4.65
2005,Netherlands,15-24,BOTHSEX,6.43
2005,Netherlands,15-24,MALE,6.35
2005,Netherlands,15-24,FEMALE,6.52
2006,Netherlands,15-24,MALE,5.03
2006,Netherlands,15-24,FEMALE,5.22
2006,Netherlands,15-24,BOTHSEX,5.12
2007,Netherlands,15-24,BOTHSEX,4.58
2007,Netherlands,15-24,FEMALE,5.24
2007,Netherlands,15-24,MALE,3.95
2008,Netherlands,15-24,FEMALE,5.08
2008,Netherlands,15-24,BOTHSEX,4.59
2008,Netherlands,15-24,MALE,4.12
2009,Netherlands,15-24,BOTHSEX,4.86
2009,Netherlands,15-24,MALE,5.14
2009,Netherlands,15-24,FEMALE,4.58
2010,Netherlands,15-24,FEMALE,4.48
2010,Netherlands,15-24,MALE,4.9
2010,Netherlands,15-24,BOTHSEX,4.69
2011,Netherlands,15-24,BOTHSEX,4.2
2011,Netherlands,15-24,MALE,4.22
2011,Netherlands,15-24,FEMALE,4.19
2012,Netherlands,15-24,FEMALE,5.36
2012,Netherlands,15-24,MALE,4.72
2012,Netherlands,15-24,BOTHSEX,5.04
2013,Netherlands,15-24,BOTHSEX,5.97
2013,Netherlands,15-24,FEMALE,6.18
2013,Netherlands,15-24,MALE,5.76
2014,Netherlands,15-24,BOTHSEX,5.83
2014,Netherlands,15-24,FEMALE,6.45
2014,Netherlands,15-24,MALE,5.23
2015,Netherlands,15-24,FEMALE,3.93
2015,Netherlands,15-24,MALE,4.5
2015,Netherlands,15-24,BOTHSEX,4.22
2016,Netherlands,15-24,BOTHSEX,4.59
2016,Netherlands,15-24,MALE,4.52
2016,Netherlands,15-24,FEMALE,4.68
2017,Netherlands,15-24,FEMALE,3.8
2017,Netherlands,15-24,MALE,4.55
2017,Netherlands,15-24,BOTHSEX,4.18
2018,Netherlands,15-24,BOTHSEX,4.03
2018,Netherlands,15-24,FEMALE,3.88
2018,Netherlands,15-24,MALE,4.16
2019,Netherlands,15-24,MALE,4.4
2019,Netherlands,15-24,BOTHSEX,4.26
2019,Netherlands,15-24,FEMALE,4.11
2020,Netherlands,15-24,BOTHSEX,4.67
2020,Netherlands,15-24,FEMALE,4.11
2020,Netherlands,15-24,MALE,5.21
2021,Netherlands,15-24,MALE,6.66
2021,Netherlands,15-24,BOTHSEX,6.3
2021,Netherlands,15-24,FEMALE,5.94
2004,Norway,15-24,FEMALE,9.56
2004,Norway,15-24,BOTHSEX,9.88
2004,Norway,15-24,MALE,10.2
2005,Norway,15-24,BOTHSEX,12.08
2005,Norway,15-24,MALE,12.75
2005,Norway,15-24,FEMALE,11.41
2006,Norway,15-24,FEMALE,5.74
2006,Norway,15-24,MALE,5.1
2006,Norway,15-24,BOTHSEX,5.41
2007,Norway,15-24,BOTHSEX,4.9
2007,Norway,15-24,FEMALE,4.94
2007,Norway,15-24,MALE,4.87
2008,Norway,15-24,MALE,4.44
2008,Norway,15-24,BOTHSEX,4.46
2008,Norway,15-24,FEMALE,4.48
2009,Norway,15-24,FEMALE,4.91
2009,Norway,15-24,MALE,5.87
2009,Norway,15-24,BOTHSEX,5.4
2010,Norway,15-24,MALE,6.11
2010,Norway,15-24,BOTHSEX,5.81
2010,Norway,15-24,FEMALE,5.49
2011,Norway,15-24,BOTHSEX,5.56
2011,Norway,15-24,FEMALE,5.3
2011,Norway,15-24,MALE,5.81
2012,Norway,15-24,BOTHSEX,6.23
2012,Norway,15-24,MALE,6.1
2012,Norway,15-24,FEMALE,6.38
2013,Norway,15-24,FEMALE,5.91
2013,Norway,15-24,MALE,6.39
2013,Norway,15-24,BOTHSEX,6.15
2014,Norway,15-24,FEMALE,6.46
2014,Norway,15-24,BOTHSEX,6.43
2014,Norway,15-24,MALE,6.4
2015,Norway,15-24,FEMALE,5.53
2015,Norway,15-24,MALE,6.91
2015,Norway,15-24,BOTHSEX,6.24
2016,Norway,15-24,MALE,6.69
2016,Norway,15-24,FEMALE,6.16
2016,Norway,15-24,BOTHSEX,6.43
2017,Norway,15-24,BOTHSEX,5.91
2017,Norway,15-24,MALE,6.14
2017,Norway,15-24,FEMALE,5.66
2018,Norway,15-24,MALE,6.16
2018,Norway,15-24,BOTHSEX,5.57
2018,Norway,15-24,FEMALE,4.94
2019,Norway,15-24,BOTHSEX,5.44
2019,Norway,15-24,MALE,5.69
2019,Norway,15-24,FEMALE,5.19
2020,Norway,15-24,FEMALE,5.14
2020,Norway,15-24,BOTHSEX,6.15
2020,Norway,15-24,MALE,7.1
2021,Norway,15-24,BOTHSEX,6.69
2021,Norway,15-24,MALE,7.4
2021,Norway,15-24,FEMALE,5.95
2004,Poland,15-24,BOTHSEX,14.48
2004,Poland,15-24,MALE,14.52
2004,Poland,15-24,FEMALE,14.45
2005,Poland,15-24,MALE,13.38
2005,Poland,15-24,BOTHSEX,13.91
2005,Poland,15-24,FEMALE,14.46
2006,Poland,15-24,MALE,12.13
2006,Poland,15-24,BOTHSEX,12.61
2006,Poland,15-24,FEMALE,13.11
2007,Poland,15-24,MALE,9.26
2007,Poland,15-24,FEMALE,11.94
2007,Poland,15-24,BOTHSEX,10.59
2008,Poland,15-24,MALE,7.29
2008,Poland,15-24,FEMALE,10.82
2008,Poland,15-24,BOTHSEX,9.04
2009,Poland,15-24,BOTHSEX,10.11
2009,Poland,15-24,MALE,9.4
2009,Poland,15-24,FEMALE,10.83
2010,Poland,15-24,FEMALE,11.01
2010,Poland,15-24,BOTHSEX,10.77
2010,Poland,15-24,MALE,10.54
2011,Poland,15-24,MALE,11.19
2011,Poland,15-24,FEMALE,11.84
2011,Poland,15-24,BOTHSEX,11.5
2012,Poland,15-24,BOTHSEX,11.82
2012,Poland,15-24,FEMALE,12.19
2012,Poland,15-24,MALE,11.47
2013,Poland,15-24,FEMALE,12.31
2013,Poland,15-24,MALE,12.13
2013,Poland,15-24,BOTHSEX,12.21
2014,Poland,15-24,BOTHSEX,11.98
2014,Poland,15-24,MALE,11.99
2014,Poland,15-24,FEMALE,11.96
2015,Poland,15-24,FEMALE,10.81
2015,Poland,15-24,MALE,11.15
2015,Poland,15-24,BOTHSEX,10.99
2016,Poland,15-24,FEMALE,11.08
2020,Switzerland,15-24,FEMALE,7.14
2020,Switzerland,15-24,BOTHSEX,8.62
2020,Switzerland,15-24,MALE,10.03
2021,Switzerland,15-24,BOTHSEX,9.89
2021,Switzerland,15-24,FEMALE,9.12
2021,Switzerland,15-24,MALE,10.61
2016,Poland,15-24,MALE,10.0
2016,Poland,15-24,BOTHSEX,10.52
2017,Poland,15-24,BOTHSEX,9.48
2017,Poland,15-24,FEMALE,10.7
2017,Poland,15-24,MALE,8.32
2018,Poland,15-24,MALE,7.3
2018,Poland,15-24,FEMALE,10.1
2018,Poland,15-24,BOTHSEX,8.66
2018,Poland,15-24,BOTHSEX,8.66
